Performance,counter,stats,for,'numactl,--localalloc,--physcpubind=0-7,./bowtie2,-p,8,-x,/tmp/data/indexes/HG_index_bowtie2/bowtie2_index,/tmp/data/datasets/NIST7086_CGTACTAG_L002_R2_001.fastq,-S,"/scratch/077-hpca4se-bioinf/jlenis/results/BOWTIE2-Localalloc/2592959.BOWTIE2-Localalloc.catwoman.t8.sam':
"
"S0";"cache-misses";"50,068,115,775"
"S0";"cycles";"14,214,089,624,447"
"S0";"instructions";"14,965,527,793,649"
"S0";"cs";"182,117"
"S0";"migrations";"1,634"
"S0";"faults";"58,593"
"S0";"supported>";"<not"
"S0";"idle-cycles-frontend";"1,618,786,256,202"
"S0";"idle-cycles-backend";"856,818,330,344"
"S0";"L1-dcache-loads";"6,215,147,207,825"
"S0";"L1-dcache-load-misses";"147,340,221,269"
"S0";"L1-dcache-stores";"174,596,160,630"
"S0";"supported>";"<not"
"S0";"L1-dcache-prefetch-misses";"0"
"S0";"L1-icache-load-misses";"50,115,342,189"
"S0";"LLC-loads";"225,216,629,554"
"S0";"LLC-stores";"37,381,096,683"
"S0";"supported>";"<not"
"S0";"dTLB-loads";"6,228,896,712,721"
"S0";"dTLB-load-misses";"4,866,418,404"
"S0";"supported>";"<not"
"S0";"supported>";"<not"
"S0";"iTLB-loads";"3,923,357,062,209"
"S0";"iTLB-load-misses";"239,392,501"
"S0";"branch-loads";"1,660,091,643,345"
"S0";"branch-load-misses";"69,328,205,080"
"S1";"cache-misses";"213,412,640"
"S1";"cycles";"67,626,486,327"
"S1";"instructions";"16,083,426,210"
"S1";"cs";"96,991"
"S1";"migrations";"1,296"
"S1";"faults";"37,883"
"S1";"supported>";"<not"
"S1";"idle-cycles-frontend";"511,003,361,050"
"S1";"idle-cycles-backend";"22,655,430,068"
"S1";"L1-dcache-loads";"6,864,248,679"
"S1";"L1-dcache-load-misses";"368,496,579"
"S1";"L1-dcache-stores";"438,149,534"
"S1";"supported>";"<not"
"S1";"L1-dcache-prefetch-misses";"0"
"S1";"L1-icache-load-misses";"264,047,248"
"S1";"LLC-loads";"928,080,070"
"S1";"LLC-stores";"317,933,629"
"S1";"supported>";"<not"
"S1";"dTLB-loads";"6,327,046,297"
"S1";"dTLB-load-misses";"238,714"
"S1";"supported>";"<not"
"S1";"supported>";"<not"
"S1";"iTLB-loads";"3,789,148,309"
"S1";"iTLB-load-misses";"134,548"
"S1";"branch-loads";"2,520,698,432"
"S1";"branch-load-misses";"28,130,722"
"S2";"cache-misses";"639,699,176"
"S2";"cycles";"82,156,454,191"
"S2";"instructions";"32,952,198,635"
"S2";"cs";"106,016"
"S2";"migrations";"5,309"
"S2";"faults";"32,722"
"S2";"supported>";"<not"
"S2";"idle-cycles-frontend";"464,662,112,997"
"S2";"idle-cycles-backend";"24,664,288,495"
"S2";"L1-dcache-loads";"17,990,375,258"
"S2";"L1-dcache-load-misses";"817,065,825"
"S2";"L1-dcache-stores";"919,456,117"
"S2";"supported>";"<not"
"S2";"L1-dcache-prefetch-misses";"0"
"S2";"L1-icache-load-misses";"642,106,208"
"S2";"LLC-loads";"1,581,114,710"
"S2";"LLC-stores";"342,182,399"
"S2";"supported>";"<not"
"S2";"dTLB-loads";"19,294,218,316"
"S2";"dTLB-load-misses";"686,590"
"S2";"supported>";"<not"
"S2";"supported>";"<not"
"S2";"iTLB-loads";"12,905,445,619"
"S2";"iTLB-load-misses";"108,439"
"S2";"branch-loads";"7,427,731,894"
"S2";"branch-load-misses";"210,796,971"
"S3";"cache-misses";"179,673,229"
"S3";"cycles";"73,111,216,134"
"S3";"instructions";"19,511,033,194"
"S3";"cs";"82,430"
"S3";"migrations";"1,132"
"S3";"faults";"56,245"
"S3";"supported>";"<not"
"S3";"idle-cycles-frontend";"642,505,146,152"
"S3";"idle-cycles-backend";"28,161,854,862"
"S3";"L1-dcache-loads";"10,990,153,757"
"S3";"L1-dcache-load-misses";"475,036,959"
"S3";"L1-dcache-stores";"508,913,227"
"S3";"supported>";"<not"
"S3";"L1-dcache-prefetch-misses";"0"
"S3";"L1-icache-load-misses";"200,186,733"
"S3";"LLC-loads";"609,630,942"
"S3";"LLC-stores";"312,166,694"
"S3";"supported>";"<not"
"S3";"dTLB-loads";"6,371,076,102"
"S3";"dTLB-load-misses";"736,620"
"S3";"supported>";"<not"
"S3";"supported>";"<not"
"S3";"iTLB-loads";"3,671,993,566"
"S3";"iTLB-load-misses";"826,011"
"S3";"branch-loads";"3,258,634,925"
"S3";"branch-load-misses";"34,638,456"
" ";"seconds time elapsed";"754.654775856";" "
Performance,counter,stats,for,'numactl,--localalloc,--physcpubind=0-15,./bowtie2,-p,16,-x,/tmp/data/indexes/HG_index_bowtie2/bowtie2_index,/tmp/data/datasets/NIST7086_CGTACTAG_L002_R2_001.fastq,-S,"/scratch/077-hpca4se-bioinf/jlenis/results/BOWTIE2-Localalloc/2592959.BOWTIE2-Localalloc.catwoman.t16.sam':
"
"S0";"cache-misses";"51,352,456,264"
"S0";"cycles";"19,580,575,841,830"
"S0";"instructions";"15,408,657,836,007"
"S0";"cs";"279,212"
"S0";"migrations";"967"
"S0";"faults";"77,742"
"S0";"supported>";"<not"
"S0";"idle-cycles-frontend";"5,564,835,792,154"
"S0";"idle-cycles-backend";"1,176,557,175,513"
"S0";"L1-dcache-loads";"6,567,864,323,417"
"S0";"L1-dcache-load-misses";"145,671,345,626"
"S0";"L1-dcache-stores";"172,791,929,526"
"S0";"supported>";"<not"
"S0";"L1-dcache-prefetch-misses";"0"
"S0";"L1-icache-load-misses";"51,909,901,117"
"S0";"LLC-loads";"225,544,895,638"
"S0";"LLC-stores";"38,898,356,685"
"S0";"supported>";"<not"
"S0";"dTLB-loads";"6,578,172,521,919"
"S0";"dTLB-load-misses";"5,780,138,756"
"S0";"supported>";"<not"
"S0";"supported>";"<not"
"S0";"iTLB-loads";"4,073,570,355,513"
"S0";"iTLB-load-misses";"208,105,249"
"S0";"branch-loads";"1,757,713,922,001"
"S0";"branch-load-misses";"70,758,284,950"
"S1";"cache-misses";"163,525,591"
"S1";"cycles";"74,099,980,116"
"S1";"instructions";"16,598,285,472"
"S1";"cs";"77,897"
"S1";"migrations";"1,240"
"S1";"faults";"26,181"
"S1";"supported>";"<not"
"S1";"idle-cycles-frontend";"582,160,280,234"
"S1";"idle-cycles-backend";"17,686,065,596"
"S1";"L1-dcache-loads";"5,592,077,490"
"S1";"L1-dcache-load-misses";"284,880,553"
"S1";"L1-dcache-stores";"311,338,702"
"S1";"supported>";"<not"
"S1";"L1-dcache-prefetch-misses";"0"
"S1";"L1-icache-load-misses";"164,017,076"
"S1";"LLC-loads";"517,883,429"
"S1";"LLC-stores";"299,296,432"
"S1";"supported>";"<not"
"S1";"dTLB-loads";"5,309,464,431"
"S1";"dTLB-load-misses";"186,071"
"S1";"supported>";"<not"
"S1";"supported>";"<not"
"S1";"iTLB-loads";"4,360,550,102"
"S1";"iTLB-load-misses";"134,470"
"S1";"branch-loads";"2,892,614,793"
"S1";"branch-load-misses";"24,788,417"
"S2";"cache-misses";"520,493,912"
"S2";"cycles";"105,435,067,287"
"S2";"instructions";"35,699,004,249"
"S2";"cs";"90,338"
"S2";"migrations";"7,858"
"S2";"faults";"25,104"
"S2";"supported>";"<not"
"S2";"idle-cycles-frontend";"744,345,110,945"
"S2";"idle-cycles-backend";"25,452,675,005"
"S2";"L1-dcache-loads";"17,315,968,694"
"S2";"L1-dcache-load-misses";"730,165,286"
"S2";"L1-dcache-stores";"701,907,545"
"S2";"supported>";"<not"
"S2";"L1-dcache-prefetch-misses";"0"
"S2";"L1-icache-load-misses";"456,861,922"
"S2";"LLC-loads";"1,334,423,216"
"S2";"LLC-stores";"392,280,685"
"S2";"supported>";"<not"
"S2";"dTLB-loads";"14,948,625,482"
"S2";"dTLB-load-misses";"500,138"
"S2";"supported>";"<not"
"S2";"supported>";"<not"
"S2";"iTLB-loads";"7,430,232,596"
"S2";"iTLB-load-misses";"129,026"
"S2";"branch-loads";"4,667,224,970"
"S2";"branch-load-misses";"144,049,431"
"S3";"cache-misses";"106,064,003"
"S3";"cycles";"39,660,618,440"
"S3";"instructions";"9,529,229,665"
"S3";"cs";"63,745"
"S3";"migrations";"964"
"S3";"faults";"42,299"
"S3";"supported>";"<not"
"S3";"idle-cycles-frontend";"340,218,395,803"
"S3";"idle-cycles-backend";"17,178,475,291"
"S3";"L1-dcache-loads";"5,807,149,773"
"S3";"L1-dcache-load-misses";"256,358,116"
"S3";"L1-dcache-stores";"278,676,223"
"S3";"supported>";"<not"
"S3";"L1-dcache-prefetch-misses";"0"
"S3";"L1-icache-load-misses";"114,692,391"
"S3";"LLC-loads";"392,187,220"
"S3";"LLC-stores";"314,707,339"
"S3";"supported>";"<not"
"S3";"dTLB-loads";"5,793,762,060"
"S3";"dTLB-load-misses";"583,837"
"S3";"supported>";"<not"
"S3";"supported>";"<not"
"S3";"iTLB-loads";"2,657,971,596"
"S3";"iTLB-load-misses";"628,537"
"S3";"branch-loads";"1,737,739,115"
"S3";"branch-load-misses";"26,061,027"
" ";"seconds time elapsed";"515.026439213";" "
Performance,counter,stats,for,'numactl,--localalloc,--physcpubind=0-31,./bowtie2,-p,32,-x,/tmp/data/indexes/HG_index_bowtie2/bowtie2_index,/tmp/data/datasets/NIST7086_CGTACTAG_L002_R2_001.fastq,-S,"/scratch/077-hpca4se-bioinf/jlenis/results/BOWTIE2-Localalloc/2592959.BOWTIE2-Localalloc.catwoman.t32.sam':
"
"S0";"cache-misses";"29,439,841,615"
"S0";"cycles";"14,990,552,579,199"
"S0";"instructions";"8,255,641,759,919"
"S0";"cs";"611,233"
"S0";"migrations";"39,007"
"S0";"faults";"66,333"
"S0";"supported>";"<not"
"S0";"idle-cycles-frontend";"6,492,774,803,914"
"S0";"idle-cycles-backend";"1,836,360,849,276"
"S0";"L1-dcache-loads";"3,559,791,044,280"
"S0";"L1-dcache-load-misses";"77,150,662,961"
"S0";"L1-dcache-stores";"93,707,450,228"
"S0";"supported>";"<not"
"S0";"L1-dcache-prefetch-misses";"0"
"S0";"L1-icache-load-misses";"29,732,358,181"
"S0";"LLC-loads";"123,698,137,437"
"S0";"LLC-stores";"20,989,336,599"
"S0";"supported>";"<not"
"S0";"dTLB-loads";"3,575,963,860,591"
"S0";"dTLB-load-misses";"3,430,958,242"
"S0";"supported>";"<not"
"S0";"supported>";"<not"
"S0";"iTLB-loads";"2,239,803,690,521"
"S0";"iTLB-load-misses";"116,197,240"
"S0";"branch-loads";"944,601,955,414"
"S0";"branch-load-misses";"38,286,786,455"
"S1";"cache-misses";"26,044,914,297"
"S1";"cycles";"16,210,735,721,007"
"S1";"instructions";"7,238,355,051,947"
"S1";"cs";"20,396,481"
"S1";"migrations";"5,090"
"S1";"faults";"79,850"
"S1";"supported>";"<not"
"S1";"idle-cycles-frontend";"5,699,031,781,379"
"S1";"idle-cycles-backend";"2,307,673,451,416"
"S1";"L1-dcache-loads";"3,131,738,315,072"
"S1";"L1-dcache-load-misses";"66,669,025,467"
"S1";"L1-dcache-stores";"80,526,502,795"
"S1";"supported>";"<not"
"S1";"L1-dcache-prefetch-misses";"0"
"S1";"L1-icache-load-misses";"26,077,903,386"
"S1";"LLC-loads";"106,867,209,468"
"S1";"LLC-stores";"18,227,596,951"
"S1";"supported>";"<not"
"S1";"dTLB-loads";"3,148,674,220,938"
"S1";"dTLB-load-misses";"3,115,792,007"
"S1";"supported>";"<not"
"S1";"supported>";"<not"
"S1";"iTLB-loads";"1,957,728,242,763"
"S1";"iTLB-load-misses";"114,131,275"
"S1";"branch-loads";"833,622,655,202"
"S1";"branch-load-misses";"33,269,574,653"
"S2";"cache-misses";"433,137,983"
"S2";"cycles";"79,069,455,240"
"S2";"instructions";"28,735,234,257"
"S2";"cs";"99,667"
"S2";"migrations";"8,591"
"S2";"faults";"38,602"
"S2";"supported>";"<not"
"S2";"idle-cycles-frontend";"484,541,341,389"
"S2";"idle-cycles-backend";"26,669,198,367"
"S2";"L1-dcache-loads";"14,348,793,399"
"S2";"L1-dcache-load-misses";"649,981,831"
"S2";"L1-dcache-stores";"676,002,391"
"S2";"supported>";"<not"
"S2";"L1-dcache-prefetch-misses";"0"
"S2";"L1-icache-load-misses";"412,639,546"
"S2";"LLC-loads";"1,098,032,954"
"S2";"LLC-stores";"358,504,608"
"S2";"supported>";"<not"
"S2";"dTLB-loads";"14,571,900,992"
"S2";"dTLB-load-misses";"902,044"
"S2";"supported>";"<not"
"S2";"supported>";"<not"
"S2";"iTLB-loads";"8,791,363,598"
"S2";"iTLB-load-misses";"252,922"
"S2";"branch-loads";"4,682,099,042"
"S2";"branch-load-misses";"126,619,974"
"S3";"cache-misses";"152,632,069"
"S3";"cycles";"74,996,544,519"
"S3";"instructions";"21,718,749,782"
"S3";"cs";"71,632"
"S3";"migrations";"1,740"
"S3";"faults";"42,417"
"S3";"supported>";"<not"
"S3";"idle-cycles-frontend";"543,857,460,763"
"S3";"idle-cycles-backend";"24,400,840,417"
"S3";"L1-dcache-loads";"7,095,127,954"
"S3";"L1-dcache-load-misses";"302,181,192"
"S3";"L1-dcache-stores";"346,983,023"
"S3";"supported>";"<not"
"S3";"L1-dcache-prefetch-misses";"0"
"S3";"L1-icache-load-misses";"143,733,718"
"S3";"LLC-loads";"550,017,007"
"S3";"LLC-stores";"374,183,141"
"S3";"supported>";"<not"
"S3";"dTLB-loads";"7,551,869,747"
"S3";"dTLB-load-misses";"460,977"
"S3";"supported>";"<not"
"S3";"supported>";"<not"
"S3";"iTLB-loads";"4,423,042,840"
"S3";"iTLB-load-misses";"482,200"
"S3";"branch-loads";"2,333,814,429"
"S3";"branch-load-misses";"26,989,234"
" ";"seconds time elapsed";"412.509974542";" "
Performance,counter,stats,for,'numactl,--localalloc,--physcpubind=0-47,./bowtie2,-p,48,-x,/tmp/data/indexes/HG_index_bowtie2/bowtie2_index,/tmp/data/datasets/NIST7086_CGTACTAG_L002_R2_001.fastq,-S,"/scratch/077-hpca4se-bioinf/jlenis/results/BOWTIE2-Localalloc/2592959.BOWTIE2-Localalloc.catwoman.t48.sam':
"
"S0";"cache-misses";"20,607,234,273"
"S0";"cycles";"12,753,527,039,841"
"S0";"instructions";"5,535,562,080,439"
"S0";"cs";"27,199,412"
"S0";"migrations";"5,125"
"S0";"faults";"33,656"
"S0";"supported>";"<not"
"S0";"idle-cycles-frontend";"7,176,222,320,279"
"S0";"idle-cycles-backend";"1,034,734,985,658"
"S0";"L1-dcache-loads";"2,440,802,613,554"
"S0";"L1-dcache-load-misses";"50,262,309,385"
"S0";"L1-dcache-stores";"62,631,692,433"
"S0";"supported>";"<not"
"S0";"L1-dcache-prefetch-misses";"0"
"S0";"L1-icache-load-misses";"20,943,208,483"
"S0";"LLC-loads";"84,001,583,982"
"S0";"LLC-stores";"13,979,356,252"
"S0";"supported>";"<not"
"S0";"dTLB-loads";"2,483,973,982,527"
"S0";"dTLB-load-misses";"2,483,877,171"
"S0";"supported>";"<not"
"S0";"supported>";"<not"
"S0";"iTLB-loads";"1,505,305,249,765"
"S0";"iTLB-load-misses";"93,257,894"
"S0";"branch-loads";"651,528,480,427"
"S0";"branch-load-misses";"25,528,450,523"
"S1";"cache-misses";"19,545,934,517"
"S1";"cycles";"13,002,099,498,791"
"S1";"instructions";"5,353,243,838,000"
"S1";"cs";"1,105,162"
"S1";"migrations";"3,903"
"S1";"faults";"134,023"
"S1";"supported>";"<not"
"S1";"idle-cycles-frontend";"6,782,009,876,684"
"S1";"idle-cycles-backend";"1,318,958,577,612"
"S1";"L1-dcache-loads";"2,337,934,827,738"
"S1";"L1-dcache-load-misses";"47,207,115,525"
"S1";"L1-dcache-stores";"58,664,456,948"
"S1";"supported>";"<not"
"S1";"L1-dcache-prefetch-misses";"0"
"S1";"L1-icache-load-misses";"19,703,051,303"
"S1";"LLC-loads";"78,837,910,422"
"S1";"LLC-stores";"12,789,124,752"
"S1";"supported>";"<not"
"S1";"dTLB-loads";"2,379,488,903,727"
"S1";"dTLB-load-misses";"2,399,237,792"
"S1";"supported>";"<not"
"S1";"supported>";"<not"
"S1";"iTLB-loads";"1,444,018,884,101"
"S1";"iTLB-load-misses";"95,341,184"
"S1";"branch-loads";"630,348,940,784"
"S1";"branch-load-misses";"24,631,857,897"
"S2";"cache-misses";"18,766,874,818"
"S2";"cycles";"12,227,329,534,951"
"S2";"instructions";"5,087,676,826,070"
"S2";"cs";"2,505,603"
"S2";"migrations";"4,098"
"S2";"faults";"45,342"
"S2";"supported>";"<not"
"S2";"idle-cycles-frontend";"7,222,074,605,454"
"S2";"idle-cycles-backend";"1,379,638,721,062"
"S2";"L1-dcache-loads";"2,203,520,369,465"
"S2";"L1-dcache-load-misses";"44,481,538,855"
"S2";"L1-dcache-stores";"55,494,541,734"
"S2";"supported>";"<not"
"S2";"L1-dcache-prefetch-misses";"0"
"S2";"L1-icache-load-misses";"18,913,701,817"
"S2";"LLC-loads";"75,058,273,340"
"S2";"LLC-stores";"11,857,211,234"
"S2";"supported>";"<not"
"S2";"dTLB-loads";"2,246,590,105,991"
"S2";"dTLB-load-misses";"2,005,902,595"
"S2";"supported>";"<not"
"S2";"supported>";"<not"
"S2";"iTLB-loads";"1,373,914,516,636"
"S2";"iTLB-load-misses";"82,333,993"
"S2";"branch-loads";"594,305,756,247"
"S2";"branch-load-misses";"23,074,557,247"
"S3";"cache-misses";"394,267,453"
"S3";"cycles";"88,521,687,425"
"S3";"instructions";"26,734,478,741"
"S3";"cs";"101,735"
"S3";"migrations";"3,996"
"S3";"faults";"80,337"
"S3";"supported>";"<not"
"S3";"idle-cycles-frontend";"607,764,558,282"
"S3";"idle-cycles-backend";"38,370,025,699"
"S3";"L1-dcache-loads";"12,634,477,349"
"S3";"L1-dcache-load-misses";"587,388,006"
"S3";"L1-dcache-stores";"651,646,883"
"S3";"supported>";"<not"
"S3";"L1-dcache-prefetch-misses";"0"
"S3";"L1-icache-load-misses";"356,682,309"
"S3";"LLC-loads";"1,068,466,377"
"S3";"LLC-stores";"381,085,523"
"S3";"supported>";"<not"
"S3";"dTLB-loads";"13,686,064,824"
"S3";"dTLB-load-misses";"868,985"
"S3";"supported>";"<not"
"S3";"supported>";"<not"
"S3";"iTLB-loads";"7,763,744,586"
"S3";"iTLB-load-misses";"623,952"
"S3";"branch-loads";"4,828,520,927"
"S3";"branch-load-misses";"123,634,556"
" ";"seconds time elapsed";"332.325531712";" "
Performance,counter,stats,for,'numactl,--localalloc,--physcpubind=0-63,./bowtie2,-p,64,-x,/tmp/data/indexes/HG_index_bowtie2/bowtie2_index,/tmp/data/datasets/NIST7086_CGTACTAG_L002_R2_001.fastq,-S,"/scratch/077-hpca4se-bioinf/jlenis/results/BOWTIE2-Localalloc/2592959.BOWTIE2-Localalloc.catwoman.t64.sam':
"
"S0";"cache-misses";"16,021,365,212"
"S0";"cycles";"18,748,008,647,779"
"S0";"instructions";"4,326,447,485,436"
"S0";"cs";"6,861,628"
"S0";"migrations";"5,596"
"S0";"faults";"191,505"
"S0";"supported>";"<not"
"S0";"idle-cycles-frontend";"14,267,746,339,207"
"S0";"idle-cycles-backend";"1,348,593,873,587"
"S0";"L1-dcache-loads";"1,930,516,393,968"
"S0";"L1-dcache-load-misses";"37,163,496,271"
"S0";"L1-dcache-stores";"45,756,278,785"
"S0";"supported>";"<not"
"S0";"L1-dcache-prefetch-misses";"0"
"S0";"L1-icache-load-misses";"16,124,950,881"
"S0";"LLC-loads";"62,482,025,664"
"S0";"LLC-stores";"9,971,396,858"
"S0";"supported>";"<not"
"S0";"dTLB-loads";"1,943,660,941,438"
"S0";"dTLB-load-misses";"1,724,095,612"
"S0";"supported>";"<not"
"S0";"supported>";"<not"
"S0";"iTLB-loads";"1,158,955,298,770"
"S0";"iTLB-load-misses";"73,521,436"
"S0";"branch-loads";"517,262,281,946"
"S0";"branch-load-misses";"19,356,506,342"
"S1";"cache-misses";"16,006,593,320"
"S1";"cycles";"18,844,643,879,820"
"S1";"instructions";"4,334,769,616,722"
"S1";"cs";"4,715,960"
"S1";"migrations";"2,029"
"S1";"faults";"65,196"
"S1";"supported>";"<not"
"S1";"idle-cycles-frontend";"14,099,134,106,462"
"S1";"idle-cycles-backend";"1,301,432,592,683"
"S1";"L1-dcache-loads";"1,916,351,236,846"
"S1";"L1-dcache-load-misses";"36,649,996,279"
"S1";"L1-dcache-stores";"45,644,855,243"
"S1";"supported>";"<not"
"S1";"L1-dcache-prefetch-misses";"0"
"S1";"L1-icache-load-misses";"16,157,119,448"
"S1";"LLC-loads";"62,826,393,750"
"S1";"LLC-stores";"10,078,167,889"
"S1";"supported>";"<not"
"S1";"dTLB-loads";"1,960,046,066,266"
"S1";"dTLB-load-misses";"1,694,335,097"
"S1";"supported>";"<not"
"S1";"supported>";"<not"
"S1";"iTLB-loads";"1,166,296,155,836"
"S1";"iTLB-load-misses";"72,236,196"
"S1";"branch-loads";"518,266,153,784"
"S1";"branch-load-misses";"19,483,056,800"
"S2";"cache-misses";"16,230,568,292"
"S2";"cycles";"18,633,328,805,761"
"S2";"instructions";"4,289,177,113,171"
"S2";"cs";"9,458,941"
"S2";"migrations";"1,603"
"S2";"faults";"36,161"
"S2";"supported>";"<not"
"S2";"idle-cycles-frontend";"13,985,109,181,763"
"S2";"idle-cycles-backend";"1,344,886,898,136"
"S2";"L1-dcache-loads";"1,908,761,765,887"
"S2";"L1-dcache-load-misses";"36,576,115,822"
"S2";"L1-dcache-stores";"45,655,487,669"
"S2";"supported>";"<not"
"S2";"L1-dcache-prefetch-misses";"0"
"S2";"L1-icache-load-misses";"16,381,885,984"
"S2";"LLC-loads";"63,049,896,856"
"S2";"LLC-stores";"9,996,812,276"
"S2";"supported>";"<not"
"S2";"dTLB-loads";"1,946,634,266,485"
"S2";"dTLB-load-misses";"1,700,417,535"
"S2";"supported>";"<not"
"S2";"supported>";"<not"
"S2";"iTLB-loads";"1,155,471,779,564"
"S2";"iTLB-load-misses";"70,028,321"
"S2";"branch-loads";"516,664,688,450"
"S2";"branch-load-misses";"19,265,937,803"
"S3";"cache-misses";"15,198,491,079"
"S3";"cycles";"18,786,798,301,410"
"S3";"instructions";"3,975,212,777,378"
"S3";"cs";"6,858,602"
"S3";"migrations";"2,155"
"S3";"faults";"70,221"
"S3";"supported>";"<not"
"S3";"idle-cycles-frontend";"14,641,041,605,062"
"S3";"idle-cycles-backend";"1,181,314,231,913"
"S3";"L1-dcache-loads";"1,769,762,166,721"
"S3";"L1-dcache-load-misses";"34,085,778,272"
"S3";"L1-dcache-stores";"42,165,782,367"
"S3";"supported>";"<not"
"S3";"L1-dcache-prefetch-misses";"0"
"S3";"L1-icache-load-misses";"15,272,320,120"
"S3";"LLC-loads";"58,374,625,783"
"S3";"LLC-stores";"9,513,365,436"
"S3";"supported>";"<not"
"S3";"dTLB-loads";"1,798,497,538,669"
"S3";"dTLB-load-misses";"1,557,559,868"
"S3";"supported>";"<not"
"S3";"supported>";"<not"
"S3";"iTLB-loads";"1,072,829,404,705"
"S3";"iTLB-load-misses";"65,008,500"
"S3";"branch-loads";"478,542,107,300"
"S3";"branch-load-misses";"17,921,852,840"
" ";"seconds time elapsed";"466.961028533";" "
