Performance,counter,stats,for,'numactl,--localalloc,"--physcpubind=0,4,8,12,16,20,24,28",bin/gem-mapper,-t,8,-I,/tmp/data/indexes/HG_index_GEM/index.gem,-i,/tmp/data/datasets/NIST7086_CGTACTAG_L002_R2_001.fastq,-o,"/scratch/077-hpca4se-bioinf/jlenis/results/GEM-Localalloc/2593008.GEM-Localalloc.penguin.t8.sam':
"
"S0";"cache-misses";"6,134,332,637"
"S0";"cycles";"2,553,511,489,405"
"S0";"instructions";"4,200,189,293,566"
"S0";"cs";"59,789"
"S0";"migrations";"185"
"S0";"faults";"86,607"
"S0";"bus-cycles";"125,816,556,631"
"S0";"idle-cycles-frontend";"3,454,894,329,095"
"S0";"idle-cycles-backend";"2,888,081,430,396"
"S0";"L1-dcache-loads";"1,048,374,485,793"
"S0";"L1-dcache-load-misses";"24,219,110,072"
"S0";"L1-dcache-stores";"448,372,139,116"
"S0";"L1-dcache-store-misses";"12,553,101,811"
"S0";"L1-dcache-prefetch-misses";"7,746,980,704"
"S0";"L1-icache-load-misses";"9,200,493,973"
"S0";"LLC-loads";"9,049,346,789"
"S0";"LLC-stores";"1,560,943,889"
"S0";"LLC-prefetches";"2,876,666,202"
"S0";"dTLB-loads";"1,106,464,352,763"
"S0";"dTLB-load-misses";"3,199,396,271"
"S0";"dTLB-stores";"469,164,780,288"
"S0";"dTLB-store-misses";"132,001,461"
"S0";"iTLB-loads";"116,542,988"
"S0";"iTLB-load-misses";"36,412,947"
"S0";"branch-loads";"374,197,646,288"
"S0";"branch-load-misses";"7,834,758,115"
"S1";"cache-misses";"69,884,212"
"S1";"cycles";"29,404,175,547"
"S1";"instructions";"11,071,693,193"
"S1";"cs";"40,372"
"S1";"migrations";"204"
"S1";"faults";"7,670"
"S1";"bus-cycles";"1,915,877,841"
"S1";"idle-cycles-frontend";"44,472,469,260"
"S1";"idle-cycles-backend";"40,992,809,654"
"S1";"L1-dcache-loads";"2,935,890,191"
"S1";"L1-dcache-load-misses";"196,866,504"
"S1";"L1-dcache-stores";"1,990,994,861"
"S1";"L1-dcache-store-misses";"36,790,455"
"S1";"L1-dcache-prefetch-misses";"90,181,422"
"S1";"L1-icache-load-misses";"170,697,621"
"S1";"LLC-loads";"140,714,186"
"S1";"LLC-stores";"29,033,162"
"S1";"LLC-prefetches";"62,282,365"
"S1";"dTLB-loads";"3,265,624,838"
"S1";"dTLB-load-misses";"102,087,303"
"S1";"dTLB-stores";"2,064,097,750"
"S1";"dTLB-store-misses";"14,287,501"
"S1";"iTLB-loads";"5,147,718"
"S1";"iTLB-load-misses";"3,500,747"
"S1";"branch-loads";"2,117,125,181"
"S1";"branch-load-misses";"40,250,703"
"S2";"cache-misses";"51,568,720"
"S2";"cycles";"25,617,054,082"
"S2";"instructions";"10,598,075,736"
"S2";"cs";"52,713"
"S2";"migrations";"446"
"S2";"faults";"6,389"
"S2";"bus-cycles";"1,403,069,271"
"S2";"idle-cycles-frontend";"38,907,723,712"
"S2";"idle-cycles-backend";"41,359,530,800"
"S2";"L1-dcache-loads";"2,163,859,838"
"S2";"L1-dcache-load-misses";"141,290,082"
"S2";"L1-dcache-stores";"1,560,945,561"
"S2";"L1-dcache-store-misses";"24,701,081"
"S2";"L1-dcache-prefetch-misses";"55,854,837"
"S2";"L1-icache-load-misses";"107,919,895"
"S2";"LLC-loads";"116,572,574"
"S2";"LLC-stores";"19,307,547"
"S2";"LLC-prefetches";"35,007,577"
"S2";"dTLB-loads";"3,037,429,707"
"S2";"dTLB-load-misses";"93,730,144"
"S2";"dTLB-stores";"1,802,770,330"
"S2";"dTLB-store-misses";"10,799,642"
"S2";"iTLB-loads";"1,357,503"
"S2";"iTLB-load-misses";"1,686,917"
"S2";"branch-loads";"2,344,728,337"
"S2";"branch-load-misses";"32,715,833"
"S3";"cache-misses";"43,697,263"
"S3";"cycles";"22,562,351,919"
"S3";"instructions";"11,248,175,217"
"S3";"cs";"33,592"
"S3";"migrations";"516"
"S3";"faults";"15,532"
"S3";"bus-cycles";"1,593,104,531"
"S3";"idle-cycles-frontend";"30,582,866,776"
"S3";"idle-cycles-backend";"29,318,567,816"
"S3";"L1-dcache-loads";"3,467,562,161"
"S3";"L1-dcache-load-misses";"268,796,653"
"S3";"L1-dcache-stores";"2,036,877,898"
"S3";"L1-dcache-store-misses";"45,374,808"
"S3";"L1-dcache-prefetch-misses";"84,198,886"
"S3";"L1-icache-load-misses";"210,293,652"
"S3";"LLC-loads";"134,909,922"
"S3";"LLC-stores";"20,352,478"
"S3";"LLC-prefetches";"49,286,530"
"S3";"dTLB-loads";"3,132,600,397"
"S3";"dTLB-load-misses";"71,312,611"
"S3";"dTLB-stores";"1,910,732,422"
"S3";"dTLB-store-misses";"9,514,043"
"S3";"iTLB-loads";"3,341,026"
"S3";"iTLB-load-misses";"3,163,152"
"S3";"branch-loads";"2,150,044,724"
"S3";"branch-load-misses";"53,170,587"
" ";"seconds time elapsed";"167.425101465";" "
Performance,counter,stats,for,'numactl,--localalloc,"--physcpubind=0,4,8,12,16,20,24,28,1,5,9,13,17,21,25,29",bin/gem-mapper,-t,16,-I,/tmp/data/indexes/HG_index_GEM/index.gem,-i,/tmp/data/datasets/NIST7086_CGTACTAG_L002_R2_001.fastq,-o,"/scratch/077-hpca4se-bioinf/jlenis/results/GEM-Localalloc/2593008.GEM-Localalloc.penguin.t16.sam':
"
"S0";"cache-misses";"3,198,381,869"
"S0";"cycles";"1,407,297,378,733"
"S0";"instructions";"2,066,014,023,563"
"S0";"cs";"69,754"
"S0";"migrations";"167"
"S0";"faults";"50,408"
"S0";"bus-cycles";"66,733,605,481"
"S0";"idle-cycles-frontend";"2,122,040,507,204"
"S0";"idle-cycles-backend";"1,835,494,596,722"
"S0";"L1-dcache-loads";"517,642,984,341"
"S0";"L1-dcache-load-misses";"11,925,032,584"
"S0";"L1-dcache-stores";"213,861,165,421"
"S0";"L1-dcache-store-misses";"6,222,898,763"
"S0";"L1-dcache-prefetch-misses";"3,837,288,496"
"S0";"L1-icache-load-misses";"4,143,010,619"
"S0";"LLC-loads";"4,413,020,160"
"S0";"LLC-stores";"881,631,590"
"S0";"LLC-prefetches";"1,332,574,541"
"S0";"dTLB-loads";"553,852,012,284"
"S0";"dTLB-load-misses";"1,267,963,194"
"S0";"dTLB-stores";"234,270,492,081"
"S0";"dTLB-store-misses";"31,960,248"
"S0";"iTLB-loads";"38,581,548"
"S0";"iTLB-load-misses";"17,043,372"
"S0";"branch-loads";"188,693,013,007"
"S0";"branch-load-misses";"4,138,762,333"
"S1";"cache-misses";"2,967,733,959"
"S1";"cycles";"1,685,806,857,386"
"S1";"instructions";"2,070,793,707,624"
"S1";"cs";"55,904"
"S1";"migrations";"128"
"S1";"faults";"57,867"
"S1";"bus-cycles";"72,639,777,504"
"S1";"idle-cycles-frontend";"2,638,343,407,515"
"S1";"idle-cycles-backend";"2,363,929,630,269"
"S1";"L1-dcache-loads";"543,256,769,541"
"S1";"L1-dcache-load-misses";"12,464,976,366"
"S1";"L1-dcache-stores";"229,856,445,007"
"S1";"L1-dcache-store-misses";"6,233,686,669"
"S1";"L1-dcache-prefetch-misses";"3,871,071,517"
"S1";"L1-icache-load-misses";"4,939,557,720"
"S1";"LLC-loads";"4,481,451,289"
"S1";"LLC-stores";"620,076,863"
"S1";"LLC-prefetches";"1,568,146,438"
"S1";"dTLB-loads";"560,499,429,057"
"S1";"dTLB-load-misses";"1,780,895,602"
"S1";"dTLB-stores";"233,985,118,888"
"S1";"dTLB-store-misses";"86,539,058"
"S1";"iTLB-loads";"45,639,601"
"S1";"iTLB-load-misses";"16,485,823"
"S1";"branch-loads";"184,865,720,097"
"S1";"branch-load-misses";"3,758,265,212"
"S2";"cache-misses";"22,495,086"
"S2";"cycles";"12,204,007,826"
"S2";"instructions";"7,039,066,473"
"S2";"cs";"54,086"
"S2";"migrations";"296"
"S2";"faults";"13,600"
"S2";"bus-cycles";"965,193,673"
"S2";"idle-cycles-frontend";"16,800,598,591"
"S2";"idle-cycles-backend";"13,853,871,841"
"S2";"L1-dcache-loads";"1,510,975,114"
"S2";"L1-dcache-load-misses";"68,649,239"
"S2";"L1-dcache-stores";"712,926,095"
"S2";"L1-dcache-store-misses";"9,285,995"
"S2";"L1-dcache-prefetch-misses";"21,948,846"
"S2";"L1-icache-load-misses";"86,315,020"
"S2";"LLC-loads";"56,073,527"
"S2";"LLC-stores";"9,306,417"
"S2";"LLC-prefetches";"15,818,687"
"S2";"dTLB-loads";"1,377,260,287"
"S2";"dTLB-load-misses";"52,326,399"
"S2";"dTLB-stores";"967,389,445"
"S2";"dTLB-store-misses";"5,913,583"
"S2";"iTLB-loads";"1,197,147"
"S2";"iTLB-load-misses";"1,610,874"
"S2";"branch-loads";"985,614,820"
"S2";"branch-load-misses";"32,192,444"
"S3";"cache-misses";"32,480,446"
"S3";"cycles";"14,828,672,629"
"S3";"instructions";"8,123,019,630"
"S3";"cs";"28,773"
"S3";"migrations";"375"
"S3";"faults";"17,860"
"S3";"bus-cycles";"1,157,657,734"
"S3";"idle-cycles-frontend";"28,839,536,849"
"S3";"idle-cycles-backend";"21,881,645,751"
"S3";"L1-dcache-loads";"2,482,546,739"
"S3";"L1-dcache-load-misses";"210,042,887"
"S3";"L1-dcache-stores";"1,550,011,458"
"S3";"L1-dcache-store-misses";"33,451,782"
"S3";"L1-dcache-prefetch-misses";"75,870,372"
"S3";"L1-icache-load-misses";"187,194,846"
"S3";"LLC-loads";"118,243,617"
"S3";"LLC-stores";"12,699,698"
"S3";"LLC-prefetches";"36,236,197"
"S3";"dTLB-loads";"2,737,832,675"
"S3";"dTLB-load-misses";"45,707,176"
"S3";"dTLB-stores";"1,412,001,205"
"S3";"dTLB-store-misses";"4,602,757"
"S3";"iTLB-loads";"1,998,425"
"S3";"iTLB-load-misses";"2,545,374"
"S3";"branch-loads";"1,679,879,907"
"S3";"branch-load-misses";"43,750,454"
" ";"seconds time elapsed";"119.204008672";" "
Performance,counter,stats,for,'numactl,--localalloc,"--physcpubind=0,4,8,12,16,20,24,28,32,36,40,44,48,52,56,60,1,5,9,13,17,21,25,29,33,37,41,45,49,53,57,61",bin/gem-mapper,-t,32,-I,/tmp/data/indexes/HG_index_GEM/index.gem,-i,/tmp/data/datasets/NIST7086_CGTACTAG_L002_R2_001.fastq,-o,"/scratch/077-hpca4se-bioinf/jlenis/results/GEM-Localalloc/2593008.GEM-Localalloc.penguin.t32.sam':
"
"S0";"cache-misses";"3,312,413,486"
"S0";"cycles";"2,090,817,408,425"
"S0";"instructions";"1,957,103,721,023"
"S0";"cs";"53,534"
"S0";"migrations";"3,258"
"S0";"faults";"72,235"
"S0";"bus-cycles";"92,676,278,314"
"S0";"idle-cycles-frontend";"1,587,871,755,561"
"S0";"idle-cycles-backend";"1,032,615,452,815"
"S0";"L1-dcache-loads";"498,976,198,889"
"S0";"L1-dcache-load-misses";"13,191,496,936"
"S0";"L1-dcache-stores";"209,112,557,243"
"S0";"L1-dcache-store-misses";"6,904,970,133"
"S0";"L1-dcache-prefetch-misses";"4,296,082,971"
"S0";"L1-icache-load-misses";"4,907,099,951"
"S0";"LLC-loads";"4,176,044,902"
"S0";"LLC-stores";"895,464,262"
"S0";"LLC-prefetches";"2,105,751,342"
"S0";"dTLB-loads";"502,954,044,239"
"S0";"dTLB-load-misses";"1,343,679,573"
"S0";"dTLB-stores";"210,563,094,516"
"S0";"dTLB-store-misses";"41,668,173"
"S0";"iTLB-loads";"644,921,823"
"S0";"iTLB-load-misses";"129,558,738"
"S0";"branch-loads";"179,564,128,185"
"S0";"branch-load-misses";"3,726,133,246"
"S1";"cache-misses";"4,473,178,662"
"S1";"cycles";"2,672,003,209,582"
"S1";"instructions";"2,676,760,970,898"
"S1";"cs";"46,695"
"S1";"migrations";"1,467"
"S1";"faults";"83,305"
"S1";"bus-cycles";"115,344,827,756"
"S1";"idle-cycles-frontend";"2,105,997,070,136"
"S1";"idle-cycles-backend";"1,339,465,072,156"
"S1";"L1-dcache-loads";"660,987,711,766"
"S1";"L1-dcache-load-misses";"19,462,087,655"
"S1";"L1-dcache-stores";"291,235,033,280"
"S1";"L1-dcache-store-misses";"9,051,962,127"
"S1";"L1-dcache-prefetch-misses";"6,504,009,040"
"S1";"L1-icache-load-misses";"6,462,670,817"
"S1";"LLC-loads";"7,289,069,044"
"S1";"LLC-stores";"1,782,014,203"
"S1";"LLC-prefetches";"3,591,662,780"
"S1";"dTLB-loads";"696,600,843,192"
"S1";"dTLB-load-misses";"3,232,808,740"
"S1";"dTLB-stores";"334,942,908,886"
"S1";"dTLB-store-misses";"378,941,635"
"S1";"iTLB-loads";"756,507,968"
"S1";"iTLB-load-misses";"220,071,724"
"S1";"branch-loads";"272,388,677,617"
"S1";"branch-load-misses";"4,484,419,152"
"S2";"cache-misses";"32,803,755"
"S2";"cycles";"17,378,513,538"
"S2";"instructions";"8,661,494,317"
"S2";"cs";"63,433"
"S2";"migrations";"352"
"S2";"faults";"11,592"
"S2";"bus-cycles";"1,451,404,320"
"S2";"idle-cycles-frontend";"29,175,679,653"
"S2";"idle-cycles-backend";"27,461,737,167"
"S2";"L1-dcache-loads";"2,906,241,465"
"S2";"L1-dcache-load-misses";"130,990,267"
"S2";"L1-dcache-stores";"1,803,745,703"
"S2";"L1-dcache-store-misses";"23,980,109"
"S2";"L1-dcache-prefetch-misses";"49,177,850"
"S2";"L1-icache-load-misses";"188,782,703"
"S2";"LLC-loads";"81,322,095"
"S2";"LLC-stores";"15,242,245"
"S2";"LLC-prefetches";"31,791,243"
"S2";"dTLB-loads";"2,827,395,499"
"S2";"dTLB-load-misses";"85,730,640"
"S2";"dTLB-stores";"1,706,862,375"
"S2";"dTLB-store-misses";"9,374,456"
"S2";"iTLB-loads";"1,508,560"
"S2";"iTLB-load-misses";"1,914,986"
"S2";"branch-loads";"1,623,673,658"
"S2";"branch-load-misses";"37,932,821"
"S3";"cache-misses";"54,497,703"
"S3";"cycles";"23,016,259,715"
"S3";"instructions";"13,278,469,705"
"S3";"cs";"52,678"
"S3";"migrations";"1,426"
"S3";"faults";"15,692"
"S3";"bus-cycles";"1,819,999,026"
"S3";"idle-cycles-frontend";"38,426,964,647"
"S3";"idle-cycles-backend";"35,000,016,274"
"S3";"L1-dcache-loads";"4,088,020,507"
"S3";"L1-dcache-load-misses";"357,712,449"
"S3";"L1-dcache-stores";"2,575,995,146"
"S3";"L1-dcache-store-misses";"58,524,694"
"S3";"L1-dcache-prefetch-misses";"152,834,269"
"S3";"L1-icache-load-misses";"246,452,082"
"S3";"LLC-loads";"178,928,213"
"S3";"LLC-stores";"19,029,603"
"S3";"LLC-prefetches";"78,545,961"
"S3";"dTLB-loads";"3,724,567,357"
"S3";"dTLB-load-misses";"69,667,229"
"S3";"dTLB-stores";"2,293,851,885"
"S3";"dTLB-store-misses";"7,712,991"
"S3";"iTLB-loads";"2,993,346"
"S3";"iTLB-load-misses";"4,575,679"
"S3";"branch-loads";"2,533,987,825"
"S3";"branch-load-misses";"68,392,942"
" ";"seconds time elapsed";"207.728482067";" "
Performance,counter,stats,for,'numactl,--localalloc,"--physcpubind=0,4,8,12,16,20,24,28,32,36,40,44,48,52,56,60,1,5,9,13,17,21,25,29,33,37,41,45,49,53,57,61,2,6,10,14,18,22,26,30,34,38,42,46,50,54,58,62",bin/gem-mapper,-t,48,-I,/tmp/data/indexes/HG_index_GEM/index.gem,-i,/tmp/data/datasets/NIST7086_CGTACTAG_L002_R2_001.fastq,-o,"/scratch/077-hpca4se-bioinf/jlenis/results/GEM-Localalloc/2593008.GEM-Localalloc.penguin.t48.sam':
"
"S0";"cache-misses";"2,385,900,448"
"S0";"cycles";"1,481,382,163,858"
"S0";"instructions";"1,324,988,334,709"
"S0";"cs";"74,478"
"S0";"migrations";"2,502"
"S0";"faults";"47,579"
"S0";"bus-cycles";"62,513,453,107"
"S0";"idle-cycles-frontend";"1,015,580,615,368"
"S0";"idle-cycles-backend";"670,378,517,241"
"S0";"L1-dcache-loads";"340,944,551,101"
"S0";"L1-dcache-load-misses";"9,597,587,575"
"S0";"L1-dcache-stores";"150,665,322,639"
"S0";"L1-dcache-store-misses";"5,182,697,186"
"S0";"L1-dcache-prefetch-misses";"3,136,362,187"
"S0";"L1-icache-load-misses";"4,434,802,189"
"S0";"LLC-loads";"3,496,888,917"
"S0";"LLC-stores";"906,002,253"
"S0";"LLC-prefetches";"1,840,582,109"
"S0";"dTLB-loads";"374,113,626,947"
"S0";"dTLB-load-misses";"1,476,647,621"
"S0";"dTLB-stores";"160,959,592,183"
"S0";"dTLB-store-misses";"90,741,264"
"S0";"iTLB-loads";"480,846,091"
"S0";"iTLB-load-misses";"93,243,251"
"S0";"branch-loads";"122,239,407,868"
"S0";"branch-load-misses";"2,520,317,269"
"S1";"cache-misses";"2,682,964,742"
"S1";"cycles";"1,563,145,372,747"
"S1";"instructions";"1,485,855,210,262"
"S1";"cs";"72,969"
"S1";"migrations";"1,881"
"S1";"faults";"61,848"
"S1";"bus-cycles";"66,814,299,399"
"S1";"idle-cycles-frontend";"1,081,913,217,142"
"S1";"idle-cycles-backend";"649,475,858,083"
"S1";"L1-dcache-loads";"370,424,924,543"
"S1";"L1-dcache-load-misses";"10,731,488,783"
"S1";"L1-dcache-stores";"156,887,494,228"
"S1";"L1-dcache-store-misses";"5,582,203,546"
"S1";"L1-dcache-prefetch-misses";"3,310,250,525"
"S1";"L1-icache-load-misses";"3,893,875,771"
"S1";"LLC-loads";"3,489,989,206"
"S1";"LLC-stores";"1,034,789,954"
"S1";"LLC-prefetches";"1,645,889,613"
"S1";"dTLB-loads";"373,871,777,346"
"S1";"dTLB-load-misses";"1,196,708,111"
"S1";"dTLB-stores";"165,597,347,201"
"S1";"dTLB-store-misses";"41,666,184"
"S1";"iTLB-loads";"498,887,828"
"S1";"iTLB-load-misses";"82,148,885"
"S1";"branch-loads";"133,335,515,972"
"S1";"branch-load-misses";"2,795,362,655"
"S2";"cache-misses";"2,350,823,003"
"S2";"cycles";"1,357,464,992,734"
"S2";"instructions";"1,415,941,758,777"
"S2";"cs";"80,288"
"S2";"migrations";"4,069"
"S2";"faults";"41,994"
"S2";"bus-cycles";"58,693,306,935"
"S2";"idle-cycles-frontend";"1,052,598,320,540"
"S2";"idle-cycles-backend";"704,942,195,349"
"S2";"L1-dcache-loads";"364,435,919,196"
"S2";"L1-dcache-load-misses";"9,599,336,466"
"S2";"L1-dcache-stores";"152,055,952,008"
"S2";"L1-dcache-store-misses";"4,769,164,553"
"S2";"L1-dcache-prefetch-misses";"2,878,365,320"
"S2";"L1-icache-load-misses";"3,332,485,724"
"S2";"LLC-loads";"2,830,773,150"
"S2";"LLC-stores";"646,809,218"
"S2";"LLC-prefetches";"1,420,751,301"
"S2";"dTLB-loads";"347,859,190,894"
"S2";"dTLB-load-misses";"974,393,056"
"S2";"dTLB-stores";"152,608,006,763"
"S2";"dTLB-store-misses";"59,459,027"
"S2";"iTLB-loads";"421,274,183"
"S2";"iTLB-load-misses";"72,449,762"
"S2";"branch-loads";"128,555,769,504"
"S2";"branch-load-misses";"2,777,252,980"
"S3";"cache-misses";"46,371,386"
"S3";"cycles";"23,616,372,408"
"S3";"instructions";"24,886,407,988"
"S3";"cs";"61,331"
"S3";"migrations";"1,638"
"S3";"faults";"21,252"
"S3";"bus-cycles";"1,690,342,402"
"S3";"idle-cycles-frontend";"37,562,992,135"
"S3";"idle-cycles-backend";"34,785,545,185"
"S3";"L1-dcache-loads";"4,239,978,961"
"S3";"L1-dcache-load-misses";"238,139,100"
"S3";"L1-dcache-stores";"1,845,100,645"
"S3";"L1-dcache-store-misses";"45,620,064"
"S3";"L1-dcache-prefetch-misses";"121,062,281"
"S3";"L1-icache-load-misses";"162,384,215"
"S3";"LLC-loads";"164,494,174"
"S3";"LLC-stores";"20,745,638"
"S3";"LLC-prefetches";"54,427,964"
"S3";"dTLB-loads";"3,914,662,801"
"S3";"dTLB-load-misses";"57,993,625"
"S3";"dTLB-stores";"1,817,018,740"
"S3";"dTLB-store-misses";"7,503,667"
"S3";"iTLB-loads";"3,229,769"
"S3";"iTLB-load-misses";"3,109,887"
"S3";"branch-loads";"1,897,872,786"
"S3";"branch-load-misses";"45,971,078"
" ";"seconds time elapsed";"96.303474974";" "
Performance,counter,stats,for,'numactl,--localalloc,--physcpubind=0-63,bin/gem-mapper,-t,64,-I,/tmp/data/indexes/HG_index_GEM/index.gem,-i,/tmp/data/datasets/NIST7086_CGTACTAG_L002_R2_001.fastq,-o,"/scratch/077-hpca4se-bioinf/jlenis/results/GEM-Localalloc/2593008.GEM-Localalloc.penguin.t64.sam':
"
"S0";"cache-misses";"1,707,782,127"
"S0";"cycles";"1,177,741,434,999"
"S0";"instructions";"997,355,152,081"
"S0";"cs";"65,011"
"S0";"migrations";"2,188"
"S0";"faults";"108,021"
"S0";"bus-cycles";"50,214,997,482"
"S0";"idle-cycles-frontend";"825,561,494,174"
"S0";"idle-cycles-backend";"544,363,230,573"
"S0";"L1-dcache-loads";"251,971,900,939"
"S0";"L1-dcache-load-misses";"7,587,916,865"
"S0";"L1-dcache-stores";"111,971,269,231"
"S0";"L1-dcache-store-misses";"3,852,823,300"
"S0";"L1-dcache-prefetch-misses";"2,279,261,150"
"S0";"L1-icache-load-misses";"3,446,514,499"
"S0";"LLC-loads";"2,539,124,270"
"S0";"LLC-stores";"683,368,361"
"S0";"LLC-prefetches";"1,264,545,346"
"S0";"dTLB-loads";"257,320,592,938"
"S0";"dTLB-load-misses";"1,172,241,024"
"S0";"dTLB-stores";"110,013,921,418"
"S0";"dTLB-store-misses";"198,958,848"
"S0";"iTLB-loads";"283,340,006"
"S0";"iTLB-load-misses";"91,445,151"
"S0";"branch-loads";"93,468,074,405"
"S0";"branch-load-misses";"1,930,107,770"
"S1";"cache-misses";"2,955,214,010"
"S1";"cycles";"1,953,003,959,036"
"S1";"instructions";"2,049,551,143,237"
"S1";"cs";"65,932"
"S1";"migrations";"741"
"S1";"faults";"103,295"
"S1";"bus-cycles";"81,214,625,354"
"S1";"idle-cycles-frontend";"2,041,117,140,248"
"S1";"idle-cycles-backend";"1,497,247,637,247"
"S1";"L1-dcache-loads";"510,152,364,974"
"S1";"L1-dcache-load-misses";"16,613,910,095"
"S1";"L1-dcache-stores";"274,187,883,787"
"S1";"L1-dcache-store-misses";"6,090,874,000"
"S1";"L1-dcache-prefetch-misses";"6,677,651,959"
"S1";"L1-icache-load-misses";"3,161,962,874"
"S1";"LLC-loads";"9,077,591,951"
"S1";"LLC-stores";"1,137,362,290"
"S1";"LLC-prefetches";"2,314,631,036"
"S1";"dTLB-loads";"544,960,954,304"
"S1";"dTLB-load-misses";"3,943,650,631"
"S1";"dTLB-stores";"287,071,062,219"
"S1";"dTLB-store-misses";"213,058,413"
"S1";"iTLB-loads";"306,679,736"
"S1";"iTLB-load-misses";"202,362,317"
"S1";"branch-loads";"256,641,473,976"
"S1";"branch-load-misses";"2,652,152,190"
"S2";"cache-misses";"1,551,090,261"
"S2";"cycles";"1,030,106,951,777"
"S2";"instructions";"972,841,834,028"
"S2";"cs";"77,515"
"S2";"migrations";"819"
"S2";"faults";"94,008"
"S2";"bus-cycles";"44,603,630,996"
"S2";"idle-cycles-frontend";"862,289,533,057"
"S2";"idle-cycles-backend";"587,043,945,150"
"S2";"L1-dcache-loads";"245,724,069,177"
"S2";"L1-dcache-load-misses";"6,651,430,356"
"S2";"L1-dcache-stores";"106,815,395,586"
"S2";"L1-dcache-store-misses";"3,430,767,231"
"S2";"L1-dcache-prefetch-misses";"2,153,202,378"
"S2";"L1-icache-load-misses";"2,668,297,259"
"S2";"LLC-loads";"2,279,125,974"
"S2";"LLC-stores";"460,277,074"
"S2";"LLC-prefetches";"1,162,425,320"
"S2";"dTLB-loads";"270,038,177,931"
"S2";"dTLB-load-misses";"893,583,624"
"S2";"dTLB-stores";"113,368,673,301"
"S2";"dTLB-store-misses";"103,877,248"
"S2";"iTLB-loads";"170,288,333"
"S2";"iTLB-load-misses";"71,452,219"
"S2";"branch-loads";"90,238,317,691"
"S2";"branch-load-misses";"1,880,109,672"
"S3";"cache-misses";"1,588,748,170"
"S3";"cycles";"1,157,804,424,916"
"S3";"instructions";"1,029,543,847,032"
"S3";"cs";"74,056"
"S3";"migrations";"2,250"
"S3";"faults";"123,091"
"S3";"bus-cycles";"50,439,913,925"
"S3";"idle-cycles-frontend";"853,387,402,732"
"S3";"idle-cycles-backend";"560,987,309,267"
"S3";"L1-dcache-loads";"264,689,430,098"
"S3";"L1-dcache-load-misses";"7,447,298,534"
"S3";"L1-dcache-stores";"110,358,296,724"
"S3";"L1-dcache-store-misses";"3,716,017,163"
"S3";"L1-dcache-prefetch-misses";"2,315,273,791"
"S3";"L1-icache-load-misses";"2,912,680,279"
"S3";"LLC-loads";"2,458,816,080"
"S3";"LLC-stores";"528,876,040"
"S3";"LLC-prefetches";"1,299,529,682"
"S3";"dTLB-loads";"282,543,051,257"
"S3";"dTLB-load-misses";"827,395,768"
"S3";"dTLB-stores";"119,069,785,074"
"S3";"dTLB-store-misses";"136,963,029"
"S3";"iTLB-loads";"170,796,474"
"S3";"iTLB-load-misses";"136,750,890"
"S3";"branch-loads";"96,114,632,821"
"S3";"branch-load-misses";"2,181,090,976"
" ";"seconds time elapsed";"379.927353153";" "
