Performance,counter,stats,for,'numactl,--localalloc,--physcpubind=0-7,./bwa,mem,-t,8,/tmp/data/indexes/HG_index_BWA_default/hsapiens_v37.fa,"/tmp/data/datasets/NIST7086_CGTACTAG_L002_R2_001.fastq':
"
"S0";"cache-misses";"7,807,584,707"
"S0";"cycles";"11,912,169,546,755"
"S0";"instructions";"11,945,913,632,810"
"S0";"cs";"4,203,062"
"S0";"migrations";"13,322"
"S0";"faults";"592,321"
"S0";"supported>";"<not"
"S0";"idle-cycles-frontend";"915,368,056,135"
"S0";"idle-cycles-backend";"1,460,279,224,380"
"S0";"L1-dcache-loads";"3,721,502,112,678"
"S0";"L1-dcache-load-misses";"48,352,960,063"
"S0";"L1-dcache-stores";"51,058,847,737"
"S0";"supported>";"<not"
"S0";"L1-dcache-prefetch-misses";"0"
"S0";"L1-icache-load-misses";"7,824,277,031"
"S0";"LLC-loads";"59,273,465,893"
"S0";"LLC-stores";"36,317,342,777"
"S0";"supported>";"<not"
"S0";"dTLB-loads";"3,767,507,708,674"
"S0";"dTLB-load-misses";"6,669,674,495"
"S0";"supported>";"<not"
"S0";"supported>";"<not"
"S0";"iTLB-loads";"2,645,892,129,178"
"S0";"iTLB-load-misses";"28,309,801"
"S0";"branch-loads";"1,006,276,944,417"
"S0";"branch-load-misses";"69,361,186,267"
"S1";"cache-misses";"139,007,860"
"S1";"cycles";"42,408,524,642"
"S1";"instructions";"10,002,075,868"
"S1";"cs";"57,656"
"S1";"migrations";"1,774"
"S1";"faults";"29,463"
"S1";"supported>";"<not"
"S1";"idle-cycles-frontend";"317,125,069,745"
"S1";"idle-cycles-backend";"14,472,692,959"
"S1";"L1-dcache-loads";"5,543,104,949"
"S1";"L1-dcache-load-misses";"244,859,604"
"S1";"L1-dcache-stores";"266,912,085"
"S1";"supported>";"<not"
"S1";"L1-dcache-prefetch-misses";"0"
"S1";"L1-icache-load-misses";"110,131,494"
"S1";"LLC-loads";"327,311,541"
"S1";"LLC-stores";"189,217,931"
"S1";"supported>";"<not"
"S1";"dTLB-loads";"6,842,470,713"
"S1";"dTLB-load-misses";"158,728"
"S1";"supported>";"<not"
"S1";"supported>";"<not"
"S1";"iTLB-loads";"5,250,360,329"
"S1";"iTLB-load-misses";"93,072"
"S1";"branch-loads";"2,075,395,612"
"S1";"branch-load-misses";"27,826,519"
"S2";"cache-misses";"244,653,013"
"S2";"cycles";"67,419,318,849"
"S2";"instructions";"18,882,993,885"
"S2";"cs";"102,735"
"S2";"migrations";"8,078"
"S2";"faults";"41,068"
"S2";"supported>";"<not"
"S2";"idle-cycles-frontend";"461,343,911,067"
"S2";"idle-cycles-backend";"21,421,545,848"
"S2";"L1-dcache-loads";"8,493,812,572"
"S2";"L1-dcache-load-misses";"425,969,415"
"S2";"L1-dcache-stores";"415,996,550"
"S2";"supported>";"<not"
"S2";"L1-dcache-prefetch-misses";"0"
"S2";"L1-icache-load-misses";"206,707,025"
"S2";"LLC-loads";"626,615,604"
"S2";"LLC-stores";"395,409,365"
"S2";"supported>";"<not"
"S2";"dTLB-loads";"8,911,010,785"
"S2";"dTLB-load-misses";"463,143"
"S2";"supported>";"<not"
"S2";"supported>";"<not"
"S2";"iTLB-loads";"4,461,162,844"
"S2";"iTLB-load-misses";"632,266"
"S2";"branch-loads";"2,864,652,007"
"S2";"branch-load-misses";"28,091,723"
"S3";"cache-misses";"467,149,968"
"S3";"cycles";"106,245,727,114"
"S3";"instructions";"34,548,955,173"
"S3";"cs";"88,863"
"S3";"migrations";"2,855"
"S3";"faults";"28,735"
"S3";"supported>";"<not"
"S3";"idle-cycles-frontend";"561,027,838,540"
"S3";"idle-cycles-backend";"29,880,514,857"
"S3";"L1-dcache-loads";"17,068,175,262"
"S3";"L1-dcache-load-misses";"797,427,688"
"S3";"L1-dcache-stores";"839,948,868"
"S3";"supported>";"<not"
"S3";"L1-dcache-prefetch-misses";"0"
"S3";"L1-icache-load-misses";"474,909,963"
"S3";"LLC-loads";"1,370,821,341"
"S3";"LLC-stores";"546,921,453"
"S3";"supported>";"<not"
"S3";"dTLB-loads";"22,916,617,448"
"S3";"dTLB-load-misses";"670,177"
"S3";"supported>";"<not"
"S3";"supported>";"<not"
"S3";"iTLB-loads";"13,628,527,447"
"S3";"iTLB-load-misses";"140,772"
"S3";"branch-loads";"6,287,962,673"
"S3";"branch-load-misses";"153,417,640"
" ";"seconds time elapsed";"620.929327394";" "
Performance,counter,stats,for,'numactl,--localalloc,--physcpubind=0-15,./bwa,mem,-t,16,/tmp/data/indexes/HG_index_BWA_default/hsapiens_v37.fa,"/tmp/data/datasets/NIST7086_CGTACTAG_L002_R2_001.fastq':
"
"S0";"cache-misses";"8,531,433,271"
"S0";"cycles";"12,805,510,361,904"
"S0";"instructions";"11,917,084,796,135"
"S0";"cs";"5,691,294"
"S0";"migrations";"42,829"
"S0";"faults";"667,413"
"S0";"supported>";"<not"
"S0";"idle-cycles-frontend";"1,041,842,490,363"
"S0";"idle-cycles-backend";"1,946,515,244,851"
"S0";"L1-dcache-loads";"3,705,251,257,311"
"S0";"L1-dcache-load-misses";"48,277,404,773"
"S0";"L1-dcache-stores";"50,875,515,785"
"S0";"supported>";"<not"
"S0";"L1-dcache-prefetch-misses";"0"
"S0";"L1-icache-load-misses";"8,504,322,279"
"S0";"LLC-loads";"59,825,949,760"
"S0";"LLC-stores";"36,885,634,581"
"S0";"supported>";"<not"
"S0";"dTLB-loads";"3,796,622,068,266"
"S0";"dTLB-load-misses";"7,023,652,618"
"S0";"supported>";"<not"
"S0";"supported>";"<not"
"S0";"iTLB-loads";"2,677,488,775,912"
"S0";"iTLB-load-misses";"74,833,129"
"S0";"branch-loads";"1,012,460,909,446"
"S0";"branch-load-misses";"70,201,043,827"
"S1";"cache-misses";"212,984,120"
"S1";"cycles";"68,854,953,133"
"S1";"instructions";"17,485,105,372"
"S1";"cs";"37,801"
"S1";"migrations";"3,257"
"S1";"faults";"24,127"
"S1";"supported>";"<not"
"S1";"idle-cycles-frontend";"417,385,621,035"
"S1";"idle-cycles-backend";"32,561,031,199"
"S1";"L1-dcache-loads";"8,194,518,105"
"S1";"L1-dcache-load-misses";"353,608,685"
"S1";"L1-dcache-stores";"353,424,604"
"S1";"supported>";"<not"
"S1";"L1-dcache-prefetch-misses";"0"
"S1";"L1-icache-load-misses";"195,235,775"
"S1";"LLC-loads";"508,495,652"
"S1";"LLC-stores";"245,344,837"
"S1";"supported>";"<not"
"S1";"dTLB-loads";"6,475,932,457"
"S1";"dTLB-load-misses";"78,236"
"S1";"supported>";"<not"
"S1";"supported>";"<not"
"S1";"iTLB-loads";"4,071,872,830"
"S1";"iTLB-load-misses";"82,204"
"S1";"branch-loads";"2,859,767,080"
"S1";"branch-load-misses";"30,929,442"
"S2";"cache-misses";"220,712,240"
"S2";"cycles";"53,469,279,895"
"S2";"instructions";"14,231,597,908"
"S2";"cs";"86,086"
"S2";"migrations";"9,775"
"S2";"faults";"32,963"
"S2";"supported>";"<not"
"S2";"idle-cycles-frontend";"368,102,364,173"
"S2";"idle-cycles-backend";"27,093,203,223"
"S2";"L1-dcache-loads";"8,214,249,987"
"S2";"L1-dcache-load-misses";"362,016,140"
"S2";"L1-dcache-stores";"449,063,588"
"S2";"supported>";"<not"
"S2";"L1-dcache-prefetch-misses";"0"
"S2";"L1-icache-load-misses";"241,049,285"
"S2";"LLC-loads";"555,206,067"
"S2";"LLC-stores";"254,742,373"
"S2";"supported>";"<not"
"S2";"dTLB-loads";"8,058,014,490"
"S2";"dTLB-load-misses";"260,651"
"S2";"supported>";"<not"
"S2";"supported>";"<not"
"S2";"iTLB-loads";"5,364,792,253"
"S2";"iTLB-load-misses";"429,784"
"S2";"branch-loads";"2,628,980,254"
"S2";"branch-load-misses";"31,649,711"
"S3";"cache-misses";"422,929,060"
"S3";"cycles";"91,589,466,219"
"S3";"instructions";"25,436,850,071"
"S3";"cs";"63,352"
"S3";"migrations";"3,375"
"S3";"faults";"24,398"
"S3";"supported>";"<not"
"S3";"idle-cycles-frontend";"267,007,164,139"
"S3";"idle-cycles-backend";"57,255,487,757"
"S3";"L1-dcache-loads";"14,980,715,529"
"S3";"L1-dcache-load-misses";"655,017,421"
"S3";"L1-dcache-stores";"682,081,135"
"S3";"supported>";"<not"
"S3";"L1-dcache-prefetch-misses";"0"
"S3";"L1-icache-load-misses";"441,785,956"
"S3";"LLC-loads";"1,109,698,406"
"S3";"LLC-stores";"320,978,268"
"S3";"supported>";"<not"
"S3";"dTLB-loads";"15,086,782,879"
"S3";"dTLB-load-misses";"450,607"
"S3";"supported>";"<not"
"S3";"supported>";"<not"
"S3";"iTLB-loads";"8,297,771,532"
"S3";"iTLB-load-misses";"129,484"
"S3";"branch-loads";"4,949,513,877"
"S3";"branch-load-misses";"107,941,385"
" ";"seconds time elapsed";"347.917399261";" "
Performance,counter,stats,for,'numactl,--localalloc,--physcpubind=0-31,./bwa,mem,-t,32,/tmp/data/indexes/HG_index_BWA_default/hsapiens_v37.fa,"/tmp/data/datasets/NIST7086_CGTACTAG_L002_R2_001.fastq':
"
"S0";"cache-misses";"4,751,637,252"
"S0";"cycles";"9,009,804,209,167"
"S0";"instructions";"5,370,914,481,620"
"S0";"cs";"4,276,197"
"S0";"migrations";"38,078"
"S0";"faults";"288,608"
"S0";"supported>";"<not"
"S0";"idle-cycles-frontend";"755,599,177,845"
"S0";"idle-cycles-backend";"2,310,693,753,506"
"S0";"L1-dcache-loads";"1,680,760,998,161"
"S0";"L1-dcache-load-misses";"22,271,961,144"
"S0";"L1-dcache-stores";"23,390,249,779"
"S0";"supported>";"<not"
"S0";"L1-dcache-prefetch-misses";"0"
"S0";"L1-icache-load-misses";"4,709,171,635"
"S0";"LLC-loads";"28,694,354,620"
"S0";"LLC-stores";"16,747,079,664"
"S0";"supported>";"<not"
"S0";"dTLB-loads";"1,747,871,520,147"
"S0";"dTLB-load-misses";"3,521,771,696"
"S0";"supported>";"<not"
"S0";"supported>";"<not"
"S0";"iTLB-loads";"1,234,646,745,361"
"S0";"iTLB-load-misses";"111,432,819"
"S0";"branch-loads";"460,696,053,063"
"S0";"branch-load-misses";"32,496,289,655"
"S1";"cache-misses";"5,465,661,900"
"S1";"cycles";"8,587,703,336,297"
"S1";"instructions";"6,514,409,700,048"
"S1";"cs";"4,542,898"
"S1";"migrations";"51,288"
"S1";"faults";"808,851"
"S1";"supported>";"<not"
"S1";"idle-cycles-frontend";"1,062,977,854,997"
"S1";"idle-cycles-backend";"1,915,008,992,297"
"S1";"L1-dcache-loads";"2,076,957,606,673"
"S1";"L1-dcache-load-misses";"27,643,315,347"
"S1";"L1-dcache-stores";"29,266,058,493"
"S1";"supported>";"<not"
"S1";"L1-dcache-prefetch-misses";"0"
"S1";"L1-icache-load-misses";"5,452,115,616"
"S1";"LLC-loads";"34,575,871,028"
"S1";"LLC-stores";"20,940,318,535"
"S1";"supported>";"<not"
"S1";"dTLB-loads";"2,089,004,125,302"
"S1";"dTLB-load-misses";"4,138,996,796"
"S1";"supported>";"<not"
"S1";"supported>";"<not"
"S1";"iTLB-loads";"1,475,448,018,475"
"S1";"iTLB-load-misses";"119,338,939"
"S1";"branch-loads";"561,771,907,384"
"S1";"branch-load-misses";"38,544,833,912"
"S2";"cache-misses";"193,834,197"
"S2";"cycles";"44,559,184,942"
"S2";"instructions";"12,061,340,720"
"S2";"cs";"78,916"
"S2";"migrations";"8,848"
"S2";"faults";"23,031"
"S2";"supported>";"<not"
"S2";"idle-cycles-frontend";"340,493,642,846"
"S2";"idle-cycles-backend";"16,002,965,022"
"S2";"L1-dcache-loads";"5,557,598,560"
"S2";"L1-dcache-load-misses";"271,022,333"
"S2";"L1-dcache-stores";"275,761,122"
"S2";"supported>";"<not"
"S2";"L1-dcache-prefetch-misses";"0"
"S2";"L1-icache-load-misses";"172,491,302"
"S2";"LLC-loads";"487,270,304"
"S2";"LLC-stores";"226,481,733"
"S2";"supported>";"<not"
"S2";"dTLB-loads";"5,290,685,333"
"S2";"dTLB-load-misses";"311,938"
"S2";"supported>";"<not"
"S2";"supported>";"<not"
"S2";"iTLB-loads";"2,910,007,283"
"S2";"iTLB-load-misses";"341,190"
"S2";"branch-loads";"1,856,620,538"
"S2";"branch-load-misses";"20,633,976"
"S3";"cache-misses";"275,356,469"
"S3";"cycles";"51,203,661,639"
"S3";"instructions";"15,746,798,086"
"S3";"cs";"61,140"
"S3";"migrations";"5,607"
"S3";"faults";"18,541"
"S3";"supported>";"<not"
"S3";"idle-cycles-frontend";"251,773,687,534"
"S3";"idle-cycles-backend";"20,177,951,046"
"S3";"L1-dcache-loads";"6,603,422,224"
"S3";"L1-dcache-load-misses";"316,503,792"
"S3";"L1-dcache-stores";"337,055,453"
"S3";"supported>";"<not"
"S3";"L1-dcache-prefetch-misses";"0"
"S3";"L1-icache-load-misses";"163,039,971"
"S3";"LLC-loads";"580,019,899"
"S3";"LLC-stores";"294,275,988"
"S3";"supported>";"<not"
"S3";"dTLB-loads";"9,389,730,178"
"S3";"dTLB-load-misses";"296,801"
"S3";"supported>";"<not"
"S3";"supported>";"<not"
"S3";"iTLB-loads";"6,205,733,265"
"S3";"iTLB-load-misses";"94,864"
"S3";"branch-loads";"3,509,145,829"
"S3";"branch-load-misses";"92,344,768"
" ";"seconds time elapsed";"248.765344337";" "
Performance,counter,stats,for,'numactl,--localalloc,--physcpubind=0-47,./bwa,mem,-t,48,/tmp/data/indexes/HG_index_BWA_default/hsapiens_v37.fa,"/tmp/data/datasets/NIST7086_CGTACTAG_L002_R2_001.fastq':
"
"S0";"cache-misses";"4,515,599,059"
"S0";"cycles";"9,782,987,742,614"
"S0";"instructions";"5,079,274,925,886"
"S0";"cs";"4,044,301"
"S0";"migrations";"49,162"
"S0";"faults";"524,409"
"S0";"supported>";"<not"
"S0";"idle-cycles-frontend";"1,190,560,220,611"
"S0";"idle-cycles-backend";"2,896,527,313,847"
"S0";"L1-dcache-loads";"1,559,999,267,840"
"S0";"L1-dcache-load-misses";"20,745,318,352"
"S0";"L1-dcache-stores";"22,186,588,062"
"S0";"supported>";"<not"
"S0";"L1-dcache-prefetch-misses";"0"
"S0";"L1-icache-load-misses";"4,450,572,310"
"S0";"LLC-loads";"28,168,848,932"
"S0";"LLC-stores";"16,659,706,143"
"S0";"supported>";"<not"
"S0";"dTLB-loads";"1,689,944,437,109"
"S0";"dTLB-load-misses";"3,696,587,673"
"S0";"supported>";"<not"
"S0";"supported>";"<not"
"S0";"iTLB-loads";"1,190,723,595,897"
"S0";"iTLB-load-misses";"172,075,922"
"S0";"branch-loads";"441,055,924,443"
"S0";"branch-load-misses";"30,705,890,433"
"S1";"cache-misses";"4,086,003,808"
"S1";"cycles";"10,252,404,313,484"
"S1";"instructions";"4,063,657,378,310"
"S1";"cs";"3,337,102"
"S1";"migrations";"35,231"
"S1";"faults";"880,264"
"S1";"supported>";"<not"
"S1";"idle-cycles-frontend";"901,937,120,557"
"S1";"idle-cycles-backend";"3,404,155,267,183"
"S1";"L1-dcache-loads";"1,266,610,971,979"
"S1";"L1-dcache-load-misses";"17,165,520,172"
"S1";"L1-dcache-stores";"18,229,863,291"
"S1";"supported>";"<not"
"S1";"L1-dcache-prefetch-misses";"0"
"S1";"L1-icache-load-misses";"4,083,342,355"
"S1";"LLC-loads";"22,748,807,859"
"S1";"LLC-stores";"12,797,763,739"
"S1";"supported>";"<not"
"S1";"dTLB-loads";"1,309,351,097,538"
"S1";"dTLB-load-misses";"2,995,881,883"
"S1";"supported>";"<not"
"S1";"supported>";"<not"
"S1";"iTLB-loads";"917,119,234,648"
"S1";"iTLB-load-misses";"169,561,655"
"S1";"branch-loads";"348,011,457,456"
"S1";"branch-load-misses";"24,005,222,074"
"S2";"cache-misses";"3,740,014,957"
"S2";"cycles";"10,413,322,695,913"
"S2";"instructions";"2,858,835,454,229"
"S2";"cs";"3,270,323"
"S2";"migrations";"41,689"
"S2";"faults";"250,464"
"S2";"supported>";"<not"
"S2";"idle-cycles-frontend";"773,665,629,416"
"S2";"idle-cycles-backend";"3,975,738,346,243"
"S2";"L1-dcache-loads";"907,732,850,917"
"S2";"L1-dcache-load-misses";"12,688,217,290"
"S2";"L1-dcache-stores";"13,333,712,150"
"S2";"supported>";"<not"
"S2";"L1-dcache-prefetch-misses";"0"
"S2";"L1-icache-load-misses";"3,656,274,208"
"S2";"LLC-loads";"16,993,882,102"
"S2";"LLC-stores";"9,030,004,838"
"S2";"supported>";"<not"
"S2";"dTLB-loads";"919,230,248,716"
"S2";"dTLB-load-misses";"2,284,742,333"
"S2";"supported>";"<not"
"S2";"supported>";"<not"
"S2";"iTLB-loads";"653,861,731,841"
"S2";"iTLB-load-misses";"151,562,742"
"S2";"branch-loads";"242,153,832,118"
"S2";"branch-load-misses";"16,959,251,095"
"S3";"cache-misses";"282,160,932"
"S3";"cycles";"74,335,390,826"
"S3";"instructions";"18,220,815,317"
"S3";"cs";"72,170"
"S3";"migrations";"7,891"
"S3";"faults";"49,499"
"S3";"supported>";"<not"
"S3";"idle-cycles-frontend";"399,971,827,183"
"S3";"idle-cycles-backend";"24,161,933,927"
"S3";"L1-dcache-loads";"9,104,731,093"
"S3";"L1-dcache-load-misses";"445,183,229"
"S3";"L1-dcache-stores";"479,655,776"
"S3";"supported>";"<not"
"S3";"L1-dcache-prefetch-misses";"0"
"S3";"L1-icache-load-misses";"293,634,586"
"S3";"LLC-loads";"826,132,406"
"S3";"LLC-stores";"308,617,797"
"S3";"supported>";"<not"
"S3";"dTLB-loads";"10,798,840,842"
"S3";"dTLB-load-misses";"568,058"
"S3";"supported>";"<not"
"S3";"supported>";"<not"
"S3";"iTLB-loads";"6,773,710,960"
"S3";"iTLB-load-misses";"327,804"
"S3";"branch-loads";"3,607,189,543"
"S3";"branch-load-misses";"95,202,946"
" ";"seconds time elapsed";"285.936912943";" "
Performance,counter,stats,for,'numactl,--localalloc,--physcpubind=0-63,./bwa,mem,-t,64,/tmp/data/indexes/HG_index_BWA_default/hsapiens_v37.fa,"/tmp/data/datasets/NIST7086_CGTACTAG_L002_R2_001.fastq':
"
"S0";"cache-misses";"3,474,017,363"
"S0";"cycles";"8,592,471,691,817"
"S0";"instructions";"2,735,643,370,644"
"S0";"cs";"2,891,686"
"S0";"migrations";"23,045"
"S0";"faults";"777,959"
"S0";"supported>";"<not"
"S0";"idle-cycles-frontend";"892,364,033,240"
"S0";"idle-cycles-backend";"2,980,022,763,148"
"S0";"L1-dcache-loads";"836,203,813,829"
"S0";"L1-dcache-load-misses";"11,729,777,912"
"S0";"L1-dcache-stores";"12,435,408,524"
"S0";"supported>";"<not"
"S0";"L1-dcache-prefetch-misses";"0"
"S0";"L1-icache-load-misses";"3,289,793,832"
"S0";"LLC-loads";"16,963,545,509"
"S0";"LLC-stores";"9,056,732,490"
"S0";"supported>";"<not"
"S0";"dTLB-loads";"903,834,604,970"
"S0";"dTLB-load-misses";"2,450,764,322"
"S0";"supported>";"<not"
"S0";"supported>";"<not"
"S0";"iTLB-loads";"636,365,426,653"
"S0";"iTLB-load-misses";"200,447,251"
"S0";"branch-loads";"245,057,126,396"
"S0";"branch-load-misses";"16,599,039,669"
"S1";"cache-misses";"3,162,402,111"
"S1";"cycles";"8,333,091,017,139"
"S1";"instructions";"2,940,384,259,375"
"S1";"cs";"2,759,356"
"S1";"migrations";"22,722"
"S1";"faults";"280,845"
"S1";"supported>";"<not"
"S1";"idle-cycles-frontend";"879,819,380,630"
"S1";"idle-cycles-backend";"2,898,040,365,665"
"S1";"L1-dcache-loads";"911,616,262,126"
"S1";"L1-dcache-load-misses";"12,399,916,211"
"S1";"L1-dcache-stores";"13,163,066,509"
"S1";"supported>";"<not"
"S1";"L1-dcache-prefetch-misses";"0"
"S1";"L1-icache-load-misses";"3,070,570,977"
"S1";"LLC-loads";"17,034,341,377"
"S1";"LLC-stores";"9,568,913,404"
"S1";"supported>";"<not"
"S1";"dTLB-loads";"981,580,185,692"
"S1";"dTLB-load-misses";"2,609,842,443"
"S1";"supported>";"<not"
"S1";"supported>";"<not"
"S1";"iTLB-loads";"689,271,746,028"
"S1";"iTLB-load-misses";"194,814,818"
"S1";"branch-loads";"253,986,878,578"
"S1";"branch-load-misses";"17,719,995,259"
"S2";"cache-misses";"3,024,182,632"
"S2";"cycles";"8,417,423,589,873"
"S2";"instructions";"2,376,658,359,134"
"S2";"cs";"2,600,001"
"S2";"migrations";"25,226"
"S2";"faults";"585,691"
"S2";"supported>";"<not"
"S2";"idle-cycles-frontend";"922,975,612,742"
"S2";"idle-cycles-backend";"3,285,586,588,342"
"S2";"L1-dcache-loads";"770,057,700,742"
"S2";"L1-dcache-load-misses";"10,701,489,352"
"S2";"L1-dcache-stores";"11,432,203,262"
"S2";"supported>";"<not"
"S2";"L1-dcache-prefetch-misses";"0"
"S2";"L1-icache-load-misses";"3,069,181,378"
"S2";"LLC-loads";"14,528,349,865"
"S2";"LLC-stores";"7,584,531,563"
"S2";"supported>";"<not"
"S2";"dTLB-loads";"766,695,397,497"
"S2";"dTLB-load-misses";"2,103,897,290"
"S2";"supported>";"<not"
"S2";"supported>";"<not"
"S2";"iTLB-loads";"541,698,374,304"
"S2";"iTLB-load-misses";"183,374,076"
"S2";"branch-loads";"203,784,026,910"
"S2";"branch-load-misses";"13,976,096,985"
"S3";"cache-misses";"3,822,119,396"
"S3";"cycles";"8,210,209,488,491"
"S3";"instructions";"4,038,150,515,763"
"S3";"cs";"3,218,533"
"S3";"migrations";"33,878"
"S3";"faults";"578,621"
"S3";"supported>";"<not"
"S3";"idle-cycles-frontend";"1,038,483,165,329"
"S3";"idle-cycles-backend";"2,448,315,658,328"
"S3";"L1-dcache-loads";"1,238,795,341,778"
"S3";"L1-dcache-load-misses";"16,675,089,313"
"S3";"L1-dcache-stores";"17,792,265,969"
"S3";"supported>";"<not"
"S3";"L1-dcache-prefetch-misses";"0"
"S3";"L1-icache-load-misses";"3,707,569,219"
"S3";"LLC-loads";"22,308,398,465"
"S3";"LLC-stores";"13,118,412,071"
"S3";"supported>";"<not"
"S3";"dTLB-loads";"1,315,427,903,335"
"S3";"dTLB-load-misses";"3,203,800,153"
"S3";"supported>";"<not"
"S3";"supported>";"<not"
"S3";"iTLB-loads";"918,465,949,781"
"S3";"iTLB-load-misses";"209,489,690"
"S3";"branch-loads";"345,148,497,306"
"S3";"branch-load-misses";"24,311,978,514"
" ";"seconds time elapsed";"250.136133150";" "
