Performance,counter,stats,for,'./snap-aligner,single,/tmp/data/indexes/HG_index_snap,/tmp/data/datasets/NIST7086_CGTACTAG_L002_R2_001.fastq,-t,64,-o,"/scratch/077-hpca4se-bioinf/jlenis/results/SNAP-Localalloc/WarmUp.2592973.SNAP-Localalloc.catwoman.t64.sam':
"
"S0";"cache-misses";"1,262,076,564"
"S0";"cycles";"1,213,988,864,683"
"S0";"instructions";"531,812,573,399"
"S0";"cs";"109,835"
"S0";"migrations";"1,040"
"S0";"faults";"375,686"
"S0";"supported>";"<not"
"S0";"idle-cycles-frontend";"777,361,746,934"
"S0";"idle-cycles-backend";"268,268,903,710"
"S0";"L1-dcache-loads";"246,458,630,952"
"S0";"L1-dcache-load-misses";"3,305,930,216"
"S0";"L1-dcache-stores";"3,666,405,318"
"S0";"supported>";"<not"
"S0";"L1-dcache-prefetch-misses";"0"
"S0";"L1-icache-load-misses";"1,227,056,334"
"S0";"LLC-loads";"4,875,768,675"
"S0";"LLC-stores";"1,396,405,755"
"S0";"supported>";"<not"
"S0";"dTLB-loads";"249,117,181,580"
"S0";"dTLB-load-misses";"148,692,571"
"S0";"supported>";"<not"
"S0";"supported>";"<not"
"S0";"iTLB-loads";"210,938,629,925"
"S0";"iTLB-load-misses";"1,812,083"
"S0";"branch-loads";"75,465,919,841"
"S0";"branch-load-misses";"6,374,536,434"
"S1";"cache-misses";"1,160,495,085"
"S1";"cycles";"1,189,514,240,248"
"S1";"instructions";"521,827,291,011"
"S1";"cs";"62,414"
"S1";"migrations";"370"
"S1";"faults";"368,872"
"S1";"supported>";"<not"
"S1";"idle-cycles-frontend";"292,790,551,485"
"S1";"idle-cycles-backend";"242,029,096,792"
"S1";"L1-dcache-loads";"243,350,127,748"
"S1";"L1-dcache-load-misses";"3,089,951,607"
"S1";"L1-dcache-stores";"3,477,455,592"
"S1";"supported>";"<not"
"S1";"L1-dcache-prefetch-misses";"0"
"S1";"L1-icache-load-misses";"1,189,380,867"
"S1";"LLC-loads";"4,529,851,233"
"S1";"LLC-stores";"1,221,559,103"
"S1";"supported>";"<not"
"S1";"dTLB-loads";"244,927,068,591"
"S1";"dTLB-load-misses";"145,815,351"
"S1";"supported>";"<not"
"S1";"supported>";"<not"
"S1";"iTLB-loads";"216,342,272,067"
"S1";"iTLB-load-misses";"1,686,874"
"S1";"branch-loads";"79,494,839,233"
"S1";"branch-load-misses";"6,744,781,284"
"S2";"cache-misses";"1,732,634,967"
"S2";"cycles";"1,397,642,736,530"
"S2";"instructions";"563,381,894,655"
"S2";"cs";"551,811"
"S2";"migrations";"3,505"
"S2";"faults";"359,647"
"S2";"supported>";"<not"
"S2";"idle-cycles-frontend";"936,287,952,087"
"S2";"idle-cycles-backend";"391,795,127,480"
"S2";"L1-dcache-loads";"264,720,812,108"
"S2";"L1-dcache-load-misses";"4,094,384,533"
"S2";"L1-dcache-stores";"6,060,004,405"
"S2";"supported>";"<not"
"S2";"L1-dcache-prefetch-misses";"0"
"S2";"L1-icache-load-misses";"1,709,719,469"
"S2";"LLC-loads";"8,156,752,524"
"S2";"LLC-stores";"3,833,240,097"
"S2";"supported>";"<not"
"S2";"dTLB-loads";"273,651,287,486"
"S2";"dTLB-load-misses";"151,524,587"
"S2";"supported>";"<not"
"S2";"supported>";"<not"
"S2";"iTLB-loads";"210,047,263,256"
"S2";"iTLB-load-misses";"1,708,143"
"S2";"branch-loads";"84,301,537,174"
"S2";"branch-load-misses";"6,164,789,610"
"S3";"cache-misses";"2,050,719,106"
"S3";"cycles";"1,202,784,817,396"
"S3";"instructions";"549,223,132,711"
"S3";"cs";"68,497"
"S3";"migrations";"700"
"S3";"faults";"374,648"
"S3";"supported>";"<not"
"S3";"idle-cycles-frontend";"333,088,463,468"
"S3";"idle-cycles-backend";"260,613,669,463"
"S3";"L1-dcache-loads";"251,192,232,271"
"S3";"L1-dcache-load-misses";"3,960,608,672"
"S3";"L1-dcache-stores";"4,544,029,758"
"S3";"supported>";"<not"
"S3";"L1-dcache-prefetch-misses";"0"
"S3";"L1-icache-load-misses";"2,027,159,899"
"S3";"LLC-loads";"6,529,291,209"
"S3";"LLC-stores";"1,532,206,338"
"S3";"supported>";"<not"
"S3";"dTLB-loads";"256,906,537,302"
"S3";"dTLB-load-misses";"157,446,686"
"S3";"supported>";"<not"
"S3";"supported>";"<not"
"S3";"iTLB-loads";"219,427,441,934"
"S3";"iTLB-load-misses";"1,839,752"
"S3";"branch-loads";"79,837,220,764"
"S3";"branch-load-misses";"6,412,436,785"
" ";"seconds time elapsed";"236.158599634";" "
Performance,counter,stats,for,'numactl,--localalloc,--physcpubind=0-7,./snap-aligner,single,/tmp/data/indexes/HG_index_snap,/tmp/data/datasets/NIST7086_CGTACTAG_L002_R2_001.fastq,-t,8,-o,"/scratch/077-hpca4se-bioinf/jlenis/results/SNAP-Localalloc/2592973.SNAP-Localalloc.catwoman.t8.sam':
"
"S0";"cache-misses";"5,426,939,336"
"S0";"cycles";"3,294,144,437,819"
"S0";"instructions";"2,305,628,627,795"
"S0";"cs";"559,267"
"S0";"migrations";"1,153"
"S0";"faults";"1,425,748"
"S0";"supported>";"<not"
"S0";"idle-cycles-frontend";"1,313,935,027,062"
"S0";"idle-cycles-backend";"374,915,807,688"
"S0";"L1-dcache-loads";"1,155,143,309,794"
"S0";"L1-dcache-load-misses";"15,201,618,745"
"S0";"L1-dcache-stores";"18,512,869,394"
"S0";"supported>";"<not"
"S0";"L1-dcache-prefetch-misses";"0"
"S0";"L1-icache-load-misses";"5,562,298,076"
"S0";"LLC-loads";"24,975,553,836"
"S0";"LLC-stores";"8,330,200,440"
"S0";"supported>";"<not"
"S0";"dTLB-loads";"1,128,067,937,872"
"S0";"dTLB-load-misses";"582,679,754"
"S0";"supported>";"<not"
"S0";"supported>";"<not"
"S0";"iTLB-loads";"860,069,432,657"
"S0";"iTLB-load-misses";"773,704"
"S0";"branch-loads";"334,346,281,474"
"S0";"branch-load-misses";"25,163,546,933"
"S1";"cache-misses";"99,993,240"
"S1";"cycles";"45,344,033,591"
"S1";"instructions";"6,218,725,914"
"S1";"cs";"55,949"
"S1";"migrations";"754"
"S1";"faults";"19,104"
"S1";"supported>";"<not"
"S1";"idle-cycles-frontend";"353,790,417,548"
"S1";"idle-cycles-backend";"11,050,376,400"
"S1";"L1-dcache-loads";"3,398,314,652"
"S1";"L1-dcache-load-misses";"201,079,034"
"S1";"L1-dcache-stores";"217,579,994"
"S1";"supported>";"<not"
"S1";"L1-dcache-prefetch-misses";"0"
"S1";"L1-icache-load-misses";"99,972,058"
"S1";"LLC-loads";"257,195,276"
"S1";"LLC-stores";"161,979,435"
"S1";"supported>";"<not"
"S1";"dTLB-loads";"3,144,131,103"
"S1";"dTLB-load-misses";"99,407"
"S1";"supported>";"<not"
"S1";"supported>";"<not"
"S1";"iTLB-loads";"1,702,460,153"
"S1";"iTLB-load-misses";"107,203"
"S1";"branch-loads";"1,037,388,388"
"S1";"branch-load-misses";"16,398,266"
"S2";"cache-misses";"151,544,534"
"S2";"cycles";"53,187,185,319"
"S2";"instructions";"9,908,667,443"
"S2";"cs";"93,962"
"S2";"migrations";"8,260"
"S2";"faults";"17,036"
"S2";"supported>";"<not"
"S2";"idle-cycles-frontend";"440,522,606,639"
"S2";"idle-cycles-backend";"17,229,428,305"
"S2";"L1-dcache-loads";"5,313,903,838"
"S2";"L1-dcache-load-misses";"305,395,527"
"S2";"L1-dcache-stores";"315,534,487"
"S2";"supported>";"<not"
"S2";"L1-dcache-prefetch-misses";"0"
"S2";"L1-icache-load-misses";"175,546,297"
"S2";"LLC-loads";"368,321,439"
"S2";"LLC-stores";"196,888,985"
"S2";"supported>";"<not"
"S2";"dTLB-loads";"4,857,095,031"
"S2";"dTLB-load-misses";"81,804"
"S2";"supported>";"<not"
"S2";"supported>";"<not"
"S2";"iTLB-loads";"2,388,059,470"
"S2";"iTLB-load-misses";"85,963"
"S2";"branch-loads";"1,521,779,576"
"S2";"branch-load-misses";"19,353,416"
"S3";"cache-misses";"320,252,357"
"S3";"cycles";"58,945,283,582"
"S3";"instructions";"18,757,720,709"
"S3";"cs";"35,683"
"S3";"migrations";"866"
"S3";"faults";"25,418"
"S3";"supported>";"<not"
"S3";"idle-cycles-frontend";"463,720,278,418"
"S3";"idle-cycles-backend";"16,878,806,004"
"S3";"L1-dcache-loads";"9,574,795,693"
"S3";"L1-dcache-load-misses";"461,415,003"
"S3";"L1-dcache-stores";"466,535,107"
"S3";"supported>";"<not"
"S3";"L1-dcache-prefetch-misses";"0"
"S3";"L1-icache-load-misses";"211,777,185"
"S3";"LLC-loads";"474,350,335"
"S3";"LLC-stores";"123,283,178"
"S3";"supported>";"<not"
"S3";"dTLB-loads";"7,020,388,805"
"S3";"dTLB-load-misses";"592,607"
"S3";"supported>";"<not"
"S3";"supported>";"<not"
"S3";"iTLB-loads";"4,840,964,999"
"S3";"iTLB-load-misses";"305,135"
"S3";"branch-loads";"2,775,641,801"
"S3";"branch-load-misses";"110,931,343"
" ";"seconds time elapsed";"367.027680104";" "
Performance,counter,stats,for,'numactl,--localalloc,--physcpubind=0-15,./snap-aligner,single,/tmp/data/indexes/HG_index_snap,/tmp/data/datasets/NIST7086_CGTACTAG_L002_R2_001.fastq,-t,16,-o,"/scratch/077-hpca4se-bioinf/jlenis/results/SNAP-Localalloc/2592973.SNAP-Localalloc.catwoman.t16.sam':
"
"S0";"cache-misses";"5,616,528,341"
"S0";"cycles";"3,140,918,772,720"
"S0";"instructions";"2,467,022,084,607"
"S0";"cs";"595,685"
"S0";"migrations";"1,455"
"S0";"faults";"1,430,454"
"S0";"supported>";"<not"
"S0";"idle-cycles-frontend";"1,912,709,800,430"
"S0";"idle-cycles-backend";"596,896,464,227"
"S0";"L1-dcache-loads";"1,128,375,747,764"
"S0";"L1-dcache-load-misses";"18,606,662,191"
"S0";"L1-dcache-stores";"25,138,139,790"
"S0";"supported>";"<not"
"S0";"L1-dcache-prefetch-misses";"0"
"S0";"L1-icache-load-misses";"5,850,329,679"
"S0";"LLC-loads";"31,255,256,644"
"S0";"LLC-stores";"11,296,891,565"
"S0";"supported>";"<not"
"S0";"dTLB-loads";"1,108,462,431,565"
"S0";"dTLB-load-misses";"544,876,166"
"S0";"supported>";"<not"
"S0";"supported>";"<not"
"S0";"iTLB-loads";"887,765,476,143"
"S0";"iTLB-load-misses";"1,384,807"
"S0";"branch-loads";"362,901,022,548"
"S0";"branch-load-misses";"24,907,636,166"
"S1";"cache-misses";"101,243,387"
"S1";"cycles";"43,263,398,130"
"S1";"instructions";"6,386,315,910"
"S1";"cs";"64,756"
"S1";"migrations";"1,776"
"S1";"faults";"27,621"
"S1";"supported>";"<not"
"S1";"idle-cycles-frontend";"367,481,135,390"
"S1";"idle-cycles-backend";"13,112,360,860"
"S1";"L1-dcache-loads";"3,928,543,170"
"S1";"L1-dcache-load-misses";"211,903,281"
"S1";"L1-dcache-stores";"228,852,818"
"S1";"supported>";"<not"
"S1";"L1-dcache-prefetch-misses";"0"
"S1";"L1-icache-load-misses";"111,972,654"
"S1";"LLC-loads";"305,503,885"
"S1";"LLC-stores";"170,263,330"
"S1";"supported>";"<not"
"S1";"dTLB-loads";"3,921,075,412"
"S1";"dTLB-load-misses";"112,156"
"S1";"supported>";"<not"
"S1";"supported>";"<not"
"S1";"iTLB-loads";"2,105,845,977"
"S1";"iTLB-load-misses";"103,939"
"S1";"branch-loads";"1,133,297,497"
"S1";"branch-load-misses";"20,572,194"
"S2";"cache-misses";"149,277,399"
"S2";"cycles";"49,405,022,367"
"S2";"instructions";"8,556,355,715"
"S2";"cs";"92,770"
"S2";"migrations";"8,549"
"S2";"faults";"24,716"
"S2";"supported>";"<not"
"S2";"idle-cycles-frontend";"348,046,168,367"
"S2";"idle-cycles-backend";"12,670,448,268"
"S2";"L1-dcache-loads";"4,344,277,393"
"S2";"L1-dcache-load-misses";"226,872,423"
"S2";"L1-dcache-stores";"245,449,007"
"S2";"supported>";"<not"
"S2";"L1-dcache-prefetch-misses";"0"
"S2";"L1-icache-load-misses";"140,263,831"
"S2";"LLC-loads";"364,977,845"
"S2";"LLC-stores";"184,315,028"
"S2";"supported>";"<not"
"S2";"dTLB-loads";"4,596,562,394"
"S2";"dTLB-load-misses";"113,298"
"S2";"supported>";"<not"
"S2";"supported>";"<not"
"S2";"iTLB-loads";"2,253,864,060"
"S2";"iTLB-load-misses";"99,691"
"S2";"branch-loads";"1,458,891,327"
"S2";"branch-load-misses";"19,085,938"
"S3";"cache-misses";"322,816,956"
"S3";"cycles";"56,462,113,508"
"S3";"instructions";"17,125,033,604"
"S3";"cs";"51,089"
"S3";"migrations";"1,267"
"S3";"faults";"32,335"
"S3";"supported>";"<not"
"S3";"idle-cycles-frontend";"332,795,116,437"
"S3";"idle-cycles-backend";"14,641,946,634"
"S3";"L1-dcache-loads";"9,197,501,253"
"S3";"L1-dcache-load-misses";"470,281,425"
"S3";"L1-dcache-stores";"485,103,271"
"S3";"supported>";"<not"
"S3";"L1-dcache-prefetch-misses";"0"
"S3";"L1-icache-load-misses";"308,471,699"
"S3";"LLC-loads";"1,138,966,236"
"S3";"LLC-stores";"163,032,674"
"S3";"supported>";"<not"
"S3";"dTLB-loads";"14,267,081,674"
"S3";"dTLB-load-misses";"876,412"
"S3";"supported>";"<not"
"S3";"supported>";"<not"
"S3";"iTLB-loads";"6,467,782,196"
"S3";"iTLB-load-misses";"347,920"
"S3";"branch-loads";"3,159,870,330"
"S3";"branch-load-misses";"119,363,474"
" ";"seconds time elapsed";"446.143749533";" "
Performance,counter,stats,for,'numactl,--localalloc,--physcpubind=0-31,./snap-aligner,single,/tmp/data/indexes/HG_index_snap,/tmp/data/datasets/NIST7086_CGTACTAG_L002_R2_001.fastq,-t,32,-o,"/scratch/077-hpca4se-bioinf/jlenis/results/SNAP-Localalloc/2592973.SNAP-Localalloc.catwoman.t32.sam':
"
"S0";"cache-misses";"3,089,734,181"
"S0";"cycles";"1,464,428,800,753"
"S0";"instructions";"1,035,362,073,745"
"S0";"cs";"90,022"
"S0";"migrations";"687"
"S0";"faults";"704,596"
"S0";"supported>";"<not"
"S0";"idle-cycles-frontend";"679,837,417,881"
"S0";"idle-cycles-backend";"137,573,094,355"
"S0";"L1-dcache-loads";"449,221,688,745"
"S0";"L1-dcache-load-misses";"6,277,961,549"
"S0";"L1-dcache-stores";"7,040,032,795"
"S0";"supported>";"<not"
"S0";"L1-dcache-prefetch-misses";"0"
"S0";"L1-icache-load-misses";"2,734,381,249"
"S0";"LLC-loads";"10,230,594,096"
"S0";"LLC-stores";"2,825,933,404"
"S0";"supported>";"<not"
"S0";"dTLB-loads";"497,768,729,971"
"S0";"dTLB-load-misses";"340,879,838"
"S0";"supported>";"<not"
"S0";"supported>";"<not"
"S0";"iTLB-loads";"436,531,810,203"
"S0";"iTLB-load-misses";"1,335,014"
"S0";"branch-loads";"159,574,907,499"
"S0";"branch-load-misses";"13,281,990,945"
"S1";"cache-misses";"2,545,577,128"
"S1";"cycles";"1,630,107,704,953"
"S1";"instructions";"1,095,301,361,642"
"S1";"cs";"476,364"
"S1";"migrations";"299"
"S1";"faults";"731,417"
"S1";"supported>";"<not"
"S1";"idle-cycles-frontend";"860,914,636,150"
"S1";"idle-cycles-backend";"240,955,311,529"
"S1";"L1-dcache-loads";"472,347,219,171"
"S1";"L1-dcache-load-misses";"6,591,426,489"
"S1";"L1-dcache-stores";"9,029,417,767"
"S1";"supported>";"<not"
"S1";"L1-dcache-prefetch-misses";"0"
"S1";"L1-icache-load-misses";"2,400,704,553"
"S1";"LLC-loads";"12,969,590,605"
"S1";"LLC-stores";"5,551,010,340"
"S1";"supported>";"<not"
"S1";"dTLB-loads";"548,844,343,482"
"S1";"dTLB-load-misses";"367,058,081"
"S1";"supported>";"<not"
"S1";"supported>";"<not"
"S1";"iTLB-loads";"449,791,739,754"
"S1";"iTLB-load-misses";"1,168,136"
"S1";"branch-loads";"166,541,546,176"
"S1";"branch-load-misses";"13,283,729,222"
"S2";"cache-misses";"133,457,447"
"S2";"cycles";"49,460,762,247"
"S2";"instructions";"9,882,432,487"
"S2";"cs";"94,226"
"S2";"migrations";"9,272"
"S2";"faults";"5,966"
"S2";"supported>";"<not"
"S2";"idle-cycles-frontend";"440,585,579,374"
"S2";"idle-cycles-backend";"18,859,544,707"
"S2";"L1-dcache-loads";"5,585,060,489"
"S2";"L1-dcache-load-misses";"274,538,473"
"S2";"L1-dcache-stores";"287,412,301"
"S2";"supported>";"<not"
"S2";"L1-dcache-prefetch-misses";"0"
"S2";"L1-icache-load-misses";"163,559,076"
"S2";"LLC-loads";"387,265,100"
"S2";"LLC-stores";"198,062,579"
"S2";"supported>";"<not"
"S2";"dTLB-loads";"4,389,829,186"
"S2";"dTLB-load-misses";"67,813"
"S2";"supported>";"<not"
"S2";"supported>";"<not"
"S2";"iTLB-loads";"2,271,536,198"
"S2";"iTLB-load-misses";"91,452"
"S2";"branch-loads";"1,496,628,093"
"S2";"branch-load-misses";"21,798,703"
"S3";"cache-misses";"268,579,314"
"S3";"cycles";"40,070,486,641"
"S3";"instructions";"9,233,320,410"
"S3";"cs";"35,709"
"S3";"migrations";"754"
"S3";"faults";"11,481"
"S3";"supported>";"<not"
"S3";"idle-cycles-frontend";"263,781,861,221"
"S3";"idle-cycles-backend";"11,479,243,295"
"S3";"L1-dcache-loads";"5,271,796,405"
"S3";"L1-dcache-load-misses";"279,469,641"
"S3";"L1-dcache-stores";"333,457,408"
"S3";"supported>";"<not"
"S3";"L1-dcache-prefetch-misses";"0"
"S3";"L1-icache-load-misses";"184,228,413"
"S3";"LLC-loads";"417,590,441"
"S3";"LLC-stores";"108,178,561"
"S3";"supported>";"<not"
"S3";"dTLB-loads";"5,895,979,570"
"S3";"dTLB-load-misses";"497,985"
"S3";"supported>";"<not"
"S3";"supported>";"<not"
"S3";"iTLB-loads";"4,121,626,351"
"S3";"iTLB-load-misses";"225,518"
"S3";"branch-loads";"1,545,545,497"
"S3";"branch-load-misses";"61,448,407"
" ";"seconds time elapsed";"227.793949058";" "
Performance,counter,stats,for,'numactl,--localalloc,--physcpubind=0-47,./snap-aligner,single,/tmp/data/indexes/HG_index_snap,/tmp/data/datasets/NIST7086_CGTACTAG_L002_R2_001.fastq,-t,48,-o,"/scratch/077-hpca4se-bioinf/jlenis/results/SNAP-Localalloc/2592973.SNAP-Localalloc.catwoman.t48.sam':
"
"S0";"cache-misses";"2,288,321,866"
"S0";"cycles";"1,229,717,791,164"
"S0";"instructions";"702,914,851,531"
"S0";"cs";"137,626"
"S0";"migrations";"4,202"
"S0";"faults";"530,747"
"S0";"supported>";"<not"
"S0";"idle-cycles-frontend";"631,304,374,086"
"S0";"idle-cycles-backend";"206,148,914,113"
"S0";"L1-dcache-loads";"328,478,397,185"
"S0";"L1-dcache-load-misses";"4,748,437,444"
"S0";"L1-dcache-stores";"5,414,215,908"
"S0";"supported>";"<not"
"S0";"L1-dcache-prefetch-misses";"0"
"S0";"L1-icache-load-misses";"2,266,717,263"
"S0";"LLC-loads";"7,823,164,184"
"S0";"LLC-stores";"2,154,784,567"
"S0";"supported>";"<not"
"S0";"dTLB-loads";"334,706,001,104"
"S0";"dTLB-load-misses";"216,341,537"
"S0";"supported>";"<not"
"S0";"supported>";"<not"
"S0";"iTLB-loads";"279,127,142,399"
"S0";"iTLB-load-misses";"1,433,889"
"S0";"branch-loads";"102,983,036,454"
"S0";"branch-load-misses";"8,345,807,385"
"S1";"cache-misses";"1,500,556,579"
"S1";"cycles";"1,264,213,178,032"
"S1";"instructions";"724,346,298,158"
"S1";"cs";"148,448"
"S1";"migrations";"1,719"
"S1";"faults";"542,273"
"S1";"supported>";"<not"
"S1";"idle-cycles-frontend";"437,643,245,813"
"S1";"idle-cycles-backend";"191,336,909,962"
"S1";"L1-dcache-loads";"320,016,647,984"
"S1";"L1-dcache-load-misses";"4,074,408,214"
"S1";"L1-dcache-stores";"4,479,178,852"
"S1";"supported>";"<not"
"S1";"L1-dcache-prefetch-misses";"0"
"S1";"L1-icache-load-misses";"1,438,722,231"
"S1";"LLC-loads";"5,955,743,103"
"S1";"LLC-stores";"1,764,205,335"
"S1";"supported>";"<not"
"S1";"dTLB-loads";"318,761,653,599"
"S1";"dTLB-load-misses";"227,471,818"
"S1";"supported>";"<not"
"S1";"supported>";"<not"
"S1";"iTLB-loads";"281,115,431,399"
"S1";"iTLB-load-misses";"1,461,090"
"S1";"branch-loads";"103,675,075,574"
"S1";"branch-load-misses";"8,790,223,330"
"S2";"cache-misses";"1,927,086,478"
"S2";"cycles";"3,859,454,298,694"
"S2";"instructions";"2,135,980,277,217"
"S2";"cs";"409,497"
"S2";"migrations";"3,659"
"S2";"faults";"515,861"
"S2";"supported>";"<not"
"S2";"idle-cycles-frontend";"3,296,371,694,787"
"S2";"idle-cycles-backend";"2,202,304,720,788"
"S2";"L1-dcache-loads";"917,707,267,248"
"S2";"L1-dcache-load-misses";"27,740,242,631"
"S2";"L1-dcache-stores";"31,272,786,319"
"S2";"supported>";"<not"
"S2";"L1-dcache-prefetch-misses";"0"
"S2";"L1-icache-load-misses";"1,956,756,566"
"S2";"LLC-loads";"32,718,111,032"
"S2";"LLC-stores";"9,114,143,410"
"S2";"supported>";"<not"
"S2";"dTLB-loads";"927,186,079,851"
"S2";"dTLB-load-misses";"248,208,905"
"S2";"supported>";"<not"
"S2";"supported>";"<not"
"S2";"iTLB-loads";"617,393,308,507"
"S2";"iTLB-load-misses";"1,330,053"
"S2";"branch-loads";"353,050,948,066"
"S2";"branch-load-misses";"8,815,302,102"
"S3";"cache-misses";"826,292,492"
"S3";"cycles";"105,849,143,153"
"S3";"instructions";"41,652,567,570"
"S3";"cs";"139,058"
"S3";"migrations";"4,668"
"S3";"faults";"92,375"
"S3";"supported>";"<not"
"S3";"idle-cycles-frontend";"508,224,268,251"
"S3";"idle-cycles-backend";"33,762,502,260"
"S3";"L1-dcache-loads";"24,578,060,124"
"S3";"L1-dcache-load-misses";"1,161,763,645"
"S3";"L1-dcache-stores";"1,311,465,909"
"S3";"supported>";"<not"
"S3";"L1-dcache-prefetch-misses";"0"
"S3";"L1-icache-load-misses";"854,498,146"
"S3";"LLC-loads";"2,066,402,042"
"S3";"LLC-stores";"378,891,812"
"S3";"supported>";"<not"
"S3";"dTLB-loads";"27,135,981,636"
"S3";"dTLB-load-misses";"1,832,450"
"S3";"supported>";"<not"
"S3";"supported>";"<not"
"S3";"iTLB-loads";"14,168,902,662"
"S3";"iTLB-load-misses";"1,307,768"
"S3";"branch-loads";"7,827,035,839"
"S3";"branch-load-misses";"290,141,176"
" ";"seconds time elapsed";"1159.918973226";" "
Performance,counter,stats,for,'numactl,--localalloc,--physcpubind=0-63,./snap-aligner,single,/tmp/data/indexes/HG_index_snap,/tmp/data/datasets/NIST7086_CGTACTAG_L002_R2_001.fastq,-t,64,-o,"/scratch/077-hpca4se-bioinf/jlenis/results/SNAP-Localalloc/2592973.SNAP-Localalloc.catwoman.t64.sam':
"
"S0";"cache-misses";"2,343,649,246"
"S0";"cycles";"1,248,666,668,075"
"S0";"instructions";"573,915,968,149"
"S0";"cs";"194,367"
"S0";"migrations";"4,984"
"S0";"faults";"422,659"
"S0";"supported>";"<not"
"S0";"idle-cycles-frontend";"787,758,289,828"
"S0";"idle-cycles-backend";"300,102,384,201"
"S0";"L1-dcache-loads";"271,472,086,406"
"S0";"L1-dcache-load-misses";"4,558,393,253"
"S0";"L1-dcache-stores";"5,190,764,756"
"S0";"supported>";"<not"
"S0";"L1-dcache-prefetch-misses";"0"
"S0";"L1-icache-load-misses";"2,253,648,482"
"S0";"LLC-loads";"7,594,086,662"
"S0";"LLC-stores";"1,963,324,561"
"S0";"supported>";"<not"
"S0";"dTLB-loads";"277,437,184,358"
"S0";"dTLB-load-misses";"170,400,784"
"S0";"supported>";"<not"
"S0";"supported>";"<not"
"S0";"iTLB-loads";"230,025,312,613"
"S0";"iTLB-load-misses";"1,651,489"
"S0";"branch-loads";"85,891,865,727"
"S0";"branch-load-misses";"6,364,608,141"
"S1";"cache-misses";"1,237,688,019"
"S1";"cycles";"1,157,523,898,621"
"S1";"instructions";"527,781,737,330"
"S1";"cs";"116,810"
"S1";"migrations";"1,924"
"S1";"faults";"421,719"
"S1";"supported>";"<not"
"S1";"idle-cycles-frontend";"458,049,292,143"
"S1";"idle-cycles-backend";"261,988,201,852"
"S1";"L1-dcache-loads";"243,750,925,130"
"S1";"L1-dcache-load-misses";"3,222,442,817"
"S1";"L1-dcache-stores";"3,620,163,900"
"S1";"supported>";"<not"
"S1";"L1-dcache-prefetch-misses";"0"
"S1";"L1-icache-load-misses";"1,207,451,150"
"S1";"LLC-loads";"4,909,537,052"
"S1";"LLC-stores";"1,420,449,558"
"S1";"supported>";"<not"
"S1";"dTLB-loads";"247,434,272,590"
"S1";"dTLB-load-misses";"159,458,803"
"S1";"supported>";"<not"
"S1";"supported>";"<not"
"S1";"iTLB-loads";"211,979,538,459"
"S1";"iTLB-load-misses";"1,596,561"
"S1";"branch-loads";"75,913,249,579"
"S1";"branch-load-misses";"6,346,158,168"
"S2";"cache-misses";"1,701,747,476"
"S2";"cycles";"3,981,154,239,744"
"S2";"instructions";"2,059,727,351,426"
"S2";"cs";"434,622"
"S2";"migrations";"6,060"
"S2";"faults";"399,077"
"S2";"supported>";"<not"
"S2";"idle-cycles-frontend";"3,467,213,361,387"
"S2";"idle-cycles-backend";"2,381,706,874,565"
"S2";"L1-dcache-loads";"875,511,506,713"
"S2";"L1-dcache-load-misses";"27,188,976,070"
"S2";"L1-dcache-stores";"29,827,824,910"
"S2";"supported>";"<not"
"S2";"L1-dcache-prefetch-misses";"0"
"S2";"L1-icache-load-misses";"1,687,643,116"
"S2";"LLC-loads";"31,429,740,785"
"S2";"LLC-stores";"8,097,617,553"
"S2";"supported>";"<not"
"S2";"dTLB-loads";"883,484,210,134"
"S2";"dTLB-load-misses";"170,166,430"
"S2";"supported>";"<not"
"S2";"supported>";"<not"
"S2";"iTLB-loads";"565,698,700,852"
"S2";"iTLB-load-misses";"1,613,964"
"S2";"branch-loads";"338,257,437,682"
"S2";"branch-load-misses";"7,235,974,917"
"S3";"cache-misses";"1,772,070,282"
"S3";"cycles";"1,179,774,844,469"
"S3";"instructions";"553,788,863,168"
"S3";"cs";"116,635"
"S3";"migrations";"3,553"
"S3";"faults";"443,472"
"S3";"supported>";"<not"
"S3";"idle-cycles-frontend";"534,477,928,995"
"S3";"idle-cycles-backend";"257,146,285,533"
"S3";"L1-dcache-loads";"269,233,521,578"
"S3";"L1-dcache-load-misses";"4,334,864,660"
"S3";"L1-dcache-stores";"4,763,116,224"
"S3";"supported>";"<not"
"S3";"L1-dcache-prefetch-misses";"0"
"S3";"L1-icache-load-misses";"2,026,717,206"
"S3";"LLC-loads";"6,808,248,870"
"S3";"LLC-stores";"1,523,833,650"
"S3";"supported>";"<not"
"S3";"dTLB-loads";"264,547,237,561"
"S3";"dTLB-load-misses";"154,541,216"
"S3";"supported>";"<not"
"S3";"supported>";"<not"
"S3";"iTLB-loads";"215,092,554,907"
"S3";"iTLB-load-misses";"2,442,739"
"S3";"branch-loads";"81,358,716,685"
"S3";"branch-load-misses";"6,491,460,226"
" ";"seconds time elapsed";"1228.610198079";" "
