Performance,counter,stats,for,'numactl,--interleave=0,"--physcpubind=0,4,8,12,16,20,24,28",./bowtie2,-p,8,-x,/tmp/data/indexes/HG_index_bowtie2/bowtie2_index,/tmp/data/datasets/NIST7086_CGTACTAG_L002_R2_001.fastq,-S,"/scratch/077-hpca4se-bioinf/jlenis/results/BOWTIE2-Interleave/2593048.BOWTIE2-Interleave.penguin.t8.sam':
"
"S0";"cache-misses";"19,560,582,525"
"S0";"cycles";"9,959,093,598,537"
"S0";"instructions";"15,111,828,650,288"
"S0";"cs";"171,430"
"S0";"migrations";"1,934"
"S0";"faults";"44,062"
"S0";"bus-cycles";"574,504,918,242"
"S0";"idle-cycles-frontend";"14,365,538,901,247"
"S0";"idle-cycles-backend";"12,990,697,827,862"
"S0";"L1-dcache-loads";"4,030,668,998,151"
"S0";"L1-dcache-load-misses";"168,284,296,666"
"S0";"L1-dcache-stores";"2,026,048,537,816"
"S0";"L1-dcache-store-misses";"98,750,553,169"
"S0";"L1-dcache-prefetch-misses";"77,158,255,511"
"S0";"L1-icache-load-misses";"51,973,145,358"
"S0";"LLC-loads";"41,768,136,005"
"S0";"LLC-stores";"27,069,636,525"
"S0";"LLC-prefetches";"35,393,852,020"
"S0";"dTLB-loads";"4,037,806,068,457"
"S0";"dTLB-load-misses";"16,368,535,278"
"S0";"dTLB-stores";"2,039,196,897,347"
"S0";"dTLB-store-misses";"941,586,060"
"S0";"iTLB-loads";"1,372,414,555"
"S0";"iTLB-load-misses";"552,948,984"
"S0";"branch-loads";"1,692,645,891,817"
"S0";"branch-load-misses";"65,640,974,002"
"S1";"cache-misses";"81,229,307"
"S1";"cycles";"33,926,826,754"
"S1";"instructions";"12,970,488,589"
"S1";"cs";"111,718"
"S1";"migrations";"770"
"S1";"faults";"43,019"
"S1";"bus-cycles";"2,826,787,715"
"S1";"idle-cycles-frontend";"55,299,168,242"
"S1";"idle-cycles-backend";"49,442,893,151"
"S1";"L1-dcache-loads";"3,833,891,202"
"S1";"L1-dcache-load-misses";"303,210,567"
"S1";"L1-dcache-stores";"2,739,583,432"
"S1";"L1-dcache-store-misses";"66,612,102"
"S1";"L1-dcache-prefetch-misses";"179,163,979"
"S1";"L1-icache-load-misses";"277,147,482"
"S1";"LLC-loads";"369,118,364"
"S1";"LLC-stores";"43,726,473"
"S1";"LLC-prefetches";"78,923,065"
"S1";"dTLB-loads";"6,681,837,721"
"S1";"dTLB-load-misses";"94,047,663"
"S1";"dTLB-stores";"3,105,712,221"
"S1";"dTLB-store-misses";"11,255,718"
"S1";"iTLB-loads";"5,802,200"
"S1";"iTLB-load-misses";"5,715,921"
"S1";"branch-loads";"2,602,029,414"
"S1";"branch-load-misses";"68,905,074"
"S2";"cache-misses";"67,812,368"
"S2";"cycles";"63,568,168,021"
"S2";"instructions";"42,012,538,459"
"S2";"cs";"61,296"
"S2";"migrations";"1,000"
"S2";"faults";"42,601"
"S2";"bus-cycles";"4,734,576,387"
"S2";"idle-cycles-frontend";"78,563,755,165"
"S2";"idle-cycles-backend";"66,399,492,794"
"S2";"L1-dcache-loads";"9,385,866,640"
"S2";"L1-dcache-load-misses";"567,980,496"
"S2";"L1-dcache-stores";"4,062,961,432"
"S2";"L1-dcache-store-misses";"82,453,020"
"S2";"L1-dcache-prefetch-misses";"129,891,091"
"S2";"L1-icache-load-misses";"123,582,353"
"S2";"LLC-loads";"549,192,723"
"S2";"LLC-stores";"21,548,098"
"S2";"LLC-prefetches";"22,001,168"
"S2";"dTLB-loads";"10,250,254,446"
"S2";"dTLB-load-misses";"66,082,419"
"S2";"dTLB-stores";"4,260,374,212"
"S2";"dTLB-store-misses";"6,463,995"
"S2";"iTLB-loads";"1,403,615"
"S2";"iTLB-load-misses";"4,310,553"
"S2";"branch-loads";"9,319,630,031"
"S2";"branch-load-misses";"62,493,047"
"S3";"cache-misses";"85,112,774"
"S3";"cycles";"54,180,427,044"
"S3";"instructions";"31,645,939,360"
"S3";"cs";"113,873"
"S3";"migrations";"3,164"
"S3";"faults";"59,508"
"S3";"bus-cycles";"4,453,700,270"
"S3";"idle-cycles-frontend";"94,648,547,047"
"S3";"idle-cycles-backend";"80,262,784,298"
"S3";"L1-dcache-loads";"12,754,251,346"
"S3";"L1-dcache-load-misses";"985,314,415"
"S3";"L1-dcache-stores";"5,904,599,235"
"S3";"L1-dcache-store-misses";"128,755,322"
"S3";"L1-dcache-prefetch-misses";"235,971,737"
"S3";"L1-icache-load-misses";"629,338,185"
"S3";"LLC-loads";"410,277,868"
"S3";"LLC-stores";"36,927,390"
"S3";"LLC-prefetches";"134,061,118"
"S3";"dTLB-loads";"14,071,865,115"
"S3";"dTLB-load-misses";"98,854,549"
"S3";"dTLB-stores";"7,460,464,412"
"S3";"dTLB-store-misses";"11,635,942"
"S3";"iTLB-loads";"6,839,315"
"S3";"iTLB-load-misses";"10,216,529"
"S3";"branch-loads";"6,719,119,036"
"S3";"branch-load-misses";"166,432,124"
" ";"seconds time elapsed";"723.503204176";" "
Performance,counter,stats,for,'numactl,"--interleave=0,1","--physcpubind=0,4,8,12,16,20,24,28,1,5,9,13,17,21,25,29",./bowtie2,-p,16,-x,/tmp/data/indexes/HG_index_bowtie2/bowtie2_index,/tmp/data/datasets/NIST7086_CGTACTAG_L002_R2_001.fastq,-S,"/scratch/077-hpca4se-bioinf/jlenis/results/BOWTIE2-Interleave/2593048.BOWTIE2-Interleave.penguin.t16.sam':
"
"S0";"cache-misses";"9,145,128,739"
"S0";"cycles";"5,592,887,192,562"
"S0";"instructions";"6,840,261,967,004"
"S0";"cs";"165,908"
"S0";"migrations";"1,168"
"S0";"faults";"40,529"
"S0";"bus-cycles";"309,039,503,003"
"S0";"idle-cycles-frontend";"8,676,925,293,386"
"S0";"idle-cycles-backend";"8,034,410,650,665"
"S0";"L1-dcache-loads";"1,839,356,627,048"
"S0";"L1-dcache-load-misses";"78,176,211,253"
"S0";"L1-dcache-stores";"943,393,579,048"
"S0";"L1-dcache-store-misses";"45,597,358,444"
"S0";"L1-dcache-prefetch-misses";"35,259,641,512"
"S0";"L1-icache-load-misses";"24,260,795,805"
"S0";"LLC-loads";"19,583,169,240"
"S0";"LLC-stores";"12,555,569,455"
"S0";"LLC-prefetches";"16,413,668,000"
"S0";"dTLB-loads";"1,866,193,537,834"
"S0";"dTLB-load-misses";"7,657,644,766"
"S0";"dTLB-stores";"944,208,147,128"
"S0";"dTLB-store-misses";"619,143,789"
"S0";"iTLB-loads";"652,763,200"
"S0";"iTLB-load-misses";"310,708,448"
"S0";"branch-loads";"780,997,802,496"
"S0";"branch-load-misses";"30,297,777,418"
"S1";"cache-misses";"10,781,419,078"
"S1";"cycles";"7,198,982,542,045"
"S1";"instructions";"8,188,625,210,388"
"S1";"cs";"162,920"
"S1";"migrations";"406"
"S1";"faults";"37,942"
"S1";"bus-cycles";"313,056,714,758"
"S1";"idle-cycles-frontend";"11,370,668,025,269"
"S1";"idle-cycles-backend";"10,593,610,874,157"
"S1";"L1-dcache-loads";"2,176,714,814,278"
"S1";"L1-dcache-load-misses";"90,928,545,013"
"S1";"L1-dcache-stores";"1,104,293,032,274"
"S1";"L1-dcache-store-misses";"53,856,715,792"
"S1";"L1-dcache-prefetch-misses";"42,056,743,734"
"S1";"L1-icache-load-misses";"28,389,641,089"
"S1";"LLC-loads";"23,275,479,563"
"S1";"LLC-stores";"15,211,902,464"
"S1";"LLC-prefetches";"19,371,201,959"
"S1";"dTLB-loads";"2,193,321,942,955"
"S1";"dTLB-load-misses";"9,002,082,717"
"S1";"dTLB-stores";"1,111,089,154,570"
"S1";"dTLB-store-misses";"694,905,449"
"S1";"iTLB-loads";"586,931,182"
"S1";"iTLB-load-misses";"292,302,514"
"S1";"branch-loads";"920,956,148,964"
"S1";"branch-load-misses";"35,633,172,266"
"S2";"cache-misses";"117,953,042"
"S2";"cycles";"83,670,055,660"
"S2";"instructions";"27,967,531,356"
"S2";"cs";"51,616"
"S2";"migrations";"613"
"S2";"faults";"35,665"
"S2";"bus-cycles";"4,096,210,585"
"S2";"idle-cycles-frontend";"137,766,257,307"
"S2";"idle-cycles-backend";"136,896,347,529"
"S2";"L1-dcache-loads";"7,016,741,060"
"S2";"L1-dcache-load-misses";"540,575,018"
"S2";"L1-dcache-stores";"3,520,251,307"
"S2";"L1-dcache-store-misses";"89,598,291"
"S2";"L1-dcache-prefetch-misses";"108,902,701"
"S2";"L1-icache-load-misses";"188,205,115"
"S2";"LLC-loads";"406,998,069"
"S2";"LLC-stores";"135,624,646"
"S2";"LLC-prefetches";"229,415,003"
"S2";"dTLB-loads";"6,473,488,952"
"S2";"dTLB-load-misses";"334,809,010"
"S2";"dTLB-stores";"4,092,156,996"
"S2";"dTLB-store-misses";"43,392,463"
"S2";"iTLB-loads";"2,356,189"
"S2";"iTLB-load-misses";"2,974,274"
"S2";"branch-loads";"6,547,509,277"
"S2";"branch-load-misses";"61,824,038"
"S3";"cache-misses";"136,602,389"
"S3";"cycles";"80,293,164,298"
"S3";"instructions";"35,160,369,207"
"S3";"cs";"79,522"
"S3";"migrations";"1,393"
"S3";"faults";"47,992"
"S3";"bus-cycles";"5,028,301,993"
"S3";"idle-cycles-frontend";"143,238,143,551"
"S3";"idle-cycles-backend";"131,077,487,058"
"S3";"L1-dcache-loads";"11,279,129,343"
"S3";"L1-dcache-load-misses";"855,601,635"
"S3";"L1-dcache-stores";"6,522,013,014"
"S3";"L1-dcache-store-misses";"134,299,593"
"S3";"L1-dcache-prefetch-misses";"222,831,927"
"S3";"L1-icache-load-misses";"469,424,677"
"S3";"LLC-loads";"393,846,445"
"S3";"LLC-stores";"84,123,474"
"S3";"LLC-prefetches";"183,271,593"
"S3";"dTLB-loads";"9,908,907,440"
"S3";"dTLB-load-misses";"253,640,960"
"S3";"dTLB-stores";"5,642,293,407"
"S3";"dTLB-store-misses";"32,284,318"
"S3";"iTLB-loads";"5,303,032"
"S3";"iTLB-load-misses";"6,552,376"
"S3";"branch-loads";"6,225,023,612"
"S3";"branch-load-misses";"124,355,187"
" ";"seconds time elapsed";"397.511778307";" "
Performance,counter,stats,for,'numactl,"--interleave=0,1","--physcpubind=0,4,8,12,16,20,24,28,32,36,40,44,48,52,56,60,1,5,9,13,17,21,25,29,33,37,41,45,49,53,57,61",./bowtie2,-p,32,-x,/tmp/data/indexes/HG_index_bowtie2/bowtie2_index,/tmp/data/datasets/NIST7086_CGTACTAG_L002_R2_001.fastq,-S,"/scratch/077-hpca4se-bioinf/jlenis/results/BOWTIE2-Interleave/2593048.BOWTIE2-Interleave.penguin.t32.sam':
"
"S0";"cache-misses";"13,825,181,427"
"S0";"cycles";"9,387,171,198,215"
"S0";"instructions";"7,076,991,511,539"
"S0";"cs";"13,308,976"
"S0";"migrations";"7,754"
"S0";"faults";"88,684"
"S0";"bus-cycles";"541,909,679,097"
"S0";"idle-cycles-frontend";"7,010,066,464,475"
"S0";"idle-cycles-backend";"4,907,883,074,156"
"S0";"L1-dcache-loads";"1,892,564,866,792"
"S0";"L1-dcache-load-misses";"90,228,277,377"
"S0";"L1-dcache-stores";"992,870,416,153"
"S0";"L1-dcache-store-misses";"49,650,537,563"
"S0";"L1-dcache-prefetch-misses";"29,478,962,325"
"S0";"L1-icache-load-misses";"31,126,103,592"
"S0";"LLC-loads";"25,369,643,163"
"S0";"LLC-stores";"20,677,759,014"
"S0";"LLC-prefetches";"24,329,554,736"
"S0";"dTLB-loads";"1,939,672,659,235"
"S0";"dTLB-load-misses";"13,920,167,650"
"S0";"dTLB-stores";"997,880,417,617"
"S0";"dTLB-store-misses";"3,876,175,888"
"S0";"iTLB-loads";"4,291,476,601"
"S0";"iTLB-load-misses";"1,765,008,139"
"S0";"branch-loads";"828,663,434,144"
"S0";"branch-load-misses";"30,993,504,174"
"S1";"cache-misses";"14,413,342,542"
"S1";"cycles";"11,580,310,791,994"
"S1";"instructions";"8,276,171,398,913"
"S1";"cs";"323,810"
"S1";"migrations";"39,527"
"S1";"faults";"57,693"
"S1";"bus-cycles";"512,802,675,742"
"S1";"idle-cycles-frontend";"9,517,601,039,342"
"S1";"idle-cycles-backend";"7,222,648,770,237"
"S1";"L1-dcache-loads";"2,213,520,874,022"
"S1";"L1-dcache-load-misses";"103,090,784,065"
"S1";"L1-dcache-stores";"1,155,264,898,951"
"S1";"L1-dcache-store-misses";"56,785,199,010"
"S1";"L1-dcache-prefetch-misses";"34,580,425,035"
"S1";"L1-icache-load-misses";"34,656,699,393"
"S1";"LLC-loads";"28,421,712,395"
"S1";"LLC-stores";"23,305,936,646"
"S1";"LLC-prefetches";"26,946,315,191"
"S1";"dTLB-loads";"2,263,468,580,146"
"S1";"dTLB-load-misses";"15,464,952,993"
"S1";"dTLB-stores";"1,164,007,673,766"
"S1";"dTLB-store-misses";"4,249,176,980"
"S1";"iTLB-loads";"4,596,019,520"
"S1";"iTLB-load-misses";"1,605,214,207"
"S1";"branch-loads";"962,767,107,744"
"S1";"branch-load-misses";"35,706,726,349"
"S2";"cache-misses";"46,498,250"
"S2";"cycles";"21,076,157,804"
"S2";"instructions";"8,976,974,179"
"S2";"cs";"64,995"
"S2";"migrations";"866"
"S2";"faults";"34,233"
"S2";"bus-cycles";"1,836,202,009"
"S2";"idle-cycles-frontend";"35,365,396,484"
"S2";"idle-cycles-backend";"33,415,658,525"
"S2";"L1-dcache-loads";"2,785,003,360"
"S2";"L1-dcache-load-misses";"179,693,689"
"S2";"L1-dcache-stores";"1,935,757,841"
"S2";"L1-dcache-store-misses";"41,126,845"
"S2";"L1-dcache-prefetch-misses";"41,940,741"
"S2";"L1-icache-load-misses";"168,868,278"
"S2";"LLC-loads";"172,926,969"
"S2";"LLC-stores";"25,421,015"
"S2";"LLC-prefetches";"25,259,997"
"S2";"dTLB-loads";"3,312,751,715"
"S2";"dTLB-load-misses";"74,280,940"
"S2";"dTLB-stores";"1,966,063,616"
"S2";"dTLB-store-misses";"11,036,912"
"S2";"iTLB-loads";"1,941,437"
"S2";"iTLB-load-misses";"2,401,619"
"S2";"branch-loads";"1,727,920,715"
"S2";"branch-load-misses";"44,045,513"
"S3";"cache-misses";"78,955,763"
"S3";"cycles";"41,708,933,609"
"S3";"instructions";"24,960,192,791"
"S3";"cs";"92,046"
"S3";"migrations";"2,019"
"S3";"faults";"40,335"
"S3";"bus-cycles";"3,359,050,315"
"S3";"idle-cycles-frontend";"70,825,133,499"
"S3";"idle-cycles-backend";"62,681,669,222"
"S3";"L1-dcache-loads";"7,636,641,971"
"S3";"L1-dcache-load-misses";"595,266,867"
"S3";"L1-dcache-stores";"4,516,190,433"
"S3";"L1-dcache-store-misses";"89,984,057"
"S3";"L1-dcache-prefetch-misses";"190,822,173"
"S3";"L1-icache-load-misses";"368,966,196"
"S3";"LLC-loads";"403,933,140"
"S3";"LLC-stores";"32,981,615"
"S3";"LLC-prefetches";"97,478,819"
"S3";"dTLB-loads";"7,679,141,563"
"S3";"dTLB-load-misses";"106,858,857"
"S3";"dTLB-stores";"4,435,833,409"
"S3";"dTLB-store-misses";"14,132,484"
"S3";"iTLB-loads";"5,400,434"
"S3";"iTLB-load-misses";"8,145,596"
"S3";"branch-loads";"5,006,920,898"
"S3";"branch-load-misses";"123,784,911"
" ";"seconds time elapsed";"356.939385771";" "
Performance,counter,stats,for,'numactl,--interleave=0-2,"--physcpubind=0,4,8,12,16,20,24,28,32,36,40,44,48,52,56,60,1,5,9,13,17,21,25,29,33,37,41,45,49,53,57,61,2,6,10,14,18,22,26,30,34,38,42,46,50,54,58,62",./bowtie2,-p,48,-x,/tmp/data/indexes/HG_index_bowtie2/bowtie2_index,/tmp/data/datasets/NIST7086_CGTACTAG_L002_R2_001.fastq,-S,"/scratch/077-hpca4se-bioinf/jlenis/results/BOWTIE2-Interleave/2593048.BOWTIE2-Interleave.penguin.t48.sam':
"
"S0";"cache-misses";"8,241,789,311"
"S0";"cycles";"7,800,667,678,837"
"S0";"instructions";"4,664,683,382,052"
"S0";"cs";"542,689"
"S0";"migrations";"853"
"S0";"faults";"73,396"
"S0";"bus-cycles";"427,335,681,856"
"S0";"idle-cycles-frontend";"6,041,854,729,607"
"S0";"idle-cycles-backend";"4,636,266,796,673"
"S0";"L1-dcache-loads";"1,245,191,848,862"
"S0";"L1-dcache-load-misses";"58,143,671,207"
"S0";"L1-dcache-stores";"680,325,535,001"
"S0";"L1-dcache-store-misses";"32,263,992,811"
"S0";"L1-dcache-prefetch-misses";"18,854,066,652"
"S0";"L1-icache-load-misses";"21,046,444,091"
"S0";"LLC-loads";"16,654,162,184"
"S0";"LLC-stores";"13,411,716,080"
"S0";"LLC-prefetches";"15,703,425,863"
"S0";"dTLB-loads";"1,316,740,344,458"
"S0";"dTLB-load-misses";"11,946,647,353"
"S0";"dTLB-stores";"685,307,840,331"
"S0";"dTLB-store-misses";"4,384,752,792"
"S0";"iTLB-loads";"2,159,151,333"
"S0";"iTLB-load-misses";"1,002,122,532"
"S0";"branch-loads";"571,190,974,427"
"S0";"branch-load-misses";"20,411,982,790"
"S1";"cache-misses";"9,469,335,787"
"S1";"cycles";"10,056,046,475,283"
"S1";"instructions";"5,662,771,259,785"
"S1";"cs";"246,287"
"S1";"migrations";"591"
"S1";"faults";"66,345"
"S1";"bus-cycles";"430,026,865,767"
"S1";"idle-cycles-frontend";"7,991,373,122,283"
"S1";"idle-cycles-backend";"6,301,371,393,214"
"S1";"L1-dcache-loads";"1,525,767,526,435"
"S1";"L1-dcache-load-misses";"71,608,354,879"
"S1";"L1-dcache-stores";"829,880,215,014"
"S1";"L1-dcache-store-misses";"38,908,155,312"
"S1";"L1-dcache-prefetch-misses";"22,611,099,550"
"S1";"L1-icache-load-misses";"24,422,075,930"
"S1";"LLC-loads";"19,693,845,759"
"S1";"LLC-stores";"16,553,862,545"
"S1";"LLC-prefetches";"19,013,902,379"
"S1";"dTLB-loads";"1,597,350,531,536"
"S1";"dTLB-load-misses";"14,226,774,830"
"S1";"dTLB-stores";"827,672,428,777"
"S1";"dTLB-store-misses";"4,624,718,944"
"S1";"iTLB-loads";"3,195,004,385"
"S1";"iTLB-load-misses";"1,323,239,925"
"S1";"branch-loads";"690,473,201,220"
"S1";"branch-load-misses";"24,187,400,884"
"S2";"cache-misses";"8,341,872,608"
"S2";"cycles";"10,028,882,534,803"
"S2";"instructions";"5,454,911,552,682"
"S2";"cs";"779,648"
"S2";"migrations";"800"
"S2";"faults";"72,969"
"S2";"bus-cycles";"431,335,871,116"
"S2";"idle-cycles-frontend";"8,068,732,949,454"
"S2";"idle-cycles-backend";"6,449,326,859,120"
"S2";"L1-dcache-loads";"1,477,364,453,730"
"S2";"L1-dcache-load-misses";"68,495,328,109"
"S2";"L1-dcache-stores";"796,680,406,595"
"S2";"L1-dcache-store-misses";"37,612,384,897"
"S2";"L1-dcache-prefetch-misses";"21,069,150,011"
"S2";"L1-icache-load-misses";"23,674,328,303"
"S2";"LLC-loads";"18,897,748,091"
"S2";"LLC-stores";"15,932,976,995"
"S2";"LLC-prefetches";"17,901,117,203"
"S2";"dTLB-loads";"1,540,387,880,280"
"S2";"dTLB-load-misses";"13,772,702,847"
"S2";"dTLB-stores";"799,463,887,317"
"S2";"dTLB-store-misses";"5,224,044,217"
"S2";"iTLB-loads";"1,410,645,022"
"S2";"iTLB-load-misses";"1,680,717,738"
"S2";"branch-loads";"663,901,752,156"
"S2";"branch-load-misses";"23,453,744,425"
"S3";"cache-misses";"84,395,148"
"S3";"cycles";"37,151,006,827"
"S3";"instructions";"19,855,694,057"
"S3";"cs";"85,261"
"S3";"migrations";"1,468"
"S3";"faults";"47,805"
"S3";"bus-cycles";"2,866,074,585"
"S3";"idle-cycles-frontend";"58,811,765,810"
"S3";"idle-cycles-backend";"50,909,572,874"
"S3";"L1-dcache-loads";"5,511,340,907"
"S3";"L1-dcache-load-misses";"455,639,501"
"S3";"L1-dcache-stores";"3,252,636,076"
"S3";"L1-dcache-store-misses";"67,398,622"
"S3";"L1-dcache-prefetch-misses";"165,795,211"
"S3";"L1-icache-load-misses";"314,090,165"
"S3";"LLC-loads";"249,609,630"
"S3";"LLC-stores";"33,329,481"
"S3";"LLC-prefetches";"107,377,801"
"S3";"dTLB-loads";"5,111,628,267"
"S3";"dTLB-load-misses";"93,600,965"
"S3";"dTLB-stores";"3,302,509,396"
"S3";"dTLB-store-misses";"11,775,272"
"S3";"iTLB-loads";"5,784,042"
"S3";"iTLB-load-misses";"6,783,340"
"S3";"branch-loads";"3,760,354,185"
"S3";"branch-load-misses";"101,203,654"
" ";"seconds time elapsed";"289.611187531";" "
Performance,counter,stats,for,'numactl,--interleave=0-3,--physcpubind=0-63,./bowtie2,-p,64,-x,/tmp/data/indexes/HG_index_bowtie2/bowtie2_index,/tmp/data/datasets/NIST7086_CGTACTAG_L002_R2_001.fastq,-S,"/scratch/077-hpca4se-bioinf/jlenis/results/BOWTIE2-Interleave/2593048.BOWTIE2-Interleave.penguin.t64.sam':
"
"S0";"cache-misses";"5,184,693,551"
"S0";"cycles";"11,243,574,047,710"
"S0";"instructions";"3,570,321,226,110"
"S0";"cs";"18,307,524"
"S0";"migrations";"4,357"
"S0";"faults";"105,131"
"S0";"bus-cycles";"596,101,933,784"
"S0";"idle-cycles-frontend";"9,774,565,550,885"
"S0";"idle-cycles-backend";"8,596,297,974,249"
"S0";"L1-dcache-loads";"987,389,761,485"
"S0";"L1-dcache-load-misses";"37,813,356,979"
"S0";"L1-dcache-stores";"549,478,934,760"
"S0";"L1-dcache-store-misses";"20,888,037,835"
"S0";"L1-dcache-prefetch-misses";"12,164,960,122"
"S0";"L1-icache-load-misses";"14,737,911,110"
"S0";"LLC-loads";"10,385,482,896"
"S0";"LLC-stores";"8,997,675,170"
"S0";"LLC-prefetches";"9,293,292,686"
"S0";"dTLB-loads";"1,033,619,811,083"
"S0";"dTLB-load-misses";"17,185,140,047"
"S0";"dTLB-stores";"557,005,963,898"
"S0";"dTLB-store-misses";"6,310,839,678"
"S0";"iTLB-loads";"1,028,765,733"
"S0";"iTLB-load-misses";"615,664,822"
"S0";"branch-loads";"467,537,444,029"
"S0";"branch-load-misses";"13,426,075,230"
"S1";"cache-misses";"6,819,000,389"
"S1";"cycles";"14,021,307,835,820"
"S1";"instructions";"4,601,579,287,760"
"S1";"cs";"797,663"
"S1";"migrations";"1,015"
"S1";"faults";"60,642"
"S1";"bus-cycles";"608,007,159,006"
"S1";"idle-cycles-frontend";"12,337,216,997,716"
"S1";"idle-cycles-backend";"10,837,768,135,123"
"S1";"L1-dcache-loads";"1,273,752,532,819"
"S1";"L1-dcache-load-misses";"49,550,100,267"
"S1";"L1-dcache-stores";"687,452,205,505"
"S1";"L1-dcache-store-misses";"27,099,714,189"
"S1";"L1-dcache-prefetch-misses";"15,902,151,220"
"S1";"L1-icache-load-misses";"18,024,314,178"
"S1";"LLC-loads";"13,463,931,685"
"S1";"LLC-stores";"11,832,673,514"
"S1";"LLC-prefetches";"12,330,234,259"
"S1";"dTLB-loads";"1,305,583,885,615"
"S1";"dTLB-load-misses";"18,850,829,675"
"S1";"dTLB-stores";"698,850,174,276"
"S1";"dTLB-store-misses";"7,100,447,303"
"S1";"iTLB-loads";"1,588,897,562"
"S1";"iTLB-load-misses";"757,686,093"
"S1";"branch-loads";"585,571,861,818"
"S1";"branch-load-misses";"17,508,202,658"
"S2";"cache-misses";"7,160,283,677"
"S2";"cycles";"13,175,957,859,076"
"S2";"instructions";"4,977,818,758,316"
"S2";"cs";"854,686"
"S2";"migrations";"1,235"
"S2";"faults";"92,870"
"S2";"bus-cycles";"568,417,920,759"
"S2";"idle-cycles-frontend";"12,071,585,761,426"
"S2";"idle-cycles-backend";"10,531,410,825,237"
"S2";"L1-dcache-loads";"1,359,836,606,813"
"S2";"L1-dcache-load-misses";"54,249,775,965"
"S2";"L1-dcache-stores";"740,968,524,302"
"S2";"L1-dcache-store-misses";"30,035,815,552"
"S2";"L1-dcache-prefetch-misses";"17,745,996,085"
"S2";"L1-icache-load-misses";"19,422,703,693"
"S2";"LLC-loads";"14,878,199,127"
"S2";"LLC-stores";"12,764,626,219"
"S2";"LLC-prefetches";"13,860,025,207"
"S2";"dTLB-loads";"1,422,113,710,301"
"S2";"dTLB-load-misses";"18,369,493,495"
"S2";"dTLB-stores";"756,473,461,259"
"S2";"dTLB-store-misses";"6,885,961,320"
"S2";"iTLB-loads";"1,880,194,925"
"S2";"iTLB-load-misses";"871,518,681"
"S2";"branch-loads";"635,271,493,839"
"S2";"branch-load-misses";"19,426,224,261"
"S3";"cache-misses";"7,420,675,098"
"S3";"cycles";"13,728,658,634,878"
"S3";"instructions";"4,848,910,401,905"
"S3";"cs";"25,405,602"
"S3";"migrations";"5,733"
"S3";"faults";"105,023"
"S3";"bus-cycles";"607,290,759,943"
"S3";"idle-cycles-frontend";"12,020,739,005,977"
"S3";"idle-cycles-backend";"10,491,223,254,499"
"S3";"L1-dcache-loads";"1,338,925,055,508"
"S3";"L1-dcache-load-misses";"53,948,028,580"
"S3";"L1-dcache-stores";"719,067,165,351"
"S3";"L1-dcache-store-misses";"29,325,349,603"
"S3";"L1-dcache-prefetch-misses";"17,190,881,231"
"S3";"L1-icache-load-misses";"19,769,893,755"
"S3";"LLC-loads";"14,687,781,885"
"S3";"LLC-stores";"12,452,755,353"
"S3";"LLC-prefetches";"13,131,115,783"
"S3";"dTLB-loads";"1,351,933,650,034"
"S3";"dTLB-load-misses";"18,472,220,703"
"S3";"dTLB-stores";"722,489,286,188"
"S3";"dTLB-store-misses";"6,684,590,791"
"S3";"iTLB-loads";"1,594,863,372"
"S3";"iTLB-load-misses";"937,960,542"
"S3";"branch-loads";"608,705,444,385"
"S3";"branch-load-misses";"18,864,901,548"
" ";"seconds time elapsed";"399.689822797";" "
