Performance,counter,stats,for,'numactl,--interleave=0,"--physcpubind=0,4,8,12,16,20,24,28",bin/gem-mapper,-t,8,-I,/tmp/data/indexes/HG_index_GEM/index.gem,-i,/tmp/data/datasets/NIST7086_CGTACTAG_L002_R2_001.fastq,-o,"/scratch/077-hpca4se-bioinf/jlenis/results/GEM-Interleave/2593089.GEM-Interleave.penguin.t8.sam':
"
"S0";"cache-misses";"6,191,940,907"
"S0";"cycles";"2,576,473,794,424"
"S0";"instructions";"4,163,979,123,113"
"S0";"cs";"63,234"
"S0";"migrations";"178"
"S0";"faults";"85,600"
"S0";"bus-cycles";"126,531,160,438"
"S0";"idle-cycles-frontend";"3,628,848,363,622"
"S0";"idle-cycles-backend";"3,093,278,296,593"
"S0";"L1-dcache-loads";"1,030,913,130,747"
"S0";"L1-dcache-load-misses";"24,110,944,564"
"S0";"L1-dcache-stores";"441,539,618,203"
"S0";"L1-dcache-store-misses";"12,330,201,886"
"S0";"L1-dcache-prefetch-misses";"7,668,455,700"
"S0";"L1-icache-load-misses";"9,184,151,836"
"S0";"LLC-loads";"9,229,727,779"
"S0";"LLC-stores";"1,561,752,217"
"S0";"LLC-prefetches";"2,824,449,363"
"S0";"dTLB-loads";"1,108,690,373,318"
"S0";"dTLB-load-misses";"3,300,603,688"
"S0";"dTLB-stores";"477,361,962,578"
"S0";"dTLB-store-misses";"148,207,236"
"S0";"iTLB-loads";"100,537,097"
"S0";"iTLB-load-misses";"36,003,898"
"S0";"branch-loads";"391,322,183,152"
"S0";"branch-load-misses";"8,119,732,404"
"S1";"cache-misses";"54,284,658"
"S1";"cycles";"19,597,244,956"
"S1";"instructions";"9,145,161,413"
"S1";"cs";"39,860"
"S1";"migrations";"358"
"S1";"faults";"14,374"
"S1";"bus-cycles";"1,647,001,649"
"S1";"idle-cycles-frontend";"31,423,820,214"
"S1";"idle-cycles-backend";"27,622,134,009"
"S1";"L1-dcache-loads";"2,604,902,132"
"S1";"L1-dcache-load-misses";"170,791,956"
"S1";"L1-dcache-stores";"1,545,460,698"
"S1";"L1-dcache-store-misses";"29,736,846"
"S1";"L1-dcache-prefetch-misses";"89,557,133"
"S1";"L1-icache-load-misses";"115,887,992"
"S1";"LLC-loads";"139,628,193"
"S1";"LLC-stores";"21,915,879"
"S1";"LLC-prefetches";"59,000,570"
"S1";"dTLB-loads";"2,448,422,857"
"S1";"dTLB-load-misses";"75,017,206"
"S1";"dTLB-stores";"1,427,409,421"
"S1";"dTLB-store-misses";"9,650,051"
"S1";"iTLB-loads";"4,848,126"
"S1";"iTLB-load-misses";"3,610,823"
"S1";"branch-loads";"1,623,399,588"
"S1";"branch-load-misses";"30,407,246"
"S2";"cache-misses";"25,073,292"
"S2";"cycles";"31,486,326,954"
"S2";"instructions";"11,390,525,727"
"S2";"cs";"44,949"
"S2";"migrations";"390"
"S2";"faults";"13,945"
"S2";"bus-cycles";"1,210,930,139"
"S2";"idle-cycles-frontend";"25,716,001,730"
"S2";"idle-cycles-backend";"22,414,683,299"
"S2";"L1-dcache-loads";"2,435,272,567"
"S2";"L1-dcache-load-misses";"116,983,782"
"S2";"L1-dcache-stores";"1,604,024,473"
"S2";"L1-dcache-store-misses";"21,177,455"
"S2";"L1-dcache-prefetch-misses";"31,785,454"
"S2";"L1-icache-load-misses";"150,325,261"
"S2";"LLC-loads";"65,126,601"
"S2";"LLC-stores";"11,951,418"
"S2";"LLC-prefetches";"16,125,512"
"S2";"dTLB-loads";"3,339,903,798"
"S2";"dTLB-load-misses";"85,756,636"
"S2";"dTLB-stores";"1,912,478,957"
"S2";"dTLB-store-misses";"12,759,363"
"S2";"iTLB-loads";"1,380,425"
"S2";"iTLB-load-misses";"1,625,844"
"S2";"branch-loads";"2,677,268,779"
"S2";"branch-load-misses";"31,733,548"
"S3";"cache-misses";"49,014,323"
"S3";"cycles";"24,749,725,297"
"S3";"instructions";"14,887,571,282"
"S3";"cs";"58,726"
"S3";"migrations";"1,260"
"S3";"faults";"15,442"
"S3";"bus-cycles";"1,941,073,910"
"S3";"idle-cycles-frontend";"42,367,838,749"
"S3";"idle-cycles-backend";"37,445,844,056"
"S3";"L1-dcache-loads";"3,772,719,527"
"S3";"L1-dcache-load-misses";"320,739,887"
"S3";"L1-dcache-stores";"2,126,464,024"
"S3";"L1-dcache-store-misses";"50,583,378"
"S3";"L1-dcache-prefetch-misses";"138,923,237"
"S3";"L1-icache-load-misses";"216,848,102"
"S3";"LLC-loads";"184,674,686"
"S3";"LLC-stores";"19,570,372"
"S3";"LLC-prefetches";"81,482,471"
"S3";"dTLB-loads";"4,286,828,712"
"S3";"dTLB-load-misses";"67,501,135"
"S3";"dTLB-stores";"2,447,746,360"
"S3";"dTLB-store-misses";"9,183,704"
"S3";"iTLB-loads";"3,896,455"
"S3";"iTLB-load-misses";"3,976,836"
"S3";"branch-loads";"2,792,065,542"
"S3";"branch-load-misses";"66,967,477"
" ";"seconds time elapsed";"185.372913082";" "
Performance,counter,stats,for,'numactl,"--interleave=0,1","--physcpubind=0,4,8,12,16,20,24,28,1,5,9,13,17,21,25,29",bin/gem-mapper,-t,16,-I,/tmp/data/indexes/HG_index_GEM/index.gem,-i,/tmp/data/datasets/NIST7086_CGTACTAG_L002_R2_001.fastq,-o,"/scratch/077-hpca4se-bioinf/jlenis/results/GEM-Interleave/2593089.GEM-Interleave.penguin.t16.sam':
"
"S0";"cache-misses";"2,777,966,593"
"S0";"cycles";"1,448,677,177,401"
"S0";"instructions";"1,959,868,126,718"
"S0";"cs";"43,901"
"S0";"migrations";"309"
"S0";"faults";"17,595"
"S0";"bus-cycles";"60,426,872,519"
"S0";"idle-cycles-frontend";"2,252,519,735,331"
"S0";"idle-cycles-backend";"2,018,600,816,125"
"S0";"L1-dcache-loads";"504,959,445,432"
"S0";"L1-dcache-load-misses";"11,837,486,887"
"S0";"L1-dcache-stores";"226,220,029,599"
"S0";"L1-dcache-store-misses";"6,101,242,687"
"S0";"L1-dcache-prefetch-misses";"3,909,360,846"
"S0";"L1-icache-load-misses";"4,857,697,833"
"S0";"LLC-loads";"4,547,694,076"
"S0";"LLC-stores";"516,188,840"
"S0";"LLC-prefetches";"1,472,833,688"
"S0";"dTLB-loads";"559,377,491,948"
"S0";"dTLB-load-misses";"1,620,366,988"
"S0";"dTLB-stores";"233,249,561,897"
"S0";"dTLB-store-misses";"70,211,832"
"S0";"iTLB-loads";"31,016,780"
"S0";"iTLB-load-misses";"11,857,138"
"S0";"branch-loads";"185,117,358,562"
"S0";"branch-load-misses";"3,718,467,764"
"S1";"cache-misses";"3,097,172,888"
"S1";"cycles";"1,476,198,276,580"
"S1";"instructions";"2,001,032,345,076"
"S1";"cs";"278,392"
"S1";"migrations";"284"
"S1";"faults";"88,106"
"S1";"bus-cycles";"66,126,631,074"
"S1";"idle-cycles-frontend";"2,208,484,283,891"
"S1";"idle-cycles-backend";"1,954,711,760,390"
"S1";"L1-dcache-loads";"538,931,075,689"
"S1";"L1-dcache-load-misses";"12,865,366,885"
"S1";"L1-dcache-stores";"229,114,899,926"
"S1";"L1-dcache-store-misses";"6,760,396,641"
"S1";"L1-dcache-prefetch-misses";"4,231,696,489"
"S1";"L1-icache-load-misses";"4,996,827,325"
"S1";"LLC-loads";"5,129,805,021"
"S1";"LLC-stores";"1,076,382,502"
"S1";"LLC-prefetches";"1,508,483,936"
"S1";"dTLB-loads";"561,257,113,375"
"S1";"dTLB-load-misses";"1,603,233,181"
"S1";"dTLB-stores";"234,397,466,051"
"S1";"dTLB-store-misses";"69,759,010"
"S1";"iTLB-loads";"50,323,235"
"S1";"iTLB-load-misses";"15,489,599"
"S1";"branch-loads";"180,591,345,459"
"S1";"branch-load-misses";"3,757,237,150"
"S2";"cache-misses";"17,044,932"
"S2";"cycles";"8,965,406,829"
"S2";"instructions";"3,704,961,872"
"S2";"cs";"47,899"
"S2";"migrations";"234"
"S2";"faults";"8,385"
"S2";"bus-cycles";"767,648,044"
"S2";"idle-cycles-frontend";"14,729,409,303"
"S2";"idle-cycles-backend";"13,953,740,048"
"S2";"L1-dcache-loads";"1,282,396,410"
"S2";"L1-dcache-load-misses";"62,925,941"
"S2";"L1-dcache-stores";"868,291,196"
"S2";"L1-dcache-store-misses";"10,348,545"
"S2";"L1-dcache-prefetch-misses";"15,437,378"
"S2";"L1-icache-load-misses";"91,972,575"
"S2";"LLC-loads";"47,429,198"
"S2";"LLC-stores";"8,350,263"
"S2";"LLC-prefetches";"10,327,946"
"S2";"dTLB-loads";"1,285,017,451"
"S2";"dTLB-load-misses";"34,645,804"
"S2";"dTLB-stores";"855,987,986"
"S2";"dTLB-store-misses";"4,101,434"
"S2";"iTLB-loads";"831,516"
"S2";"iTLB-load-misses";"1,137,527"
"S2";"branch-loads";"666,359,553"
"S2";"branch-load-misses";"24,069,467"
"S3";"cache-misses";"42,874,034"
"S3";"cycles";"22,880,104,808"
"S3";"instructions";"12,681,250,639"
"S3";"cs";"59,055"
"S3";"migrations";"895"
"S3";"faults";"14,077"
"S3";"bus-cycles";"1,785,906,218"
"S3";"idle-cycles-frontend";"36,502,269,014"
"S3";"idle-cycles-backend";"33,093,118,896"
"S3";"L1-dcache-loads";"3,585,366,009"
"S3";"L1-dcache-load-misses";"322,236,109"
"S3";"L1-dcache-stores";"2,043,945,083"
"S3";"L1-dcache-store-misses";"49,956,918"
"S3";"L1-dcache-prefetch-misses";"137,734,660"
"S3";"L1-icache-load-misses";"212,628,658"
"S3";"LLC-loads";"186,499,130"
"S3";"LLC-stores";"20,401,137"
"S3";"LLC-prefetches";"103,480,599"
"S3";"dTLB-loads";"4,108,521,156"
"S3";"dTLB-load-misses";"87,644,998"
"S3";"dTLB-stores";"2,203,038,043"
"S3";"dTLB-store-misses";"12,518,120"
"S3";"iTLB-loads";"3,445,777"
"S3";"iTLB-load-misses";"3,881,175"
"S3";"branch-loads";"2,555,365,692"
"S3";"branch-load-misses";"59,551,169"
" ";"seconds time elapsed";"163.354601333";" "
Performance,counter,stats,for,'numactl,"--interleave=0,1","--physcpubind=0,4,8,12,16,20,24,28,32,36,40,44,48,52,56,60,1,5,9,13,17,21,25,29,33,37,41,45,49,53,57,61",bin/gem-mapper,-t,32,-I,/tmp/data/indexes/HG_index_GEM/index.gem,-i,/tmp/data/datasets/NIST7086_CGTACTAG_L002_R2_001.fastq,-o,"/scratch/077-hpca4se-bioinf/jlenis/results/GEM-Interleave/2593089.GEM-Interleave.penguin.t32.sam':
"
"S0";"cache-misses";"3,541,839,071"
"S0";"cycles";"1,939,609,663,770"
"S0";"instructions";"1,831,799,718,951"
"S0";"cs";"43,983"
"S0";"migrations";"1,674"
"S0";"faults";"65,849"
"S0";"bus-cycles";"87,936,089,136"
"S0";"idle-cycles-frontend";"1,177,141,390,482"
"S0";"idle-cycles-backend";"660,926,761,254"
"S0";"L1-dcache-loads";"422,677,726,583"
"S0";"L1-dcache-load-misses";"13,335,742,245"
"S0";"L1-dcache-stores";"211,697,057,659"
"S0";"L1-dcache-store-misses";"7,836,295,842"
"S0";"L1-dcache-prefetch-misses";"5,104,878,096"
"S0";"L1-icache-load-misses";"7,040,110,274"
"S0";"LLC-loads";"5,520,743,418"
"S0";"LLC-stores";"1,481,927,513"
"S0";"LLC-prefetches";"3,094,582,525"
"S0";"dTLB-loads";"595,413,294,960"
"S0";"dTLB-load-misses";"2,443,723,620"
"S0";"dTLB-stores";"253,542,226,185"
"S0";"dTLB-store-misses";"177,929,889"
"S0";"iTLB-loads";"979,169,335"
"S0";"iTLB-load-misses";"164,839,828"
"S0";"branch-loads";"201,961,210,130"
"S0";"branch-load-misses";"4,045,225,562"
"S1";"cache-misses";"3,905,631,943"
"S1";"cycles";"2,123,681,280,311"
"S1";"instructions";"2,086,535,901,190"
"S1";"cs";"34,813"
"S1";"migrations";"1,376"
"S1";"faults";"85,849"
"S1";"bus-cycles";"87,686,707,176"
"S1";"idle-cycles-frontend";"1,451,726,034,092"
"S1";"idle-cycles-backend";"885,998,918,040"
"S1";"L1-dcache-loads";"485,054,099,257"
"S1";"L1-dcache-load-misses";"14,578,635,956"
"S1";"L1-dcache-stores";"231,004,218,940"
"S1";"L1-dcache-store-misses";"8,525,206,482"
"S1";"L1-dcache-prefetch-misses";"5,180,922,184"
"S1";"L1-icache-load-misses";"5,649,284,702"
"S1";"LLC-loads";"5,561,467,451"
"S1";"LLC-stores";"1,611,115,066"
"S1";"LLC-prefetches";"2,865,721,519"
"S1";"dTLB-loads";"623,692,754,967"
"S1";"dTLB-load-misses";"1,610,169,844"
"S1";"dTLB-stores";"262,155,484,839"
"S1";"dTLB-store-misses";"117,488,299"
"S1";"iTLB-loads";"792,512,352"
"S1";"iTLB-load-misses";"145,918,915"
"S1";"branch-loads";"201,332,504,531"
"S1";"branch-load-misses";"4,336,586,156"
"S2";"cache-misses";"25,780,041"
"S2";"cycles";"13,377,933,819"
"S2";"instructions";"7,798,599,719"
"S2";"cs";"46,346"
"S2";"migrations";"222"
"S2";"faults";"4,870"
"S2";"bus-cycles";"1,185,294,361"
"S2";"idle-cycles-frontend";"21,590,916,400"
"S2";"idle-cycles-backend";"19,228,430,569"
"S2";"L1-dcache-loads";"2,406,141,550"
"S2";"L1-dcache-load-misses";"82,381,401"
"S2";"L1-dcache-stores";"1,204,272,748"
"S2";"L1-dcache-store-misses";"17,574,204"
"S2";"L1-dcache-prefetch-misses";"19,375,539"
"S2";"L1-icache-load-misses";"159,807,413"
"S2";"LLC-loads";"61,488,286"
"S2";"LLC-stores";"11,098,814"
"S2";"LLC-prefetches";"19,265,286"
"S2";"dTLB-loads";"2,477,666,171"
"S2";"dTLB-load-misses";"71,876,548"
"S2";"dTLB-stores";"1,302,218,131"
"S2";"dTLB-store-misses";"6,924,702"
"S2";"iTLB-loads";"1,214,394"
"S2";"iTLB-load-misses";"1,322,250"
"S2";"branch-loads";"1,159,323,519"
"S2";"branch-load-misses";"30,943,426"
"S3";"cache-misses";"39,869,709"
"S3";"cycles";"16,024,190,656"
"S3";"instructions";"8,349,892,075"
"S3";"cs";"52,307"
"S3";"migrations";"740"
"S3";"faults";"6,679"
"S3";"bus-cycles";"1,318,472,963"
"S3";"idle-cycles-frontend";"25,690,068,222"
"S3";"idle-cycles-backend";"23,466,700,416"
"S3";"L1-dcache-loads";"2,268,432,292"
"S3";"L1-dcache-load-misses";"210,545,037"
"S3";"L1-dcache-stores";"1,470,407,657"
"S3";"L1-dcache-store-misses";"36,957,596"
"S3";"L1-dcache-prefetch-misses";"95,435,060"
"S3";"L1-icache-load-misses";"183,559,684"
"S3";"LLC-loads";"153,176,111"
"S3";"LLC-stores";"20,431,182"
"S3";"LLC-prefetches";"61,697,822"
"S3";"dTLB-loads";"2,786,418,069"
"S3";"dTLB-load-misses";"86,721,496"
"S3";"dTLB-stores";"1,590,002,331"
"S3";"dTLB-store-misses";"11,611,656"
"S3";"iTLB-loads";"3,228,495"
"S3";"iTLB-load-misses";"2,993,528"
"S3";"branch-loads";"1,676,945,224"
"S3";"branch-load-misses";"42,111,614"
" ";"seconds time elapsed";"76.729414386";" "
Performance,counter,stats,for,'numactl,--interleave=0-2,"--physcpubind=0,4,8,12,16,20,24,28,32,36,40,44,48,52,56,60,1,5,9,13,17,21,25,29,33,37,41,45,49,53,57,61,2,6,10,14,18,22,26,30,34,38,42,46,50,54,58,62",bin/gem-mapper,-t,48,-I,/tmp/data/indexes/HG_index_GEM/index.gem,-i,/tmp/data/datasets/NIST7086_CGTACTAG_L002_R2_001.fastq,-o,"/scratch/077-hpca4se-bioinf/jlenis/results/GEM-Interleave/2593089.GEM-Interleave.penguin.t48.sam':
"
"S0";"cache-misses";"2,394,369,651"
"S0";"cycles";"1,421,414,817,952"
"S0";"instructions";"1,312,549,232,905"
"S0";"cs";"46,533"
"S0";"migrations";"1,785"
"S0";"faults";"76,124"
"S0";"bus-cycles";"66,465,854,539"
"S0";"idle-cycles-frontend";"921,367,187,067"
"S0";"idle-cycles-backend";"544,319,183,489"
"S0";"L1-dcache-loads";"319,540,783,684"
"S0";"L1-dcache-load-misses";"9,612,339,089"
"S0";"L1-dcache-stores";"140,651,730,566"
"S0";"L1-dcache-store-misses";"5,101,694,791"
"S0";"L1-dcache-prefetch-misses";"2,978,832,555"
"S0";"L1-icache-load-misses";"4,633,128,719"
"S0";"LLC-loads";"3,476,220,323"
"S0";"LLC-stores";"892,258,445"
"S0";"LLC-prefetches";"1,884,281,893"
"S0";"dTLB-loads";"366,113,504,096"
"S0";"dTLB-load-misses";"1,613,023,075"
"S0";"dTLB-stores";"160,908,582,022"
"S0";"dTLB-store-misses";"234,082,267"
"S0";"iTLB-loads";"639,236,126"
"S0";"iTLB-load-misses";"183,317,923"
"S0";"branch-loads";"143,380,711,274"
"S0";"branch-load-misses";"3,096,979,466"
"S1";"cache-misses";"2,467,932,159"
"S1";"cycles";"1,240,998,769,182"
"S1";"instructions";"1,248,509,292,799"
"S1";"cs";"48,358"
"S1";"migrations";"5,559"
"S1";"faults";"65,888"
"S1";"bus-cycles";"50,784,745,797"
"S1";"idle-cycles-frontend";"1,041,632,141,516"
"S1";"idle-cycles-backend";"737,887,132,739"
"S1";"L1-dcache-loads";"309,900,722,676"
"S1";"L1-dcache-load-misses";"8,880,847,261"
"S1";"L1-dcache-stores";"139,123,772,929"
"S1";"L1-dcache-store-misses";"4,975,269,336"
"S1";"L1-dcache-prefetch-misses";"3,107,733,374"
"S1";"L1-icache-load-misses";"3,507,677,680"
"S1";"LLC-loads";"3,751,405,888"
"S1";"LLC-stores";"1,121,590,678"
"S1";"LLC-prefetches";"1,655,469,599"
"S1";"dTLB-loads";"408,179,314,385"
"S1";"dTLB-load-misses";"1,130,733,776"
"S1";"dTLB-stores";"172,827,477,076"
"S1";"dTLB-store-misses";"46,626,847"
"S1";"iTLB-loads";"397,064,999"
"S1";"iTLB-load-misses";"76,969,389"
"S1";"branch-loads";"140,111,824,979"
"S1";"branch-load-misses";"2,877,238,417"
"S2";"cache-misses";"2,601,019,631"
"S2";"cycles";"1,522,163,353,592"
"S2";"instructions";"1,446,560,021,160"
"S2";"cs";"45,737"
"S2";"migrations";"1,502"
"S2";"faults";"84,619"
"S2";"bus-cycles";"63,946,525,785"
"S2";"idle-cycles-frontend";"996,012,130,450"
"S2";"idle-cycles-backend";"551,858,338,543"
"S2";"L1-dcache-loads";"336,601,937,810"
"S2";"L1-dcache-load-misses";"9,662,899,174"
"S2";"L1-dcache-stores";"150,276,961,610"
"S2";"L1-dcache-store-misses";"5,251,968,085"
"S2";"L1-dcache-prefetch-misses";"3,423,703,067"
"S2";"L1-icache-load-misses";"4,084,421,733"
"S2";"LLC-loads";"3,725,788,316"
"S2";"LLC-stores";"874,710,031"
"S2";"LLC-prefetches";"1,944,199,188"
"S2";"dTLB-loads";"456,280,851,950"
"S2";"dTLB-load-misses";"1,250,835,163"
"S2";"dTLB-stores";"189,063,446,931"
"S2";"dTLB-store-misses";"82,026,604"
"S2";"iTLB-loads";"657,115,040"
"S2";"iTLB-load-misses";"107,441,924"
"S2";"branch-loads";"153,096,164,932"
"S2";"branch-load-misses";"3,261,837,786"
"S3";"cache-misses";"50,581,730"
"S3";"cycles";"18,091,799,588"
"S3";"instructions";"9,218,264,370"
"S3";"cs";"58,574"
"S3";"migrations";"1,881"
"S3";"faults";"3,916"
"S3";"bus-cycles";"1,329,448,508"
"S3";"idle-cycles-frontend";"25,838,925,465"
"S3";"idle-cycles-backend";"23,469,983,384"
"S3";"L1-dcache-loads";"2,356,096,863"
"S3";"L1-dcache-load-misses";"234,680,532"
"S3";"L1-dcache-stores";"1,587,699,280"
"S3";"L1-dcache-store-misses";"39,016,395"
"S3";"L1-dcache-prefetch-misses";"273,158,531"
"S3";"L1-icache-load-misses";"392,657,525"
"S3";"LLC-loads";"196,544,541"
"S3";"LLC-stores";"15,540,082"
"S3";"LLC-prefetches";"69,897,774"
"S3";"dTLB-loads";"2,751,533,399"
"S3";"dTLB-load-misses";"87,431,342"
"S3";"dTLB-stores";"1,547,108,020"
"S3";"dTLB-store-misses";"10,974,128"
"S3";"iTLB-loads";"3,082,342"
"S3";"iTLB-load-misses";"3,406,591"
"S3";"branch-loads";"2,126,568,089"
"S3";"branch-load-misses";"43,527,266"
" ";"seconds time elapsed";"57.713319672";" "
Performance,counter,stats,for,'numactl,--interleave=0-3,--physcpubind=0-63,bin/gem-mapper,-t,64,-I,/tmp/data/indexes/HG_index_GEM/index.gem,-i,/tmp/data/datasets/NIST7086_CGTACTAG_L002_R2_001.fastq,-o,"/scratch/077-hpca4se-bioinf/jlenis/results/GEM-Interleave/2593089.GEM-Interleave.penguin.t64.sam':
"
"S0";"cache-misses";"1,970,765,134"
"S0";"cycles";"1,080,468,863,384"
"S0";"instructions";"1,017,549,040,194"
"S0";"cs";"41,661"
"S0";"migrations";"229"
"S0";"faults";"65,202"
"S0";"bus-cycles";"46,334,604,333"
"S0";"idle-cycles-frontend";"641,549,889,233"
"S0";"idle-cycles-backend";"352,199,830,737"
"S0";"L1-dcache-loads";"216,375,993,853"
"S0";"L1-dcache-load-misses";"5,717,495,410"
"S0";"L1-dcache-stores";"89,987,143,881"
"S0";"L1-dcache-store-misses";"3,178,438,412"
"S0";"L1-dcache-prefetch-misses";"2,103,610,033"
"S0";"L1-icache-load-misses";"2,796,168,086"
"S0";"LLC-loads";"2,532,282,265"
"S0";"LLC-stores";"589,580,465"
"S0";"LLC-prefetches";"1,615,864,319"
"S0";"dTLB-loads";"345,482,669,876"
"S0";"dTLB-load-misses";"982,543,925"
"S0";"dTLB-stores";"149,066,301,375"
"S0";"dTLB-store-misses";"40,309,388"
"S0";"iTLB-loads";"522,986,624"
"S0";"iTLB-load-misses";"108,535,411"
"S0";"branch-loads";"118,666,623,928"
"S0";"branch-load-misses";"2,511,104,409"
"S1";"cache-misses";"1,734,389,715"
"S1";"cycles";"1,048,015,863,762"
"S1";"instructions";"1,011,423,185,510"
"S1";"cs";"18,393"
"S1";"migrations";"273"
"S1";"faults";"52,785"
"S1";"bus-cycles";"43,833,000,147"
"S1";"idle-cycles-frontend";"746,259,322,485"
"S1";"idle-cycles-backend";"470,026,910,888"
"S1";"L1-dcache-loads";"251,947,522,677"
"S1";"L1-dcache-load-misses";"6,879,015,922"
"S1";"L1-dcache-stores";"113,005,057,371"
"S1";"L1-dcache-store-misses";"3,647,588,154"
"S1";"L1-dcache-prefetch-misses";"2,334,031,613"
"S1";"L1-icache-load-misses";"2,873,652,942"
"S1";"LLC-loads";"2,512,289,189"
"S1";"LLC-stores";"523,529,176"
"S1";"LLC-prefetches";"1,454,630,988"
"S1";"dTLB-loads";"317,862,134,539"
"S1";"dTLB-load-misses";"859,163,068"
"S1";"dTLB-stores";"128,454,452,299"
"S1";"dTLB-store-misses";"52,321,777"
"S1";"iTLB-loads";"350,334,075"
"S1";"iTLB-load-misses";"94,178,928"
"S1";"branch-loads";"107,177,573,698"
"S1";"branch-load-misses";"2,207,232,096"
"S2";"cache-misses";"2,372,019,133"
"S2";"cycles";"1,279,070,045,795"
"S2";"instructions";"1,104,006,599,048"
"S2";"cs";"46,310"
"S2";"migrations";"1,708"
"S2";"faults";"82,021"
"S2";"bus-cycles";"46,121,009,135"
"S2";"idle-cycles-frontend";"751,429,238,216"
"S2";"idle-cycles-backend";"464,277,033,337"
"S2";"L1-dcache-loads";"219,427,058,161"
"S2";"L1-dcache-load-misses";"6,850,318,512"
"S2";"L1-dcache-stores";"98,597,291,319"
"S2";"L1-dcache-store-misses";"4,011,075,258"
"S2";"L1-dcache-prefetch-misses";"2,539,022,745"
"S2";"L1-icache-load-misses";"3,153,262,808"
"S2";"LLC-loads";"3,557,890,844"
"S2";"LLC-stores";"1,215,509,695"
"S2";"LLC-prefetches";"1,664,482,646"
"S2";"dTLB-loads";"354,589,907,330"
"S2";"dTLB-load-misses";"949,561,906"
"S2";"dTLB-stores";"156,837,957,345"
"S2";"dTLB-store-misses";"55,963,867"
"S2";"iTLB-loads";"473,499,217"
"S2";"iTLB-load-misses";"79,406,814"
"S2";"branch-loads";"133,989,142,598"
"S2";"branch-load-misses";"2,859,682,960"
"S3";"cache-misses";"1,706,604,864"
"S3";"cycles";"1,010,075,095,489"
"S3";"instructions";"950,347,484,740"
"S3";"cs";"63,459"
"S3";"migrations";"872"
"S3";"faults";"74,719"
"S3";"bus-cycles";"45,078,735,729"
"S3";"idle-cycles-frontend";"783,975,885,343"
"S3";"idle-cycles-backend";"525,818,445,897"
"S3";"L1-dcache-loads";"268,598,791,583"
"S3";"L1-dcache-load-misses";"8,382,552,132"
"S3";"L1-dcache-stores";"119,838,205,466"
"S3";"L1-dcache-store-misses";"4,139,742,266"
"S3";"L1-dcache-prefetch-misses";"2,537,794,853"
"S3";"L1-icache-load-misses";"4,055,066,019"
"S3";"LLC-loads";"2,924,376,115"
"S3";"LLC-stores";"733,798,065"
"S3";"LLC-prefetches";"1,534,351,531"
"S3";"dTLB-loads";"290,916,341,283"
"S3";"dTLB-load-misses";"1,620,522,483"
"S3";"dTLB-stores";"120,652,384,539"
"S3";"dTLB-store-misses";"262,132,814"
"S3";"iTLB-loads";"286,180,686"
"S3";"iTLB-load-misses";"70,323,388"
"S3";"branch-loads";"89,177,829,429"
"S3";"branch-load-misses";"1,825,229,436"
" ";"seconds time elapsed";"50.123251989";" "
