Performance,counter,stats,for,'numactl,--interleave=0,--physcpubind=0-7,./bwa,mem,-t,8,/tmp/data/indexes/HG_index_BWA_default/hsapiens_v37.fa,"/tmp/data/datasets/NIST7086_CGTACTAG_L002_R2_001.fastq':
"
"S0";"cache-misses";"7,872,070,841"
"S0";"cycles";"11,891,555,968,458"
"S0";"instructions";"11,921,566,747,992"
"S0";"cs";"4,130,638"
"S0";"migrations";"15,255"
"S0";"faults";"605,063"
"S0";"supported>";"<not"
"S0";"idle-cycles-frontend";"1,005,815,196,143"
"S0";"idle-cycles-backend";"1,474,138,814,628"
"S0";"L1-dcache-loads";"3,737,872,729,605"
"S0";"L1-dcache-load-misses";"48,577,832,565"
"S0";"L1-dcache-stores";"51,199,076,795"
"S0";"supported>";"<not"
"S0";"L1-dcache-prefetch-misses";"0"
"S0";"L1-icache-load-misses";"7,855,420,856"
"S0";"LLC-loads";"59,233,761,331"
"S0";"LLC-stores";"36,361,455,831"
"S0";"supported>";"<not"
"S0";"dTLB-loads";"3,769,085,686,062"
"S0";"dTLB-load-misses";"6,711,191,702"
"S0";"supported>";"<not"
"S0";"supported>";"<not"
"S0";"iTLB-loads";"2,644,504,830,365"
"S0";"iTLB-load-misses";"27,856,119"
"S0";"branch-loads";"1,006,222,418,506"
"S0";"branch-load-misses";"69,358,683,429"
"S1";"cache-misses";"114,469,754"
"S1";"cycles";"41,703,224,373"
"S1";"instructions";"10,028,060,981"
"S1";"cs";"55,552"
"S1";"migrations";"1,645"
"S1";"faults";"29,699"
"S1";"supported>";"<not"
"S1";"idle-cycles-frontend";"299,855,564,902"
"S1";"idle-cycles-backend";"16,047,076,935"
"S1";"L1-dcache-loads";"5,062,179,526"
"S1";"L1-dcache-load-misses";"244,975,700"
"S1";"L1-dcache-stores";"258,003,646"
"S1";"supported>";"<not"
"S1";"L1-dcache-prefetch-misses";"0"
"S1";"L1-icache-load-misses";"107,788,874"
"S1";"LLC-loads";"330,437,206"
"S1";"LLC-stores";"248,118,369"
"S1";"supported>";"<not"
"S1";"dTLB-loads";"4,290,294,517"
"S1";"dTLB-load-misses";"185,693"
"S1";"supported>";"<not"
"S1";"supported>";"<not"
"S1";"iTLB-loads";"2,690,492,430"
"S1";"iTLB-load-misses";"107,608"
"S1";"branch-loads";"1,839,371,915"
"S1";"branch-load-misses";"17,546,239"
"S2";"cache-misses";"613,959,347"
"S2";"cycles";"100,378,945,519"
"S2";"instructions";"48,025,025,459"
"S2";"cs";"96,696"
"S2";"migrations";"9,254"
"S2";"faults";"46,499"
"S2";"supported>";"<not"
"S2";"idle-cycles-frontend";"594,686,213,982"
"S2";"idle-cycles-backend";"46,251,628,987"
"S2";"L1-dcache-loads";"24,139,951,307"
"S2";"L1-dcache-load-misses";"1,029,884,291"
"S2";"L1-dcache-stores";"997,285,419"
"S2";"supported>";"<not"
"S2";"L1-dcache-prefetch-misses";"0"
"S2";"L1-icache-load-misses";"663,427,393"
"S2";"LLC-loads";"1,827,193,861"
"S2";"LLC-stores";"385,861,413"
"S2";"supported>";"<not"
"S2";"dTLB-loads";"19,343,893,887"
"S2";"dTLB-load-misses";"965,478"
"S2";"supported>";"<not"
"S2";"supported>";"<not"
"S2";"iTLB-loads";"10,033,413,740"
"S2";"iTLB-load-misses";"813,804"
"S2";"branch-loads";"8,878,185,999"
"S2";"branch-load-misses";"185,958,546"
"S3";"cache-misses";"126,690,068"
"S3";"cycles";"70,225,951,538"
"S3";"instructions";"14,202,590,107"
"S3";"cs";"89,412"
"S3";"migrations";"1,323"
"S3";"faults";"27,689"
"S3";"supported>";"<not"
"S3";"idle-cycles-frontend";"362,421,319,199"
"S3";"idle-cycles-backend";"18,069,422,903"
"S3";"L1-dcache-loads";"4,936,031,709"
"S3";"L1-dcache-load-misses";"253,142,977"
"S3";"L1-dcache-stores";"268,369,333"
"S3";"supported>";"<not"
"S3";"L1-dcache-prefetch-misses";"0"
"S3";"L1-icache-load-misses";"87,057,033"
"S3";"LLC-loads";"338,085,467"
"S3";"LLC-stores";"301,941,781"
"S3";"supported>";"<not"
"S3";"dTLB-loads";"4,920,945,782"
"S3";"dTLB-load-misses";"159,222"
"S3";"supported>";"<not"
"S3";"supported>";"<not"
"S3";"iTLB-loads";"2,379,432,323"
"S3";"iTLB-load-misses";"138,498"
"S3";"branch-loads";"2,789,340,610"
"S3";"branch-load-misses";"18,547,129"
" ";"seconds time elapsed";"621.664376708";" "
Performance,counter,stats,for,'numactl,"--interleave=0,1",--physcpubind=0-15,./bwa,mem,-t,16,/tmp/data/indexes/HG_index_BWA_default/hsapiens_v37.fa,"/tmp/data/datasets/NIST7086_CGTACTAG_L002_R2_001.fastq':
"
"S0";"cache-misses";"8,530,605,039"
"S0";"cycles";"12,680,663,974,724"
"S0";"instructions";"11,811,367,218,538"
"S0";"cs";"5,757,505"
"S0";"migrations";"42,278"
"S0";"faults";"659,955"
"S0";"supported>";"<not"
"S0";"idle-cycles-frontend";"1,130,591,015,119"
"S0";"idle-cycles-backend";"1,965,030,835,549"
"S0";"L1-dcache-loads";"3,697,588,383,435"
"S0";"L1-dcache-load-misses";"48,197,418,685"
"S0";"L1-dcache-stores";"51,132,524,228"
"S0";"supported>";"<not"
"S0";"L1-dcache-prefetch-misses";"0"
"S0";"L1-icache-load-misses";"8,534,627,324"
"S0";"LLC-loads";"60,463,644,217"
"S0";"LLC-stores";"37,162,456,807"
"S0";"supported>";"<not"
"S0";"dTLB-loads";"3,828,953,466,263"
"S0";"dTLB-load-misses";"6,993,775,736"
"S0";"supported>";"<not"
"S0";"supported>";"<not"
"S0";"iTLB-loads";"2,683,706,791,858"
"S0";"iTLB-load-misses";"72,882,164"
"S0";"branch-loads";"1,008,487,799,102"
"S0";"branch-load-misses";"69,775,164,413"
"S1";"cache-misses";"196,208,001"
"S1";"cycles";"57,301,819,520"
"S1";"instructions";"12,467,335,472"
"S1";"cs";"44,528"
"S1";"migrations";"4,056"
"S1";"faults";"24,225"
"S1";"supported>";"<not"
"S1";"idle-cycles-frontend";"237,557,670,271"
"S1";"idle-cycles-backend";"28,822,589,451"
"S1";"L1-dcache-loads";"6,118,232,702"
"S1";"L1-dcache-load-misses";"278,008,211"
"S1";"L1-dcache-stores";"290,743,533"
"S1";"supported>";"<not"
"S1";"L1-dcache-prefetch-misses";"0"
"S1";"L1-icache-load-misses";"172,377,001"
"S1";"LLC-loads";"519,125,110"
"S1";"LLC-stores";"282,917,775"
"S1";"supported>";"<not"
"S1";"dTLB-loads";"6,915,216,242"
"S1";"dTLB-load-misses";"171,583"
"S1";"supported>";"<not"
"S1";"supported>";"<not"
"S1";"iTLB-loads";"3,483,513,674"
"S1";"iTLB-load-misses";"111,801"
"S1";"branch-loads";"2,611,003,289"
"S1";"branch-load-misses";"25,201,476"
"S2";"cache-misses";"477,945,123"
"S2";"cycles";"81,558,326,645"
"S2";"instructions";"27,833,874,575"
"S2";"cs";"77,911"
"S2";"migrations";"8,195"
"S2";"faults";"32,097"
"S2";"supported>";"<not"
"S2";"idle-cycles-frontend";"243,452,110,190"
"S2";"idle-cycles-backend";"36,301,785,905"
"S2";"L1-dcache-loads";"14,318,724,761"
"S2";"L1-dcache-load-misses";"666,712,785"
"S2";"L1-dcache-stores";"681,391,903"
"S2";"supported>";"<not"
"S2";"L1-dcache-prefetch-misses";"0"
"S2";"L1-icache-load-misses";"482,498,607"
"S2";"LLC-loads";"1,082,590,014"
"S2";"LLC-stores";"304,549,727"
"S2";"supported>";"<not"
"S2";"dTLB-loads";"14,047,787,302"
"S2";"dTLB-load-misses";"378,513"
"S2";"supported>";"<not"
"S2";"supported>";"<not"
"S2";"iTLB-loads";"7,774,689,818"
"S2";"iTLB-load-misses";"222,216"
"S2";"branch-loads";"5,050,545,381"
"S2";"branch-load-misses";"124,003,961"
"S3";"cache-misses";"243,872,897"
"S3";"cycles";"94,304,146,585"
"S3";"instructions";"19,948,122,129"
"S3";"cs";"62,354"
"S3";"migrations";"3,471"
"S3";"faults";"22,711"
"S3";"supported>";"<not"
"S3";"idle-cycles-frontend";"455,565,850,208"
"S3";"idle-cycles-backend";"56,818,521,730"
"S3";"L1-dcache-loads";"10,523,426,336"
"S3";"L1-dcache-load-misses";"447,518,621"
"S3";"L1-dcache-stores";"474,290,114"
"S3";"supported>";"<not"
"S3";"L1-dcache-prefetch-misses";"0"
"S3";"L1-icache-load-misses";"244,695,689"
"S3";"LLC-loads";"781,605,159"
"S3";"LLC-stores";"447,485,772"
"S3";"supported>";"<not"
"S3";"dTLB-loads";"11,043,090,289"
"S3";"dTLB-load-misses";"144,279"
"S3";"supported>";"<not"
"S3";"supported>";"<not"
"S3";"iTLB-loads";"5,609,968,933"
"S3";"iTLB-load-misses";"109,373"
"S3";"branch-loads";"3,402,020,314"
"S3";"branch-load-misses";"30,097,565"
" ";"seconds time elapsed";"348.496554823";" "
Performance,counter,stats,for,'numactl,--interleave=0-3,--physcpubind=0-31,./bwa,mem,-t,32,/tmp/data/indexes/HG_index_BWA_default/hsapiens_v37.fa,"/tmp/data/datasets/NIST7086_CGTACTAG_L002_R2_001.fastq':
"
"S0";"cache-misses";"4,987,745,419"
"S0";"cycles";"7,266,711,865,617"
"S0";"instructions";"6,047,077,001,352"
"S0";"cs";"4,504,659"
"S0";"migrations";"42,119"
"S0";"faults";"381,970"
"S0";"supported>";"<not"
"S0";"idle-cycles-frontend";"800,879,008,445"
"S0";"idle-cycles-backend";"1,307,101,547,290"
"S0";"L1-dcache-loads";"1,880,000,738,210"
"S0";"L1-dcache-load-misses";"24,887,526,287"
"S0";"L1-dcache-stores";"26,436,369,312"
"S0";"supported>";"<not"
"S0";"L1-dcache-prefetch-misses";"0"
"S0";"L1-icache-load-misses";"5,054,708,954"
"S0";"LLC-loads";"31,908,816,710"
"S0";"LLC-stores";"19,307,037,110"
"S0";"supported>";"<not"
"S0";"dTLB-loads";"1,969,224,306,119"
"S0";"dTLB-load-misses";"3,870,941,782"
"S0";"supported>";"<not"
"S0";"supported>";"<not"
"S0";"iTLB-loads";"1,385,727,788,836"
"S0";"iTLB-load-misses";"105,822,103"
"S0";"branch-loads";"516,636,671,902"
"S0";"branch-load-misses";"36,432,232,593"
"S1";"cache-misses";"5,089,001,078"
"S1";"cycles";"7,368,426,367,242"
"S1";"instructions";"5,825,653,974,926"
"S1";"cs";"4,111,387"
"S1";"migrations";"47,139"
"S1";"faults";"731,609"
"S1";"supported>";"<not"
"S1";"idle-cycles-frontend";"842,676,673,527"
"S1";"idle-cycles-backend";"1,435,573,623,221"
"S1";"L1-dcache-loads";"1,785,147,277,303"
"S1";"L1-dcache-load-misses";"23,823,043,707"
"S1";"L1-dcache-stores";"25,268,807,628"
"S1";"supported>";"<not"
"S1";"L1-dcache-prefetch-misses";"0"
"S1";"L1-icache-load-misses";"4,947,107,424"
"S1";"LLC-loads";"31,018,231,491"
"S1";"LLC-stores";"18,419,334,830"
"S1";"supported>";"<not"
"S1";"dTLB-loads";"1,865,703,825,619"
"S1";"dTLB-load-misses";"3,655,287,420"
"S1";"supported>";"<not"
"S1";"supported>";"<not"
"S1";"iTLB-loads";"1,324,037,383,957"
"S1";"iTLB-load-misses";"112,911,226"
"S1";"branch-loads";"516,005,780,370"
"S1";"branch-load-misses";"35,298,662,549"
"S2";"cache-misses";"304,161,770"
"S2";"cycles";"50,456,896,985"
"S2";"instructions";"16,577,842,529"
"S2";"cs";"82,888"
"S2";"migrations";"8,614"
"S2";"faults";"21,634"
"S2";"supported>";"<not"
"S2";"idle-cycles-frontend";"312,378,979,787"
"S2";"idle-cycles-backend";"18,643,580,994"
"S2";"L1-dcache-loads";"8,946,114,699"
"S2";"L1-dcache-load-misses";"433,216,150"
"S2";"L1-dcache-stores";"456,036,207"
"S2";"supported>";"<not"
"S2";"L1-dcache-prefetch-misses";"0"
"S2";"L1-icache-load-misses";"293,897,668"
"S2";"LLC-loads";"779,792,077"
"S2";"LLC-stores";"269,721,949"
"S2";"supported>";"<not"
"S2";"dTLB-loads";"8,954,182,518"
"S2";"dTLB-load-misses";"396,302"
"S2";"supported>";"<not"
"S2";"supported>";"<not"
"S2";"iTLB-loads";"5,091,953,041"
"S2";"iTLB-load-misses";"265,122"
"S2";"branch-loads";"3,020,760,942"
"S2";"branch-load-misses";"68,890,251"
"S3";"cache-misses";"47,179,468"
"S3";"cycles";"26,475,973,801"
"S3";"instructions";"4,817,159,241"
"S3";"cs";"51,166"
"S3";"migrations";"4,506"
"S3";"faults";"13,285"
"S3";"supported>";"<not"
"S3";"idle-cycles-frontend";"182,767,627,713"
"S3";"idle-cycles-backend";"13,280,349,002"
"S3";"L1-dcache-loads";"2,722,932,591"
"S3";"L1-dcache-load-misses";"171,448,367"
"S3";"L1-dcache-stores";"193,972,956"
"S3";"supported>";"<not"
"S3";"L1-dcache-prefetch-misses";"0"
"S3";"L1-icache-load-misses";"74,062,011"
"S3";"LLC-loads";"307,296,114"
"S3";"LLC-stores";"258,164,768"
"S3";"supported>";"<not"
"S3";"dTLB-loads";"4,462,295,998"
"S3";"dTLB-load-misses";"85,345"
"S3";"supported>";"<not"
"S3";"supported>";"<not"
"S3";"iTLB-loads";"1,978,427,100"
"S3";"iTLB-load-misses";"81,298"
"S3";"branch-loads";"961,203,708"
"S3";"branch-load-misses";"8,654,782"
" ";"seconds time elapsed";"214.686374514";" "
Performance,counter,stats,for,'numactl,--interleave=0-5,--physcpubind=0-47,./bwa,mem,-t,48,/tmp/data/indexes/HG_index_BWA_default/hsapiens_v37.fa,"/tmp/data/datasets/NIST7086_CGTACTAG_L002_R2_001.fastq':
"
"S0";"cache-misses";"3,317,859,533"
"S0";"cycles";"4,876,185,980,653"
"S0";"instructions";"3,936,303,715,817"
"S0";"cs";"3,063,273"
"S0";"migrations";"26,187"
"S0";"faults";"398,968"
"S0";"supported>";"<not"
"S0";"idle-cycles-frontend";"701,039,566,429"
"S0";"idle-cycles-backend";"888,871,460,574"
"S0";"L1-dcache-loads";"1,178,389,806,396"
"S0";"L1-dcache-load-misses";"15,580,790,880"
"S0";"L1-dcache-stores";"16,923,823,316"
"S0";"supported>";"<not"
"S0";"L1-dcache-prefetch-misses";"0"
"S0";"L1-icache-load-misses";"3,308,324,711"
"S0";"LLC-loads";"20,949,677,820"
"S0";"LLC-stores";"12,323,939,709"
"S0";"supported>";"<not"
"S0";"dTLB-loads";"1,274,027,472,414"
"S0";"dTLB-load-misses";"2,767,887,576"
"S0";"supported>";"<not"
"S0";"supported>";"<not"
"S0";"iTLB-loads";"913,143,482,376"
"S0";"iTLB-load-misses";"134,949,808"
"S0";"branch-loads";"347,487,882,551"
"S0";"branch-load-misses";"24,252,338,026"
"S1";"cache-misses";"3,493,863,934"
"S1";"cycles";"4,884,088,362,776"
"S1";"instructions";"4,063,161,213,944"
"S1";"cs";"2,808,555"
"S1";"migrations";"29,159"
"S1";"faults";"842,146"
"S1";"supported>";"<not"
"S1";"idle-cycles-frontend";"735,125,945,478"
"S1";"idle-cycles-backend";"919,739,346,865"
"S1";"L1-dcache-loads";"1,280,860,718,607"
"S1";"L1-dcache-load-misses";"16,780,651,522"
"S1";"L1-dcache-stores";"17,796,347,966"
"S1";"supported>";"<not"
"S1";"L1-dcache-prefetch-misses";"0"
"S1";"L1-icache-load-misses";"3,524,276,261"
"S1";"LLC-loads";"21,527,636,293"
"S1";"LLC-stores";"12,176,626,762"
"S1";"supported>";"<not"
"S1";"dTLB-loads";"1,257,348,752,051"
"S1";"dTLB-load-misses";"2,744,770,277"
"S1";"supported>";"<not"
"S1";"supported>";"<not"
"S1";"iTLB-loads";"897,650,323,676"
"S1";"iTLB-load-misses";"141,615,668"
"S1";"branch-loads";"352,935,471,760"
"S1";"branch-load-misses";"24,273,362,586"
"S2";"cache-misses";"3,883,278,791"
"S2";"cycles";"4,878,091,794,693"
"S2";"instructions";"3,997,435,873,509"
"S2";"cs";"3,023,424"
"S2";"migrations";"32,934"
"S2";"faults";"312,686"
"S2";"supported>";"<not"
"S2";"idle-cycles-frontend";"715,582,896,905"
"S2";"idle-cycles-backend";"917,781,702,072"
"S2";"L1-dcache-loads";"1,210,482,688,966"
"S2";"L1-dcache-load-misses";"16,259,916,627"
"S2";"L1-dcache-stores";"17,134,856,772"
"S2";"supported>";"<not"
"S2";"L1-dcache-prefetch-misses";"0"
"S2";"L1-icache-load-misses";"3,776,000,917"
"S2";"LLC-loads";"21,885,077,957"
"S2";"LLC-stores";"12,596,627,946"
"S2";"supported>";"<not"
"S2";"dTLB-loads";"1,272,898,883,499"
"S2";"dTLB-load-misses";"2,808,505,758"
"S2";"supported>";"<not"
"S2";"supported>";"<not"
"S2";"iTLB-loads";"918,343,023,624"
"S2";"iTLB-load-misses";"132,668,533"
"S2";"branch-loads";"346,055,914,434"
"S2";"branch-load-misses";"24,026,970,129"
"S3";"cache-misses";"111,160,689"
"S3";"cycles";"42,795,230,287"
"S3";"instructions";"9,001,694,023"
"S3";"cs";"60,276"
"S3";"migrations";"2,536"
"S3";"faults";"17,789"
"S3";"supported>";"<not"
"S3";"idle-cycles-frontend";"266,734,137,877"
"S3";"idle-cycles-backend";"18,892,422,956"
"S3";"L1-dcache-loads";"4,915,583,354"
"S3";"L1-dcache-load-misses";"244,728,598"
"S3";"L1-dcache-stores";"268,032,287"
"S3";"supported>";"<not"
"S3";"L1-dcache-prefetch-misses";"0"
"S3";"L1-icache-load-misses";"117,631,706"
"S3";"LLC-loads";"369,202,685"
"S3";"LLC-stores";"197,288,088"
"S3";"supported>";"<not"
"S3";"dTLB-loads";"4,712,970,999"
"S3";"dTLB-load-misses";"163,575"
"S3";"supported>";"<not"
"S3";"supported>";"<not"
"S3";"iTLB-loads";"2,842,814,480"
"S3";"iTLB-load-misses";"100,502"
"S3";"branch-loads";"1,481,888,839"
"S3";"branch-load-misses";"30,196,143"
" ";"seconds time elapsed";"161.128689806";" "
Performance,counter,stats,for,'numactl,--interleave=0-7,--physcpubind=0-63,./bwa,mem,-t,64,/tmp/data/indexes/HG_index_BWA_default/hsapiens_v37.fa,"/tmp/data/datasets/NIST7086_CGTACTAG_L002_R2_001.fastq':
"
"S0";"cache-misses";"3,005,073,475"
"S0";"cycles";"3,836,460,147,002"
"S0";"instructions";"3,062,718,368,233"
"S0";"cs";"2,411,145"
"S0";"migrations";"18,274"
"S0";"faults";"983,664"
"S0";"supported>";"<not"
"S0";"idle-cycles-frontend";"788,526,905,697"
"S0";"idle-cycles-backend";"730,088,716,229"
"S0";"L1-dcache-loads";"898,237,958,649"
"S0";"L1-dcache-load-misses";"11,901,908,954"
"S0";"L1-dcache-stores";"12,628,949,385"
"S0";"supported>";"<not"
"S0";"L1-dcache-prefetch-misses";"0"
"S0";"L1-icache-load-misses";"2,834,228,567"
"S0";"LLC-loads";"16,965,402,561"
"S0";"LLC-stores";"9,795,053,624"
"S0";"supported>";"<not"
"S0";"dTLB-loads";"1,010,183,564,418"
"S0";"dTLB-load-misses";"2,526,329,060"
"S0";"supported>";"<not"
"S0";"supported>";"<not"
"S0";"iTLB-loads";"732,384,409,988"
"S0";"iTLB-load-misses";"177,986,492"
"S0";"branch-loads";"277,687,227,390"
"S0";"branch-load-misses";"18,964,560,533"
"S1";"cache-misses";"2,650,091,840"
"S1";"cycles";"3,645,965,200,011"
"S1";"instructions";"2,979,752,802,526"
"S1";"cs";"2,380,090"
"S1";"migrations";"20,015"
"S1";"faults";"279,986"
"S1";"supported>";"<not"
"S1";"idle-cycles-frontend";"679,027,769,549"
"S1";"idle-cycles-backend";"709,520,517,710"
"S1";"L1-dcache-loads";"885,622,763,030"
"S1";"L1-dcache-load-misses";"11,780,374,643"
"S1";"L1-dcache-stores";"12,196,495,617"
"S1";"supported>";"<not"
"S1";"L1-dcache-prefetch-misses";"0"
"S1";"L1-icache-load-misses";"2,549,078,637"
"S1";"LLC-loads";"16,477,577,474"
"S1";"LLC-stores";"9,674,656,047"
"S1";"supported>";"<not"
"S1";"dTLB-loads";"1,022,057,748,173"
"S1";"dTLB-load-misses";"2,541,609,018"
"S1";"supported>";"<not"
"S1";"supported>";"<not"
"S1";"iTLB-loads";"716,242,648,161"
"S1";"iTLB-load-misses";"162,666,942"
"S1";"branch-loads";"262,642,425,547"
"S1";"branch-load-misses";"18,634,942,316"
"S2";"cache-misses";"2,801,246,036"
"S2";"cycles";"3,643,241,529,826"
"S2";"instructions";"2,953,938,483,945"
"S2";"cs";"2,518,655"
"S2";"migrations";"24,655"
"S2";"faults";"691,116"
"S2";"supported>";"<not"
"S2";"idle-cycles-frontend";"735,881,080,473"
"S2";"idle-cycles-backend";"723,772,515,673"
"S2";"L1-dcache-loads";"914,431,380,224"
"S2";"L1-dcache-load-misses";"12,207,690,707"
"S2";"L1-dcache-stores";"12,896,560,950"
"S2";"supported>";"<not"
"S2";"L1-dcache-prefetch-misses";"0"
"S2";"L1-icache-load-misses";"2,765,412,788"
"S2";"LLC-loads";"16,133,296,931"
"S2";"LLC-stores";"9,528,995,333"
"S2";"supported>";"<not"
"S2";"dTLB-loads";"1,011,615,735,705"
"S2";"dTLB-load-misses";"2,493,703,569"
"S2";"supported>";"<not"
"S2";"supported>";"<not"
"S2";"iTLB-loads";"730,593,495,324"
"S2";"iTLB-load-misses";"172,753,030"
"S2";"branch-loads";"274,482,854,113"
"S2";"branch-load-misses";"18,624,049,691"
"S3";"cache-misses";"3,066,337,598"
"S3";"cycles";"3,740,865,139,397"
"S3";"instructions";"2,945,909,340,138"
"S3";"cs";"2,479,750"
"S3";"migrations";"20,881"
"S3";"faults";"263,319"
"S3";"supported>";"<not"
"S3";"idle-cycles-frontend";"742,712,811,290"
"S3";"idle-cycles-backend";"761,025,401,107"
"S3";"L1-dcache-loads";"907,292,662,168"
"S3";"L1-dcache-load-misses";"12,657,869,941"
"S3";"L1-dcache-stores";"13,712,187,083"
"S3";"supported>";"<not"
"S3";"L1-dcache-prefetch-misses";"0"
"S3";"L1-icache-load-misses";"2,998,262,543"
"S3";"LLC-loads";"17,476,932,664"
"S3";"LLC-stores";"10,141,779,210"
"S3";"supported>";"<not"
"S3";"dTLB-loads";"995,240,222,241"
"S3";"dTLB-load-misses";"2,452,823,842"
"S3";"supported>";"<not"
"S3";"supported>";"<not"
"S3";"iTLB-loads";"695,596,391,917"
"S3";"iTLB-load-misses";"159,929,382"
"S3";"branch-loads";"265,662,947,860"
"S3";"branch-load-misses";"18,150,194,086"
" ";"seconds time elapsed";"142.250853628";" "
