Performance,counter,stats,for,'./snap-aligner,single,/tmp/data/indexes/HG_index_snap,/tmp/data/datasets/NIST7086_CGTACTAG_L002_R2_001.fastq,-t,64,-o,"/scratch/077-hpca4se-bioinf/jlenis/results/SNAP-Interleave/WarmUp.2593070.SNAP-Interleave.penguin.t64.sam':
"
"S0";"cache-misses";"999,405,394"
"S0";"cycles";"1,103,385,478,664"
"S0";"instructions";"500,578,081,717"
"S0";"cs";"91,269"
"S0";"migrations";"413"
"S0";"faults";"370,166"
"S0";"bus-cycles";"50,259,213,104"
"S0";"idle-cycles-frontend";"878,982,303,689"
"S0";"idle-cycles-backend";"741,390,692,697"
"S0";"L1-dcache-loads";"143,174,125,695"
"S0";"L1-dcache-load-misses";"3,971,370,086"
"S0";"L1-dcache-stores";"44,800,258,362"
"S0";"L1-dcache-store-misses";"1,751,020,190"
"S0";"L1-dcache-prefetch-misses";"1,136,832,144"
"S0";"L1-icache-load-misses";"1,520,591,586"
"S0";"LLC-loads";"1,618,108,063"
"S0";"LLC-stores";"397,345,805"
"S0";"LLC-prefetches";"878,934,040"
"S0";"dTLB-loads";"143,413,904,546"
"S0";"dTLB-load-misses";"555,611,689"
"S0";"dTLB-stores";"41,200,674,005"
"S0";"dTLB-store-misses";"36,410,197"
"S0";"iTLB-loads";"210,162,950"
"S0";"iTLB-load-misses";"34,741,404"
"S0";"branch-loads";"75,498,103,246"
"S0";"branch-load-misses";"5,508,141,191"
"S1";"cache-misses";"3,496,741,970"
"S1";"cycles";"1,358,976,245,815"
"S1";"instructions";"756,826,116,565"
"S1";"cs";"174,716"
"S1";"migrations";"1,076"
"S1";"faults";"383,834"
"S1";"bus-cycles";"60,789,374,500"
"S1";"idle-cycles-frontend";"1,313,385,609,235"
"S1";"idle-cycles-backend";"1,098,430,213,863"
"S1";"L1-dcache-loads";"196,125,518,400"
"S1";"L1-dcache-load-misses";"12,966,196,036"
"S1";"L1-dcache-stores";"77,619,891,965"
"S1";"L1-dcache-store-misses";"3,605,609,349"
"S1";"L1-dcache-prefetch-misses";"4,227,718,639"
"S1";"L1-icache-load-misses";"2,566,072,231"
"S1";"LLC-loads";"10,753,271,828"
"S1";"LLC-stores";"1,725,152,004"
"S1";"LLC-prefetches";"1,895,117,712"
"S1";"dTLB-loads";"210,335,689,873"
"S1";"dTLB-load-misses";"1,724,673,658"
"S1";"dTLB-stores";"78,954,382,350"
"S1";"dTLB-store-misses";"185,376,434"
"S1";"iTLB-loads";"299,547,048"
"S1";"iTLB-load-misses";"42,805,318"
"S1";"branch-loads";"120,586,199,970"
"S1";"branch-load-misses";"5,793,292,878"
"S2";"cache-misses";"1,079,398,051"
"S2";"cycles";"1,173,521,898,776"
"S2";"instructions";"555,679,189,115"
"S2";"cs";"168,652"
"S2";"migrations";"392"
"S2";"faults";"387,192"
"S2";"bus-cycles";"55,618,037,957"
"S2";"idle-cycles-frontend";"982,207,365,483"
"S2";"idle-cycles-backend";"823,996,076,672"
"S2";"L1-dcache-loads";"156,910,512,548"
"S2";"L1-dcache-load-misses";"4,423,521,433"
"S2";"L1-dcache-stores";"48,649,934,341"
"S2";"L1-dcache-store-misses";"1,949,805,138"
"S2";"L1-dcache-prefetch-misses";"1,196,832,212"
"S2";"L1-icache-load-misses";"1,415,265,636"
"S2";"LLC-loads";"1,654,988,934"
"S2";"LLC-stores";"496,267,162"
"S2";"LLC-prefetches";"882,443,832"
"S2";"dTLB-loads";"135,583,008,960"
"S2";"dTLB-load-misses";"520,753,923"
"S2";"dTLB-stores";"41,640,514,186"
"S2";"dTLB-store-misses";"45,714,691"
"S2";"iTLB-loads";"225,178,115"
"S2";"iTLB-load-misses";"29,328,681"
"S2";"branch-loads";"77,430,042,707"
"S2";"branch-load-misses";"5,649,616,851"
"S3";"cache-misses";"917,489,692"
"S3";"cycles";"1,126,856,648,204"
"S3";"instructions";"494,080,222,189"
"S3";"cs";"83,413"
"S3";"migrations";"589"
"S3";"faults";"352,710"
"S3";"bus-cycles";"51,280,609,864"
"S3";"idle-cycles-frontend";"922,412,402,377"
"S3";"idle-cycles-backend";"782,175,959,958"
"S3";"L1-dcache-loads";"133,221,434,055"
"S3";"L1-dcache-load-misses";"3,546,949,580"
"S3";"L1-dcache-stores";"40,220,856,962"
"S3";"L1-dcache-store-misses";"1,548,847,096"
"S3";"L1-dcache-prefetch-misses";"1,077,178,007"
"S3";"L1-icache-load-misses";"1,372,333,546"
"S3";"LLC-loads";"1,580,434,150"
"S3";"LLC-stores";"366,930,120"
"S3";"LLC-prefetches";"884,045,756"
"S3";"dTLB-loads";"141,659,706,299"
"S3";"dTLB-load-misses";"553,281,621"
"S3";"dTLB-stores";"42,777,375,012"
"S3";"dTLB-store-misses";"42,206,140"
"S3";"iTLB-loads";"211,005,518"
"S3";"iTLB-load-misses";"36,360,535"
"S3";"branch-loads";"77,096,964,608"
"S3";"branch-load-misses";"5,300,749,271"
" ";"seconds time elapsed";"180.394786788";" "
Performance,counter,stats,for,'numactl,--interleave=0,"--physcpubind=0,4,8,12,16,20,24,28",./snap-aligner,single,/tmp/data/indexes/HG_index_snap,/tmp/data/datasets/NIST7086_CGTACTAG_L002_R2_001.fastq,-t,8,-o,"/scratch/077-hpca4se-bioinf/jlenis/results/SNAP-Interleave/2593070.SNAP-Interleave.penguin.t8.sam':
"
"S0";"cache-misses";"1,735,431,811"
"S0";"cycles";"682,733,721,796"
"S0";"instructions";"645,774,793,949"
"S0";"cs";"705,477"
"S0";"migrations";"358"
"S0";"faults";"388,764"
"S0";"bus-cycles";"32,912,746,755"
"S0";"idle-cycles-frontend";"1,014,226,518,183"
"S0";"idle-cycles-backend";"934,249,932,107"
"S0";"L1-dcache-loads";"177,419,523,509"
"S0";"L1-dcache-load-misses";"6,332,084,690"
"S0";"L1-dcache-stores";"64,226,033,554"
"S0";"L1-dcache-store-misses";"2,753,795,003"
"S0";"L1-dcache-prefetch-misses";"2,459,962,333"
"S0";"L1-icache-load-misses";"2,093,212,436"
"S0";"LLC-loads";"3,587,427,381"
"S0";"LLC-stores";"1,488,766,371"
"S0";"LLC-prefetches";"1,352,229,224"
"S0";"dTLB-loads";"183,142,523,291"
"S0";"dTLB-load-misses";"1,278,396,899"
"S0";"dTLB-stores";"66,796,244,896"
"S0";"dTLB-store-misses";"99,300,623"
"S0";"iTLB-loads";"12,295,549"
"S0";"iTLB-load-misses";"8,563,176"
"S0";"branch-loads";"97,489,100,045"
"S0";"branch-load-misses";"5,394,369,168"
"S1";"cache-misses";"801,495,596"
"S1";"cycles";"521,374,784,839"
"S1";"instructions";"508,383,794,163"
"S1";"cs";"71,702"
"S1";"migrations";"305"
"S1";"faults";"352,564"
"S1";"bus-cycles";"20,620,439,506"
"S1";"idle-cycles-frontend";"752,288,694,088"
"S1";"idle-cycles-backend";"689,257,432,561"
"S1";"L1-dcache-loads";"142,788,310,492"
"S1";"L1-dcache-load-misses";"3,023,620,270"
"S1";"L1-dcache-stores";"44,904,836,699"
"S1";"L1-dcache-store-misses";"1,337,283,188"
"S1";"L1-dcache-prefetch-misses";"1,209,807,367"
"S1";"L1-icache-load-misses";"1,860,611,951"
"S1";"LLC-loads";"1,568,570,006"
"S1";"LLC-stores";"357,586,424"
"S1";"LLC-prefetches";"746,031,019"
"S1";"dTLB-loads";"151,205,298,181"
"S1";"dTLB-load-misses";"758,348,586"
"S1";"dTLB-stores";"46,160,792,060"
"S1";"dTLB-store-misses";"61,303,219"
"S1";"iTLB-loads";"24,661,177"
"S1";"iTLB-load-misses";"9,121,272"
"S1";"branch-loads";"76,637,984,839"
"S1";"branch-load-misses";"4,954,879,693"
"S2";"cache-misses";"654,569,566"
"S2";"cycles";"515,618,895,370"
"S2";"instructions";"504,560,782,417"
"S2";"cs";"71,180"
"S2";"migrations";"314"
"S2";"faults";"365,131"
"S2";"bus-cycles";"20,422,201,072"
"S2";"idle-cycles-frontend";"746,908,419,624"
"S2";"idle-cycles-backend";"706,799,175,986"
"S2";"L1-dcache-loads";"143,083,486,646"
"S2";"L1-dcache-load-misses";"2,705,995,486"
"S2";"L1-dcache-stores";"41,149,159,212"
"S2";"L1-dcache-store-misses";"1,119,421,406"
"S2";"L1-dcache-prefetch-misses";"1,143,377,547"
"S2";"L1-icache-load-misses";"1,113,177,677"
"S2";"LLC-loads";"1,353,863,059"
"S2";"LLC-stores";"210,977,660"
"S2";"LLC-prefetches";"592,037,621"
"S2";"dTLB-loads";"137,066,237,054"
"S2";"dTLB-load-misses";"244,973,641"
"S2";"dTLB-stores";"40,327,519,547"
"S2";"dTLB-store-misses";"8,929,429"
"S2";"iTLB-loads";"7,253,560"
"S2";"iTLB-load-misses";"6,551,211"
"S2";"branch-loads";"72,660,833,366"
"S2";"branch-load-misses";"4,898,852,545"
"S3";"cache-misses";"700,760,305"
"S3";"cycles";"526,650,036,180"
"S3";"instructions";"505,257,137,114"
"S3";"cs";"89,348"
"S3";"migrations";"688"
"S3";"faults";"358,175"
"S3";"bus-cycles";"21,425,365,128"
"S3";"idle-cycles-frontend";"792,949,856,496"
"S3";"idle-cycles-backend";"801,686,914,143"
"S3";"L1-dcache-loads";"145,020,455,371"
"S3";"L1-dcache-load-misses";"3,027,771,768"
"S3";"L1-dcache-stores";"43,001,217,823"
"S3";"L1-dcache-store-misses";"1,198,379,261"
"S3";"L1-dcache-prefetch-misses";"1,271,166,294"
"S3";"L1-icache-load-misses";"1,358,554,389"
"S3";"LLC-loads";"1,513,064,689"
"S3";"LLC-stores";"228,936,065"
"S3";"LLC-prefetches";"688,593,989"
"S3";"dTLB-loads";"144,607,092,633"
"S3";"dTLB-load-misses";"296,587,937"
"S3";"dTLB-stores";"42,797,987,757"
"S3";"dTLB-store-misses";"14,897,548"
"S3";"iTLB-loads";"14,704,056"
"S3";"iTLB-load-misses";"10,293,818"
"S3";"branch-loads";"73,718,511,464"
"S3";"branch-load-misses";"4,859,408,701"
" ";"seconds time elapsed";"314.609112206";" "
Performance,counter,stats,for,'numactl,"--interleave=0,1","--physcpubind=0,4,8,12,16,20,24,28,1,5,9,13,17,21,25,29",./snap-aligner,single,/tmp/data/indexes/HG_index_snap,/tmp/data/datasets/NIST7086_CGTACTAG_L002_R2_001.fastq,-t,16,-o,"/scratch/077-hpca4se-bioinf/jlenis/results/SNAP-Interleave/2593070.SNAP-Interleave.penguin.t16.sam':
"
"S0";"cache-misses";"792,861,401"
"S0";"cycles";"558,530,301,074"
"S0";"instructions";"513,636,034,543"
"S0";"cs";"86,140"
"S0";"migrations";"687"
"S0";"faults";"373,860"
"S0";"bus-cycles";"23,134,823,422"
"S0";"idle-cycles-frontend";"855,257,468,964"
"S0";"idle-cycles-backend";"774,016,152,208"
"S0";"L1-dcache-loads";"141,626,793,276"
"S0";"L1-dcache-load-misses";"2,890,784,634"
"S0";"L1-dcache-stores";"45,359,313,485"
"S0";"L1-dcache-store-misses";"1,209,087,164"
"S0";"L1-dcache-prefetch-misses";"1,288,386,349"
"S0";"L1-icache-load-misses";"1,221,792,742"
"S0";"LLC-loads";"1,700,603,126"
"S0";"LLC-stores";"280,018,332"
"S0";"LLC-prefetches";"786,341,243"
"S0";"dTLB-loads";"159,251,106,624"
"S0";"dTLB-load-misses";"329,331,856"
"S0";"dTLB-stores";"44,419,476,503"
"S0";"dTLB-store-misses";"22,775,125"
"S0";"iTLB-loads";"18,899,001"
"S0";"iTLB-load-misses";"7,550,057"
"S0";"branch-loads";"76,025,710,350"
"S0";"branch-load-misses";"5,277,410,958"
"S1";"cache-misses";"2,061,531,974"
"S1";"cycles";"976,751,837,568"
"S1";"instructions";"882,305,007,351"
"S1";"cs";"679,432"
"S1";"migrations";"428"
"S1";"faults";"384,400"
"S1";"bus-cycles";"44,058,403,217"
"S1";"idle-cycles-frontend";"1,498,934,844,894"
"S1";"idle-cycles-backend";"1,394,530,463,148"
"S1";"L1-dcache-loads";"234,517,872,582"
"S1";"L1-dcache-load-misses";"8,984,643,777"
"S1";"L1-dcache-stores";"109,883,601,358"
"S1";"L1-dcache-store-misses";"3,197,931,433"
"S1";"L1-dcache-prefetch-misses";"3,854,150,104"
"S1";"L1-icache-load-misses";"2,287,014,794"
"S1";"LLC-loads";"5,687,798,470"
"S1";"LLC-stores";"1,457,359,368"
"S1";"LLC-prefetches";"1,614,672,428"
"S1";"dTLB-loads";"245,421,484,629"
"S1";"dTLB-load-misses";"2,585,290,604"
"S1";"dTLB-stores";"112,313,905,258"
"S1";"dTLB-store-misses";"173,199,645"
"S1";"iTLB-loads";"43,442,205"
"S1";"iTLB-load-misses";"12,714,384"
"S1";"branch-loads";"142,006,108,492"
"S1";"branch-load-misses";"5,263,737,362"
"S2";"cache-misses";"733,999,807"
"S2";"cycles";"567,601,207,774"
"S2";"instructions";"509,808,857,795"
"S2";"cs";"68,674"
"S2";"migrations";"397"
"S2";"faults";"388,770"
"S2";"bus-cycles";"23,293,400,200"
"S2";"idle-cycles-frontend";"805,244,401,449"
"S2";"idle-cycles-backend";"708,149,652,065"
"S2";"L1-dcache-loads";"143,862,589,476"
"S2";"L1-dcache-load-misses";"2,689,493,225"
"S2";"L1-dcache-stores";"41,976,480,737"
"S2";"L1-dcache-store-misses";"1,160,153,755"
"S2";"L1-dcache-prefetch-misses";"1,131,503,547"
"S2";"L1-icache-load-misses";"1,132,814,900"
"S2";"LLC-loads";"1,410,451,799"
"S2";"LLC-stores";"230,785,572"
"S2";"LLC-prefetches";"675,411,072"
"S2";"dTLB-loads";"142,565,088,656"
"S2";"dTLB-load-misses";"245,458,685"
"S2";"dTLB-stores";"42,012,751,186"
"S2";"dTLB-store-misses";"9,089,138"
"S2";"iTLB-loads";"11,363,669"
"S2";"iTLB-load-misses";"3,679,276"
"S2";"branch-loads";"72,732,958,237"
"S2";"branch-load-misses";"5,133,163,666"
"S3";"cache-misses";"923,725,071"
"S3";"cycles";"603,579,756,897"
"S3";"instructions";"522,219,166,651"
"S3";"cs";"65,490"
"S3";"migrations";"1,412"
"S3";"faults";"343,913"
"S3";"bus-cycles";"24,247,165,308"
"S3";"idle-cycles-frontend";"875,603,328,728"
"S3";"idle-cycles-backend";"804,041,649,023"
"S3";"L1-dcache-loads";"135,082,244,255"
"S3";"L1-dcache-load-misses";"3,113,317,477"
"S3";"L1-dcache-stores";"42,339,027,015"
"S3";"L1-dcache-store-misses";"1,290,377,119"
"S3";"L1-dcache-prefetch-misses";"1,222,486,128"
"S3";"L1-icache-load-misses";"2,177,921,891"
"S3";"LLC-loads";"1,711,137,050"
"S3";"LLC-stores";"403,353,432"
"S3";"LLC-prefetches";"838,601,439"
"S3";"dTLB-loads";"153,482,533,446"
"S3";"dTLB-load-misses";"900,175,158"
"S3";"dTLB-stores";"46,538,595,451"
"S3";"dTLB-store-misses";"79,468,920"
"S3";"iTLB-loads";"32,929,015"
"S3";"iTLB-load-misses";"9,639,929"
"S3";"branch-loads";"78,623,403,047"
"S3";"branch-load-misses";"5,109,223,984"
" ";"seconds time elapsed";"360.663841303";" "
Performance,counter,stats,for,'numactl,"--interleave=0,1","--physcpubind=0,4,8,12,16,20,24,28,32,36,40,44,48,52,56,60,1,5,9,13,17,21,25,29,33,37,41,45,49,53,57,61",./snap-aligner,single,/tmp/data/indexes/HG_index_snap,/tmp/data/datasets/NIST7086_CGTACTAG_L002_R2_001.fastq,-t,32,-o,"/scratch/077-hpca4se-bioinf/jlenis/results/SNAP-Interleave/2593070.SNAP-Interleave.penguin.t32.sam':
"
"S0";"cache-misses";"1,574,459,652"
"S0";"cycles";"919,527,136,995"
"S0";"instructions";"713,891,773,772"
"S0";"cs";"152,700"
"S0";"migrations";"389"
"S0";"faults";"373,329"
"S0";"bus-cycles";"40,358,245,847"
"S0";"idle-cycles-frontend";"1,440,724,648,024"
"S0";"idle-cycles-backend";"1,348,497,486,723"
"S0";"L1-dcache-loads";"187,890,779,088"
"S0";"L1-dcache-load-misses";"5,732,556,911"
"S0";"L1-dcache-stores";"68,496,872,801"
"S0";"L1-dcache-store-misses";"1,844,042,371"
"S0";"L1-dcache-prefetch-misses";"2,147,987,621"
"S0";"L1-icache-load-misses";"2,137,023,656"
"S0";"LLC-loads";"3,486,271,041"
"S0";"LLC-stores";"610,487,970"
"S0";"LLC-prefetches";"1,198,124,019"
"S0";"dTLB-loads";"186,303,404,470"
"S0";"dTLB-load-misses";"1,742,092,208"
"S0";"dTLB-stores";"73,193,166,649"
"S0";"dTLB-store-misses";"147,592,815"
"S0";"iTLB-loads";"26,955,927"
"S0";"iTLB-load-misses";"7,194,916"
"S0";"branch-loads";"114,388,015,171"
"S0";"branch-load-misses";"5,435,126,364"
"S1";"cache-misses";"1,492,487,756"
"S1";"cycles";"897,323,358,644"
"S1";"instructions";"641,011,222,438"
"S1";"cs";"418,768"
"S1";"migrations";"341"
"S1";"faults";"378,029"
"S1";"bus-cycles";"41,069,433,939"
"S1";"idle-cycles-frontend";"1,434,745,918,583"
"S1";"idle-cycles-backend";"1,337,079,326,338"
"S1";"L1-dcache-loads";"183,200,751,556"
"S1";"L1-dcache-load-misses";"6,765,347,459"
"S1";"L1-dcache-stores";"76,061,186,705"
"S1";"L1-dcache-store-misses";"2,838,325,480"
"S1";"L1-dcache-prefetch-misses";"3,196,372,108"
"S1";"L1-icache-load-misses";"1,962,161,401"
"S1";"LLC-loads";"4,454,632,261"
"S1";"LLC-stores";"1,464,720,174"
"S1";"LLC-prefetches";"1,487,600,037"
"S1";"dTLB-loads";"187,592,973,936"
"S1";"dTLB-load-misses";"1,376,094,211"
"S1";"dTLB-stores";"71,148,096,834"
"S1";"dTLB-store-misses";"93,684,496"
"S1";"iTLB-loads";"36,582,990"
"S1";"iTLB-load-misses";"8,092,935"
"S1";"branch-loads";"96,115,756,064"
"S1";"branch-load-misses";"5,131,600,847"
"S2";"cache-misses";"804,215,336"
"S2";"cycles";"739,172,529,957"
"S2";"instructions";"490,874,638,799"
"S2";"cs";"61,153"
"S2";"migrations";"300"
"S2";"faults";"367,785"
"S2";"bus-cycles";"31,691,403,552"
"S2";"idle-cycles-frontend";"1,167,806,173,659"
"S2";"idle-cycles-backend";"1,094,748,784,445"
"S2";"L1-dcache-loads";"133,074,072,628"
"S2";"L1-dcache-load-misses";"2,661,365,762"
"S2";"L1-dcache-stores";"39,099,741,068"
"S2";"L1-dcache-store-misses";"1,105,834,444"
"S2";"L1-dcache-prefetch-misses";"1,093,288,320"
"S2";"L1-icache-load-misses";"1,143,776,581"
"S2";"LLC-loads";"1,436,384,173"
"S2";"LLC-stores";"253,350,231"
"S2";"LLC-prefetches";"804,648,795"
"S2";"dTLB-loads";"140,632,189,457"
"S2";"dTLB-load-misses";"283,274,815"
"S2";"dTLB-stores";"40,308,577,882"
"S2";"dTLB-store-misses";"7,823,740"
"S2";"iTLB-loads";"9,192,070"
"S2";"iTLB-load-misses";"4,603,807"
"S2";"branch-loads";"73,709,790,418"
"S2";"branch-load-misses";"5,068,260,139"
"S3";"cache-misses";"830,322,006"
"S3";"cycles";"745,091,922,934"
"S3";"instructions";"499,838,002,401"
"S3";"cs";"60,585"
"S3";"migrations";"609"
"S3";"faults";"373,261"
"S3";"bus-cycles";"31,646,043,423"
"S3";"idle-cycles-frontend";"1,128,555,514,810"
"S3";"idle-cycles-backend";"1,083,164,811,033"
"S3";"L1-dcache-loads";"135,282,829,035"
"S3";"L1-dcache-load-misses";"2,927,420,127"
"S3";"L1-dcache-stores";"41,880,197,533"
"S3";"L1-dcache-store-misses";"1,209,518,903"
"S3";"L1-dcache-prefetch-misses";"1,276,657,940"
"S3";"L1-icache-load-misses";"1,427,702,880"
"S3";"LLC-loads";"1,701,451,826"
"S3";"LLC-stores";"289,914,503"
"S3";"LLC-prefetches";"979,323,686"
"S3";"dTLB-loads";"159,693,495,120"
"S3";"dTLB-load-misses";"336,673,318"
"S3";"dTLB-stores";"46,970,347,061"
"S3";"dTLB-store-misses";"14,286,253"
"S3";"iTLB-loads";"24,335,105"
"S3";"iTLB-load-misses";"7,927,804"
"S3";"branch-loads";"79,074,312,805"
"S3";"branch-load-misses";"5,213,520,337"
" ";"seconds time elapsed";"273.619158415";" "
Performance,counter,stats,for,'numactl,--interleave=0-2,"--physcpubind=0,4,8,12,16,20,24,28,32,36,40,44,48,52,56,60,1,5,9,13,17,21,25,29,33,37,41,45,49,53,57,61,2,6,10,14,18,22,26,30,34,38,42,46,50,54,58,62",./snap-aligner,single,/tmp/data/indexes/HG_index_snap,/tmp/data/datasets/NIST7086_CGTACTAG_L002_R2_001.fastq,-t,48,-o,"/scratch/077-hpca4se-bioinf/jlenis/results/SNAP-Interleave/2593070.SNAP-Interleave.penguin.t48.sam':
"
"S0";"cache-misses";"1,050,287,235"
"S0";"cycles";"1,017,039,279,593"
"S0";"instructions";"484,496,913,048"
"S0";"cs";"98,476"
"S0";"migrations";"286"
"S0";"faults";"340,650"
"S0";"bus-cycles";"42,330,170,723"
"S0";"idle-cycles-frontend";"1,017,207,789,706"
"S0";"idle-cycles-backend";"908,246,862,467"
"S0";"L1-dcache-loads";"129,511,972,059"
"S0";"L1-dcache-load-misses";"3,641,659,568"
"S0";"L1-dcache-stores";"42,617,782,466"
"S0";"L1-dcache-store-misses";"1,724,784,089"
"S0";"L1-dcache-prefetch-misses";"1,241,976,474"
"S0";"L1-icache-load-misses";"1,407,619,797"
"S0";"LLC-loads";"1,735,448,824"
"S0";"LLC-stores";"568,874,349"
"S0";"LLC-prefetches";"909,919,411"
"S0";"dTLB-loads";"138,049,690,172"
"S0";"dTLB-load-misses";"487,945,255"
"S0";"dTLB-stores";"43,592,280,066"
"S0";"dTLB-store-misses";"45,458,793"
"S0";"iTLB-loads";"153,635,152"
"S0";"iTLB-load-misses";"21,758,799"
"S0";"branch-loads";"77,453,212,140"
"S0";"branch-load-misses";"5,398,478,648"
"S1";"cache-misses";"1,007,796,438"
"S1";"cycles";"1,037,720,101,068"
"S1";"instructions";"531,382,478,190"
"S1";"cs";"53,228"
"S1";"migrations";"178"
"S1";"faults";"360,690"
"S1";"bus-cycles";"42,486,580,951"
"S1";"idle-cycles-frontend";"980,187,357,038"
"S1";"idle-cycles-backend";"823,346,547,474"
"S1";"L1-dcache-loads";"133,564,291,102"
"S1";"L1-dcache-load-misses";"3,399,426,439"
"S1";"L1-dcache-stores";"41,194,004,203"
"S1";"L1-dcache-store-misses";"1,442,604,632"
"S1";"L1-dcache-prefetch-misses";"1,082,025,415"
"S1";"L1-icache-load-misses";"1,290,026,896"
"S1";"LLC-loads";"1,541,117,908"
"S1";"LLC-stores";"343,437,131"
"S1";"LLC-prefetches";"965,811,827"
"S1";"dTLB-loads";"148,846,602,189"
"S1";"dTLB-load-misses";"396,463,676"
"S1";"dTLB-stores";"41,928,772,787"
"S1";"dTLB-store-misses";"35,131,687"
"S1";"iTLB-loads";"138,935,175"
"S1";"iTLB-load-misses";"31,202,733"
"S1";"branch-loads";"85,841,458,745"
"S1";"branch-load-misses";"6,121,119,522"
"S2";"cache-misses";"1,558,625,646"
"S2";"cycles";"999,192,133,985"
"S2";"instructions";"535,617,193,766"
"S2";"cs";"109,485"
"S2";"migrations";"384"
"S2";"faults";"393,127"
"S2";"bus-cycles";"41,949,182,771"
"S2";"idle-cycles-frontend";"1,069,255,782,715"
"S2";"idle-cycles-backend";"864,409,981,984"
"S2";"L1-dcache-loads";"149,166,081,451"
"S2";"L1-dcache-load-misses";"5,210,721,193"
"S2";"L1-dcache-stores";"51,205,628,865"
"S2";"L1-dcache-store-misses";"2,454,116,116"
"S2";"L1-dcache-prefetch-misses";"1,740,348,684"
"S2";"L1-icache-load-misses";"1,976,587,605"
"S2";"LLC-loads";"2,358,515,167"
"S2";"LLC-stores";"1,414,609,259"
"S2";"LLC-prefetches";"1,566,582,106"
"S2";"dTLB-loads";"192,177,118,675"
"S2";"dTLB-load-misses";"1,313,332,234"
"S2";"dTLB-stores";"60,113,631,375"
"S2";"dTLB-store-misses";"105,508,795"
"S2";"iTLB-loads";"161,674,995"
"S2";"iTLB-load-misses";"23,774,948"
"S2";"branch-loads";"89,120,443,381"
"S2";"branch-load-misses";"5,988,379,796"
"S3";"cache-misses";"928,692,205"
"S3";"cycles";"998,181,822,374"
"S3";"instructions";"510,452,103,838"
"S3";"cs";"48,528"
"S3";"migrations";"219"
"S3";"faults";"359,441"
"S3";"bus-cycles";"41,216,380,849"
"S3";"idle-cycles-frontend";"1,034,633,272,765"
"S3";"idle-cycles-backend";"895,756,166,564"
"S3";"L1-dcache-loads";"137,295,809,053"
"S3";"L1-dcache-load-misses";"3,388,724,489"
"S3";"L1-dcache-stores";"41,180,486,786"
"S3";"L1-dcache-store-misses";"1,442,884,171"
"S3";"L1-dcache-prefetch-misses";"1,192,906,547"
"S3";"L1-icache-load-misses";"1,307,482,959"
"S3";"LLC-loads";"1,587,215,492"
"S3";"LLC-stores";"348,529,803"
"S3";"LLC-prefetches";"985,404,083"
"S3";"dTLB-loads";"157,534,235,155"
"S3";"dTLB-load-misses";"386,073,155"
"S3";"dTLB-stores";"44,350,341,779"
"S3";"dTLB-store-misses";"30,105,247"
"S3";"iTLB-loads";"121,072,345"
"S3";"iTLB-load-misses";"27,366,075"
"S3";"branch-loads";"81,391,128,856"
"S3";"branch-load-misses";"5,962,599,569"
" ";"seconds time elapsed";"88.279755882";" "
Performance,counter,stats,for,'numactl,--interleave=0-3,--physcpubind=0-63,./snap-aligner,single,/tmp/data/indexes/HG_index_snap,/tmp/data/datasets/NIST7086_CGTACTAG_L002_R2_001.fastq,-t,64,-o,"/scratch/077-hpca4se-bioinf/jlenis/results/SNAP-Interleave/2593070.SNAP-Interleave.penguin.t64.sam':
"
"S0";"cache-misses";"963,478,046"
"S0";"cycles";"1,165,621,104,066"
"S0";"instructions";"488,961,863,463"
"S0";"cs";"84,146"
"S0";"migrations";"217"
"S0";"faults";"339,337"
"S0";"bus-cycles";"47,023,065,342"
"S0";"idle-cycles-frontend";"845,608,321,328"
"S0";"idle-cycles-backend";"712,949,867,741"
"S0";"L1-dcache-loads";"123,168,790,815"
"S0";"L1-dcache-load-misses";"3,300,836,962"
"S0";"L1-dcache-stores";"39,909,041,653"
"S0";"L1-dcache-store-misses";"1,594,609,436"
"S0";"L1-dcache-prefetch-misses";"1,044,314,704"
"S0";"L1-icache-load-misses";"1,411,146,880"
"S0";"LLC-loads";"1,684,370,818"
"S0";"LLC-stores";"413,616,411"
"S0";"LLC-prefetches";"864,632,488"
"S0";"dTLB-loads";"148,522,348,059"
"S0";"dTLB-load-misses";"452,361,228"
"S0";"dTLB-stores";"45,214,868,414"
"S0";"dTLB-store-misses";"48,071,571"
"S0";"iTLB-loads";"199,447,634"
"S0";"iTLB-load-misses";"49,998,278"
"S0";"branch-loads";"87,433,892,940"
"S0";"branch-load-misses";"5,966,797,220"
"S1";"cache-misses";"1,580,092,654"
"S1";"cycles";"1,158,867,428,603"
"S1";"instructions";"520,704,536,754"
"S1";"cs";"58,762"
"S1";"migrations";"239"
"S1";"faults";"383,873"
"S1";"bus-cycles";"50,926,598,564"
"S1";"idle-cycles-frontend";"1,087,034,445,778"
"S1";"idle-cycles-backend";"923,732,316,778"
"S1";"L1-dcache-loads";"149,009,896,302"
"S1";"L1-dcache-load-misses";"5,085,147,600"
"S1";"L1-dcache-stores";"48,883,293,839"
"S1";"L1-dcache-store-misses";"2,625,547,058"
"S1";"L1-dcache-prefetch-misses";"1,896,350,582"
"S1";"L1-icache-load-misses";"1,439,680,233"
"S1";"LLC-loads";"2,370,997,184"
"S1";"LLC-stores";"1,439,882,881"
"S1";"LLC-prefetches";"1,176,090,063"
"S1";"dTLB-loads";"149,230,917,360"
"S1";"dTLB-load-misses";"472,527,093"
"S1";"dTLB-stores";"52,612,147,593"
"S1";"dTLB-store-misses";"33,136,127"
"S1";"iTLB-loads";"250,579,046"
"S1";"iTLB-load-misses";"36,733,952"
"S1";"branch-loads";"80,466,398,868"
"S1";"branch-load-misses";"5,482,858,931"
"S2";"cache-misses";"1,367,087,446"
"S2";"cycles";"1,212,724,029,339"
"S2";"instructions";"586,886,509,119"
"S2";"cs";"74,822"
"S2";"migrations";"494"
"S2";"faults";"372,824"
"S2";"bus-cycles";"50,849,109,310"
"S2";"idle-cycles-frontend";"940,190,206,830"
"S2";"idle-cycles-backend";"704,050,656,681"
"S2";"L1-dcache-loads";"141,354,290,328"
"S2";"L1-dcache-load-misses";"3,984,705,152"
"S2";"L1-dcache-stores";"43,535,230,652"
"S2";"L1-dcache-store-misses";"1,760,938,459"
"S2";"L1-dcache-prefetch-misses";"1,158,389,070"
"S2";"L1-icache-load-misses";"2,195,242,575"
"S2";"LLC-loads";"1,790,817,214"
"S2";"LLC-stores";"562,982,216"
"S2";"LLC-prefetches";"1,113,925,166"
"S2";"dTLB-loads";"182,424,485,959"
"S2";"dTLB-load-misses";"1,158,673,652"
"S2";"dTLB-stores";"58,504,023,140"
"S2";"dTLB-store-misses";"115,176,680"
"S2";"iTLB-loads";"279,651,587"
"S2";"iTLB-load-misses";"45,642,326"
"S2";"branch-loads";"110,872,972,333"
"S2";"branch-load-misses";"7,358,620,065"
"S3";"cache-misses";"1,054,132,994"
"S3";"cycles";"1,140,326,819,996"
"S3";"instructions";"523,781,815,443"
"S3";"cs";"55,190"
"S3";"migrations";"433"
"S3";"faults";"369,842"
"S3";"bus-cycles";"48,176,371,188"
"S3";"idle-cycles-frontend";"894,824,622,060"
"S3";"idle-cycles-backend";"748,568,659,648"
"S3";"L1-dcache-loads";"142,357,055,508"
"S3";"L1-dcache-load-misses";"3,783,594,376"
"S3";"L1-dcache-stores";"42,788,190,231"
"S3";"L1-dcache-store-misses";"1,655,600,632"
"S3";"L1-dcache-prefetch-misses";"1,234,444,795"
"S3";"L1-icache-load-misses";"1,351,251,211"
"S3";"LLC-loads";"1,657,265,733"
"S3";"LLC-stores";"376,657,919"
"S3";"LLC-prefetches";"883,249,080"
"S3";"dTLB-loads";"145,930,712,253"
"S3";"dTLB-load-misses";"349,302,242"
"S3";"dTLB-stores";"44,237,288,655"
"S3";"dTLB-store-misses";"21,086,926"
"S3";"iTLB-loads";"255,023,011"
"S3";"iTLB-load-misses";"36,280,191"
"S3";"branch-loads";"93,269,077,006"
"S3";"branch-load-misses";"6,288,782,209"
" ";"seconds time elapsed";"72.446029774";" "
