S0;cache-misses;19,486,364,289
S0;cycles;9,981,657,290,958
S0;instructions;15,100,727,815,435
S0;cs;157,186
S0;migrations;1,615
S0;faults;44,529
S0;bus-cycles;568,198,855,077
S0;idle-cycles-frontend;14,381,262,326,946
S0;idle-cycles-backend;13,005,586,417,421
S0;L1-dcache-loads;4,039,303,799,348
S0;L1-dcache-load-misses;169,336,833,763
S0;L1-dcache-stores;2,043,810,580,326
S0;L1-dcache-store-misses;99,212,237,186
S0;L1-dcache-prefetch-misses;77,495,891,805
S0;L1-icache-load-misses;52,390,609,409
S0;LLC-loads;42,258,158,632
S0;LLC-stores;27,248,565,349
S0;LLC-prefetches;36,780,005,134
S0;dTLB-loads;4,059,782,646,477
S0;dTLB-load-misses;16,279,592,431
S0;dTLB-stores;2,053,511,996,024
S0;dTLB-store-misses;846,371,983
S0;iTLB-loads;1,429,464,251
S0;iTLB-load-misses;510,541,700
S0;branch-loads;1,700,152,119,156
S0;branch-load-misses;65,803,277,704
S1;cache-misses;66,538,383
S1;cycles;44,213,823,221
S1;instructions;23,184,686,196
S1;cs;60,778
S1;migrations;814
S1;faults;37,821
S1;bus-cycles;3,546,117,057
S1;idle-cycles-frontend;60,959,833,045
S1;idle-cycles-backend;54,118,840,966
S1;L1-dcache-loads;5,044,474,998
S1;L1-dcache-load-misses;312,244,469
S1;L1-dcache-stores;2,833,287,706
S1;L1-dcache-store-misses;51,499,596
S1;L1-dcache-prefetch-misses;109,879,237
S1;L1-icache-load-misses;231,108,483
S1;LLC-loads;335,592,618
S1;LLC-stores;33,601,261
S1;LLC-prefetches;49,873,760
S1;dTLB-loads;5,051,502,646
S1;dTLB-load-misses;72,940,637
S1;dTLB-stores;5,591,587,036
S1;dTLB-store-misses;8,530,630
S1;iTLB-loads;5,821,650
S1;iTLB-load-misses;5,827,338
S1;branch-loads;4,803,077,939
S1;branch-load-misses;65,666,448
S2;cache-misses;43,035,235
S2;cycles;30,931,395,560
S2;instructions;19,101,970,863
S2;cs;66,118
S2;migrations;803
S2;faults;39,608
S2;bus-cycles;2,788,190,352
S2;idle-cycles-frontend;52,901,890,306
S2;idle-cycles-backend;47,526,688,526
S2;L1-dcache-loads;7,240,338,341
S2;L1-dcache-load-misses;663,093,285
S2;L1-dcache-stores;5,900,166,640
S2;L1-dcache-store-misses;102,253,064
S2;L1-dcache-prefetch-misses;121,403,035
S2;L1-icache-load-misses;125,331,774
S2;LLC-loads;325,683,579
S2;LLC-stores;17,295,557
S2;LLC-prefetches;28,398,071
S2;dTLB-loads;6,952,906,123
S2;dTLB-load-misses;52,523,818
S2;dTLB-stores;3,721,068,579
S2;dTLB-store-misses;5,324,701
S2;iTLB-loads;1,662,405
S2;iTLB-load-misses;2,848,997
S2;branch-loads;3,080,246,523
S2;branch-load-misses;45,736,083
S3;cache-misses;93,899,450
S3;cycles;44,210,886,295
S3;instructions;21,673,030,509
S3;cs;159,397
S3;migrations;1,356
S3;faults;56,330
S3;bus-cycles;3,754,794,944
S3;idle-cycles-frontend;70,945,973,594
S3;idle-cycles-backend;62,451,546,256
S3;L1-dcache-loads;6,674,739,793
S3;L1-dcache-load-misses;515,228,943
S3;L1-dcache-stores;3,979,894,392
S3;L1-dcache-store-misses;79,701,189
S3;L1-dcache-prefetch-misses;222,040,213
S3;L1-icache-load-misses;319,444,186
S3;LLC-loads;355,835,263
S3;LLC-stores;37,511,036
S3;LLC-prefetches;108,728,879
S3;dTLB-loads;5,407,995,867
S3;dTLB-load-misses;118,573,334
S3;dTLB-stores;3,521,907,069
S3;dTLB-store-misses;15,149,614
S3;iTLB-loads;5,089,099
S3;iTLB-load-misses;6,252,270
S3;branch-loads;3,654,509,924
S3;branch-load-misses;93,339,639
 ;seconds time elapsed;715.675114198; 
S0;cache-misses;9,240,675,753
S0;cycles;5,628,037,918,938
S0;instructions;6,850,175,340,026
S0;cs;144,153
S0;migrations;1,149
S0;faults;35,054
S0;bus-cycles;308,242,683,766
S0;idle-cycles-frontend;8,709,276,354,083
S0;idle-cycles-backend;8,054,910,301,634
S0;L1-dcache-loads;1,839,473,467,943
S0;L1-dcache-load-misses;78,878,938,178
S0;L1-dcache-stores;950,697,757,716
S0;L1-dcache-store-misses;46,037,464,451
S0;L1-dcache-prefetch-misses;35,716,984,788
S0;L1-icache-load-misses;24,749,583,022
S0;LLC-loads;19,858,171,631
S0;LLC-stores;12,802,712,264
S0;LLC-prefetches;16,460,297,611
S0;dTLB-loads;1,876,298,669,236
S0;dTLB-load-misses;7,637,050,993
S0;dTLB-stores;948,636,226,334
S0;dTLB-store-misses;651,811,177
S0;iTLB-loads;734,829,859
S0;iTLB-load-misses;351,597,439
S0;branch-loads;788,851,817,993
S0;branch-load-misses;30,555,118,056
S1;cache-misses;10,706,822,110
S1;cycles;7,195,913,656,663
S1;instructions;8,154,877,557,691
S1;cs;145,532
S1;migrations;461
S1;faults;43,697
S1;bus-cycles;311,323,790,212
S1;idle-cycles-frontend;11,307,922,974,138
S1;idle-cycles-backend;10,527,417,655,804
S1;L1-dcache-loads;2,160,742,243,413
S1;L1-dcache-load-misses;90,866,880,440
S1;L1-dcache-stores;1,101,203,951,820
S1;L1-dcache-store-misses;53,612,104,102
S1;L1-dcache-prefetch-misses;42,063,851,433
S1;L1-icache-load-misses;28,204,598,418
S1;LLC-loads;22,912,953,680
S1;LLC-stores;15,045,984,847
S1;LLC-prefetches;19,248,397,945
S1;dTLB-loads;2,194,817,590,546
S1;dTLB-load-misses;9,002,132,832
S1;dTLB-stores;1,110,060,421,207
S1;dTLB-store-misses;753,978,445
S1;iTLB-loads;636,298,457
S1;iTLB-load-misses;290,859,308
S1;branch-loads;919,751,291,380
S1;branch-load-misses;35,556,963,162
S2;cache-misses;33,561,474
S2;cycles;20,963,837,860
S2;instructions;10,409,883,229
S2;cs;52,696
S2;migrations;526
S2;faults;36,360
S2;bus-cycles;1,824,880,152
S2;idle-cycles-frontend;36,616,253,305
S2;idle-cycles-backend;34,609,387,326
S2;L1-dcache-loads;3,145,997,454
S2;L1-dcache-load-misses;224,217,775
S2;L1-dcache-stores;2,240,509,018
S2;L1-dcache-store-misses;54,106,934
S2;L1-dcache-prefetch-misses;79,645,968
S2;L1-icache-load-misses;118,111,315
S2;LLC-loads;325,559,754
S2;LLC-stores;13,302,425
S2;LLC-prefetches;39,077,264
S2;dTLB-loads;2,447,620,611
S2;dTLB-load-misses;44,730,961
S2;dTLB-stores;1,799,371,859
S2;dTLB-store-misses;6,016,086
S2;iTLB-loads;1,708,410
S2;iTLB-load-misses;2,222,936
S2;branch-loads;1,548,919,765
S2;branch-load-misses;37,595,482
S3;cache-misses;91,195,479
S3;cycles;33,824,738,924
S3;instructions;14,942,029,992
S3;cs;106,966
S3;migrations;943
S3;faults;42,300
S3;bus-cycles;3,168,116,818
S3;idle-cycles-frontend;57,384,371,225
S3;idle-cycles-backend;52,501,889,420
S3;L1-dcache-loads;5,105,661,352
S3;L1-dcache-load-misses;347,573,079
S3;L1-dcache-stores;2,463,475,887
S3;L1-dcache-store-misses;60,282,779
S3;L1-dcache-prefetch-misses;147,202,618
S3;L1-icache-load-misses;221,465,381
S3;LLC-loads;263,349,527
S3;LLC-stores;36,839,500
S3;LLC-prefetches;83,042,088
S3;dTLB-loads;3,835,800,183
S3;dTLB-load-misses;105,280,729
S3;dTLB-stores;2,635,187,269
S3;dTLB-store-misses;14,892,837
S3;iTLB-loads;3,168,456
S3;iTLB-load-misses;5,344,998
S3;branch-loads;2,839,957,227
S3;branch-load-misses;69,665,817
 ;seconds time elapsed;397.045116425; 
S0;cache-misses;13,990,933,684
S0;cycles;9,438,278,718,605
S0;instructions;7,092,481,148,641
S0;cs;13,964,251
S0;migrations;8,192
S0;faults;81,445
S0;bus-cycles;539,662,248,713
S0;idle-cycles-frontend;7,079,396,273,141
S0;idle-cycles-backend;4,948,123,803,349
S0;L1-dcache-loads;1,906,269,301,546
S0;L1-dcache-load-misses;90,946,259,183
S0;L1-dcache-stores;1,003,076,544,720
S0;L1-dcache-store-misses;49,750,361,622
S0;L1-dcache-prefetch-misses;29,659,046,297
S0;L1-icache-load-misses;31,240,596,552
S0;LLC-loads;25,334,998,723
S0;LLC-stores;21,143,853,508
S0;LLC-prefetches;24,181,224,200
S0;dTLB-loads;1,960,984,231,265
S0;dTLB-load-misses;14,529,692,972
S0;dTLB-stores;1,006,862,502,654
S0;dTLB-store-misses;4,087,141,612
S0;iTLB-loads;5,449,476,524
S0;iTLB-load-misses;1,403,629,591
S0;branch-loads;834,928,191,874
S0;branch-load-misses;31,007,197,640
S1;cache-misses;13,927,544,202
S1;cycles;11,518,416,160,723
S1;instructions;8,240,448,276,420
S1;cs;302,961
S1;migrations;25,992
S1;faults;64,694
S1;bus-cycles;513,744,528,345
S1;idle-cycles-frontend;9,521,189,059,113
S1;idle-cycles-backend;7,227,123,472,937
S1;L1-dcache-loads;2,208,713,082,941
S1;L1-dcache-load-misses;102,930,261,592
S1;L1-dcache-stores;1,144,420,645,337
S1;L1-dcache-store-misses;57,018,269,127
S1;L1-dcache-prefetch-misses;33,707,830,425
S1;L1-icache-load-misses;34,662,312,714
S1;LLC-loads;28,176,268,676
S1;LLC-stores;23,016,506,968
S1;LLC-prefetches;26,241,757,884
S1;dTLB-loads;2,248,349,047,780
S1;dTLB-load-misses;15,621,553,050
S1;dTLB-stores;1,156,942,961,758
S1;dTLB-store-misses;4,254,159,383
S1;iTLB-loads;3,666,152,649
S1;iTLB-load-misses;2,072,638,323
S1;branch-loads;957,048,563,627
S1;branch-load-misses;35,602,593,957
S2;cache-misses;49,750,633
S2;cycles;24,659,487,796
S2;instructions;11,534,420,000
S2;cs;56,064
S2;migrations;671
S2;faults;33,155
S2;bus-cycles;2,251,263,583
S2;idle-cycles-frontend;46,501,679,854
S2;idle-cycles-backend;43,687,330,275
S2;L1-dcache-loads;4,330,196,417
S2;L1-dcache-load-misses;195,827,990
S2;L1-dcache-stores;2,076,673,325
S2;L1-dcache-store-misses;26,304,212
S2;L1-dcache-prefetch-misses;54,946,814
S2;L1-icache-load-misses;215,141,842
S2;LLC-loads;128,925,112
S2;LLC-stores;19,803,457
S2;LLC-prefetches;33,777,477
S2;dTLB-loads;4,132,306,288
S2;dTLB-load-misses;117,933,673
S2;dTLB-stores;2,504,954,727
S2;dTLB-store-misses;16,396,412
S2;iTLB-loads;2,126,940
S2;iTLB-load-misses;2,318,126
S2;branch-loads;2,260,871,731
S2;branch-load-misses;46,629,520
S3;cache-misses;106,730,604
S3;cycles;45,037,022,919
S3;instructions;24,463,474,651
S3;cs;99,333
S3;migrations;1,420
S3;faults;40,674
S3;bus-cycles;3,560,372,183
S3;idle-cycles-frontend;77,036,191,047
S3;idle-cycles-backend;69,309,676,549
S3;L1-dcache-loads;7,133,939,957
S3;L1-dcache-load-misses;565,467,957
S3;L1-dcache-stores;4,252,120,849
S3;L1-dcache-store-misses;98,720,663
S3;L1-dcache-prefetch-misses;192,021,495
S3;L1-icache-load-misses;375,912,786
S3;LLC-loads;392,865,304
S3;LLC-stores;43,708,561
S3;LLC-prefetches;157,010,629
S3;dTLB-loads;7,396,400,716
S3;dTLB-load-misses;115,790,725
S3;dTLB-stores;4,638,053,411
S3;dTLB-store-misses;16,034,501
S3;iTLB-loads;5,305,234
S3;iTLB-load-misses;7,872,481
S3;branch-loads;4,932,248,531
S3;branch-load-misses;122,593,173
 ;seconds time elapsed;356.463795906; 
S0;cache-misses;8,388,168,500
S0;cycles;7,742,393,571,144
S0;instructions;4,665,779,999,394
S0;cs;792,145
S0;migrations;1,381
S0;faults;84,234
S0;bus-cycles;424,307,830,813
S0;idle-cycles-frontend;6,069,839,961,676
S0;idle-cycles-backend;4,648,002,944,924
S0;L1-dcache-loads;1,255,636,670,850
S0;L1-dcache-load-misses;57,598,793,260
S0;L1-dcache-stores;672,298,643,071
S0;L1-dcache-store-misses;31,439,518,321
S0;L1-dcache-prefetch-misses;18,645,248,801
S0;L1-icache-load-misses;20,533,376,050
S0;LLC-loads;16,339,123,756
S0;LLC-stores;13,403,535,424
S0;LLC-prefetches;15,313,289,766
S0;dTLB-loads;1,301,774,733,624
S0;dTLB-load-misses;12,587,713,968
S0;dTLB-stores;678,273,883,306
S0;dTLB-store-misses;3,853,869,773
S0;iTLB-loads;2,910,259,569
S0;iTLB-load-misses;937,567,646
S0;branch-loads;565,825,592,381
S0;branch-load-misses;19,910,114,307
S1;cache-misses;9,227,824,881
S1;cycles;9,908,857,131,435
S1;instructions;5,680,323,298,107
S1;cs;335,533
S1;migrations;699
S1;faults;77,986
S1;bus-cycles;426,754,305,485
S1;idle-cycles-frontend;7,890,792,047,608
S1;idle-cycles-backend;6,167,650,463,347
S1;L1-dcache-loads;1,538,260,868,627
S1;L1-dcache-load-misses;69,563,961,309
S1;L1-dcache-stores;824,235,213,593
S1;L1-dcache-store-misses;38,238,638,991
S1;L1-dcache-prefetch-misses;22,539,609,882
S1;L1-icache-load-misses;24,223,235,300
S1;LLC-loads;19,719,286,986
S1;LLC-stores;16,531,144,348
S1;LLC-prefetches;18,635,874,798
S1;dTLB-loads;1,582,200,875,219
S1;dTLB-load-misses;15,357,742,540
S1;dTLB-stores;825,936,745,542
S1;dTLB-store-misses;5,089,764,807
S1;iTLB-loads;2,813,199,197
S1;iTLB-load-misses;1,657,463,478
S1;branch-loads;686,848,668,100
S1;branch-load-misses;24,225,048,935
S2;cache-misses;9,859,068,464
S2;cycles;9,906,202,137,124
S2;instructions;5,523,391,730,788
S2;cs;480,247
S2;migrations;572
S2;faults;50,726
S2;bus-cycles;423,071,179,621
S2;idle-cycles-frontend;7,886,002,423,979
S2;idle-cycles-backend;6,223,224,230,968
S2;L1-dcache-loads;1,481,493,539,530
S2;L1-dcache-load-misses;68,283,689,954
S2;L1-dcache-stores;804,522,971,689
S2;L1-dcache-store-misses;37,900,172,733
S2;L1-dcache-prefetch-misses;22,256,907,744
S2;L1-icache-load-misses;23,918,601,556
S2;LLC-loads;19,323,191,150
S2;LLC-stores;16,040,820,004
S2;LLC-prefetches;17,718,824,554
S2;dTLB-loads;1,558,939,534,325
S2;dTLB-load-misses;14,188,496,938
S2;dTLB-stores;809,645,674,985
S2;dTLB-store-misses;4,533,916,927
S2;iTLB-loads;2,613,875,344
S2;iTLB-load-misses;1,031,225,901
S2;branch-loads;673,997,872,511
S2;branch-load-misses;23,618,317,989
S3;cache-misses;106,132,689
S3;cycles;38,138,617,143
S3;instructions;18,808,633,303
S3;cs;95,009
S3;migrations;1,595
S3;faults;49,051
S3;bus-cycles;3,165,075,688
S3;idle-cycles-frontend;79,468,661,587
S3;idle-cycles-backend;70,721,736,891
S3;L1-dcache-loads;5,117,054,350
S3;L1-dcache-load-misses;451,000,427
S3;L1-dcache-stores;3,448,737,727
S3;L1-dcache-store-misses;76,749,087
S3;L1-dcache-prefetch-misses;227,179,797
S3;L1-icache-load-misses;357,210,128
S3;LLC-loads;348,954,389
S3;LLC-stores;40,923,510
S3;LLC-prefetches;179,849,157
S3;dTLB-loads;7,812,246,951
S3;dTLB-load-misses;118,107,045
S3;dTLB-stores;3,976,116,757
S3;dTLB-store-misses;14,202,920
S3;iTLB-loads;5,687,824
S3;iTLB-load-misses;6,840,370
S3;branch-loads;4,609,433,493
S3;branch-load-misses;112,332,280
 ;seconds time elapsed;284.355280512; 
S0;cache-misses;5,267,026,999
S0;cycles;11,321,012,088,398
S0;instructions;3,603,750,576,270
S0;cs;5,549,155
S0;migrations;2,013
S0;faults;80,345
S0;bus-cycles;596,406,031,753
S0;idle-cycles-frontend;10,180,089,920,469
S0;idle-cycles-backend;9,004,833,173,995
S0;L1-dcache-loads;997,489,404,699
S0;L1-dcache-load-misses;37,945,071,611
S0;L1-dcache-stores;547,592,489,483
S0;L1-dcache-store-misses;20,787,472,351
S0;L1-dcache-prefetch-misses;12,251,156,522
S0;L1-icache-load-misses;14,731,018,999
S0;LLC-loads;10,269,890,795
S0;LLC-stores;9,092,083,288
S0;LLC-prefetches;9,758,653,152
S0;dTLB-loads;1,037,152,865,718
S0;dTLB-load-misses;18,065,957,580
S0;dTLB-stores;559,972,368,567
S0;dTLB-store-misses;6,726,486,497
S0;iTLB-loads;1,132,742,670
S0;iTLB-load-misses;565,301,599
S0;branch-loads;469,851,298,560
S0;branch-load-misses;13,408,027,916
S1;cache-misses;6,907,934,450
S1;cycles;14,386,942,699,811
S1;instructions;4,744,153,387,352
S1;cs;23,523,388
S1;migrations;5,677
S1;faults;115,627
S1;bus-cycles;623,539,314,614
S1;idle-cycles-frontend;12,617,234,089,915
S1;idle-cycles-backend;11,046,084,176,456
S1;L1-dcache-loads;1,308,172,708,560
S1;L1-dcache-load-misses;51,088,883,659
S1;L1-dcache-stores;711,433,598,394
S1;L1-dcache-store-misses;27,968,737,170
S1;L1-dcache-prefetch-misses;16,316,844,812
S1;L1-icache-load-misses;19,178,430,021
S1;LLC-loads;13,617,798,038
S1;LLC-stores;12,004,056,311
S1;LLC-prefetches;12,443,517,425
S1;dTLB-loads;1,338,233,411,990
S1;dTLB-load-misses;21,363,780,075
S1;dTLB-stores;716,499,331,118
S1;dTLB-store-misses;7,807,554,423
S1;iTLB-loads;1,365,567,794
S1;iTLB-load-misses;897,316,043
S1;branch-loads;604,140,986,153
S1;branch-load-misses;18,061,401,340
S2;cache-misses;7,425,605,866
S2;cycles;14,350,945,833,805
S2;instructions;4,931,942,560,614
S2;cs;6,228,086
S2;migrations;2,475
S2;faults;95,534
S2;bus-cycles;619,254,801,673
S2;idle-cycles-frontend;12,410,798,433,071
S2;idle-cycles-backend;10,818,491,023,111
S2;L1-dcache-loads;1,368,449,375,449
S2;L1-dcache-load-misses;53,381,780,420
S2;L1-dcache-stores;755,451,357,226
S2;L1-dcache-store-misses;29,510,233,022
S2;L1-dcache-prefetch-misses;16,772,963,287
S2;L1-icache-load-misses;19,696,408,772
S2;LLC-loads;14,120,902,421
S2;LLC-stores;12,500,004,399
S2;LLC-prefetches;12,854,558,861
S2;dTLB-loads;1,402,340,787,345
S2;dTLB-load-misses;22,151,223,295
S2;dTLB-stores;752,587,196,337
S2;dTLB-store-misses;8,220,653,692
S2;iTLB-loads;1,408,831,041
S2;iTLB-load-misses;808,197,065
S2;branch-loads;635,443,322,270
S2;branch-load-misses;18,558,547,696
S3;cache-misses;7,577,773,539
S3;cycles;13,813,553,422,185
S3;instructions;4,987,291,158,669
S3;cs;30,578,414
S3;migrations;6,766
S3;faults;82,701
S3;bus-cycles;612,660,648,023
S3;idle-cycles-frontend;12,329,321,478,344
S3;idle-cycles-backend;10,755,934,959,500
S3;L1-dcache-loads;1,384,022,965,796
S3;L1-dcache-load-misses;54,613,947,634
S3;L1-dcache-stores;743,141,539,633
S3;L1-dcache-store-misses;29,758,250,153
S3;L1-dcache-prefetch-misses;17,518,089,018
S3;L1-icache-load-misses;20,337,132,601
S3;LLC-loads;14,473,889,531
S3;LLC-stores;12,805,552,506
S3;LLC-prefetches;13,408,392,743
S3;dTLB-loads;1,396,016,711,366
S3;dTLB-load-misses;20,722,831,837
S3;dTLB-stores;747,363,161,647
S3;dTLB-store-misses;7,121,446,358
S3;iTLB-loads;2,022,761,511
S3;iTLB-load-misses;837,838,376
S3;branch-loads;629,591,405,784
S3;branch-load-misses;19,012,476,504
 ;seconds time elapsed;409.623519160; 
S0;cache-misses;19,497,351,702
S0;cycles;9,928,656,350,535
S0;instructions;15,081,920,681,867
S0;cs;167,931
S0;migrations;1,640
S0;faults;44,296
S0;bus-cycles;570,253,564,437
S0;idle-cycles-frontend;14,375,035,860,190
S0;idle-cycles-backend;13,012,576,924,241
S0;L1-dcache-loads;4,025,615,479,844
S0;L1-dcache-load-misses;168,525,773,608
S0;L1-dcache-stores;2,037,741,211,050
S0;L1-dcache-store-misses;99,327,860,505
S0;L1-dcache-prefetch-misses;77,594,343,087
S0;L1-icache-load-misses;52,054,664,729
S0;LLC-loads;41,746,585,293
S0;LLC-stores;27,023,475,285
S0;LLC-prefetches;35,371,369,855
S0;dTLB-loads;4,017,480,596,294
S0;dTLB-load-misses;16,691,948,547
S0;dTLB-stores;2,038,626,375,303
S0;dTLB-store-misses;1,000,037,476
S0;iTLB-loads;1,475,036,663
S0;iTLB-load-misses;443,127,356
S0;branch-loads;1,692,189,319,362
S0;branch-load-misses;65,677,672,240
S1;cache-misses;61,025,855
S1;cycles;45,481,566,720
S1;instructions;23,213,967,296
S1;cs;64,388
S1;migrations;680
S1;faults;42,128
S1;bus-cycles;3,636,545,546
S1;idle-cycles-frontend;67,905,990,703
S1;idle-cycles-backend;58,360,904,376
S1;L1-dcache-loads;6,656,759,262
S1;L1-dcache-load-misses;392,942,563
S1;L1-dcache-stores;3,424,634,052
S1;L1-dcache-store-misses;53,346,435
S1;L1-dcache-prefetch-misses;120,604,969
S1;L1-icache-load-misses;246,679,693
S1;LLC-loads;249,035,326
S1;LLC-stores;28,964,036
S1;LLC-prefetches;66,492,708
S1;dTLB-loads;4,851,426,856
S1;dTLB-load-misses;77,832,347
S1;dTLB-stores;2,938,703,720
S1;dTLB-store-misses;9,242,468
S1;iTLB-loads;5,829,393
S1;iTLB-load-misses;5,504,686
S1;branch-loads;4,293,797,019
S1;branch-load-misses;66,993,962
S2;cache-misses;57,561,584
S2;cycles;29,743,748,854
S2;instructions;12,526,556,103
S2;cs;100,264
S2;migrations;1,303
S2;faults;43,540
S2;bus-cycles;2,527,915,290
S2;idle-cycles-frontend;60,390,718,007
S2;idle-cycles-backend;52,681,336,472
S2;L1-dcache-loads;4,873,173,766
S2;L1-dcache-load-misses;495,571,631
S2;L1-dcache-stores;5,330,315,252
S2;L1-dcache-store-misses;118,470,265
S2;L1-dcache-prefetch-misses;200,824,779
S2;L1-icache-load-misses;135,632,125
S2;LLC-loads;910,488,990
S2;LLC-stores;28,665,294
S2;LLC-prefetches;45,263,054
S2;dTLB-loads;10,282,160,957
S2;dTLB-load-misses;70,519,616
S2;dTLB-stores;3,046,798,714
S2;dTLB-store-misses;6,336,554
S2;iTLB-loads;2,413,445
S2;iTLB-load-misses;3,179,800
S2;branch-loads;2,506,183,234
S2;branch-load-misses;53,034,007
S3;cache-misses;97,963,458
S3;cycles;61,206,312,057
S3;instructions;38,120,242,876
S3;cs;116,061
S3;migrations;1,277
S3;faults;56,301
S3;bus-cycles;4,546,092,685
S3;idle-cycles-frontend;99,113,212,134
S3;idle-cycles-backend;104,867,928,546
S3;L1-dcache-loads;12,275,116,852
S3;L1-dcache-load-misses;1,058,041,593
S3;L1-dcache-stores;7,560,639,215
S3;L1-dcache-store-misses;165,381,154
S3;L1-dcache-prefetch-misses;305,285,515
S3;L1-icache-load-misses;664,694,140
S3;LLC-loads;431,071,294
S3;LLC-stores;47,028,542
S3;LLC-prefetches;116,151,380
S3;dTLB-loads;10,327,088,072
S3;dTLB-load-misses;118,298,263
S3;dTLB-stores;6,223,828,938
S3;dTLB-store-misses;13,785,335
S3;iTLB-loads;6,908,970
S3;iTLB-load-misses;10,314,724
S3;branch-loads;9,055,750,994
S3;branch-load-misses;186,067,403
 ;seconds time elapsed;720.550632099; 
S0;cache-misses;9,281,084,484
S0;cycles;5,645,096,658,237
S0;instructions;6,849,642,581,902
S0;cs;155,283
S0;migrations;1,201
S0;faults;43,696
S0;bus-cycles;309,943,415,430
S0;idle-cycles-frontend;8,725,811,137,780
S0;idle-cycles-backend;8,072,553,851,816
S0;L1-dcache-loads;1,844,723,584,293
S0;L1-dcache-load-misses;78,828,929,885
S0;L1-dcache-stores;947,548,659,466
S0;L1-dcache-store-misses;46,037,912,363
S0;L1-dcache-prefetch-misses;35,862,689,770
S0;L1-icache-load-misses;24,777,337,649
S0;LLC-loads;20,129,454,348
S0;LLC-stores;12,942,880,752
S0;LLC-prefetches;16,570,588,946
S0;dTLB-loads;1,859,489,718,240
S0;dTLB-load-misses;7,573,588,511
S0;dTLB-stores;941,859,519,999
S0;dTLB-store-misses;591,695,509
S0;iTLB-loads;675,778,721
S0;iTLB-load-misses;322,033,546
S0;branch-loads;783,956,092,684
S0;branch-load-misses;30,396,253,131
S1;cache-misses;10,735,032,527
S1;cycles;7,189,495,505,754
S1;instructions;8,125,478,934,128
S1;cs;135,619
S1;migrations;373
S1;faults;35,924
S1;bus-cycles;311,549,872,239
S1;idle-cycles-frontend;11,363,010,378,120
S1;idle-cycles-backend;10,605,867,867,462
S1;L1-dcache-loads;2,175,565,344,660
S1;L1-dcache-load-misses;91,796,547,661
S1;L1-dcache-stores;1,110,146,441,327
S1;L1-dcache-store-misses;53,794,828,141
S1;L1-dcache-prefetch-misses;42,017,161,503
S1;L1-icache-load-misses;28,206,181,644
S1;LLC-loads;22,965,957,107
S1;LLC-stores;14,978,110,377
S1;LLC-prefetches;19,348,480,079
S1;dTLB-loads;2,195,712,096,665
S1;dTLB-load-misses;8,769,611,122
S1;dTLB-stores;1,112,888,768,212
S1;dTLB-store-misses;663,452,771
S1;iTLB-loads;614,375,813
S1;iTLB-load-misses;307,671,681
S1;branch-loads;922,640,902,819
S1;branch-load-misses;35,644,745,993
S2;cache-misses;125,687,568
S2;cycles;77,495,089,361
S2;instructions;27,674,769,431
S2;cs;80,121
S2;migrations;719
S2;faults;38,032
S2;bus-cycles;4,609,530,609
S2;idle-cycles-frontend;119,714,390,408
S2;idle-cycles-backend;108,303,699,526
S2;L1-dcache-loads;8,354,724,975
S2;L1-dcache-load-misses;560,326,007
S2;L1-dcache-stores;4,526,125,021
S2;L1-dcache-store-misses;71,797,651
S2;L1-dcache-prefetch-misses;96,912,224
S2;L1-icache-load-misses;188,148,190
S2;LLC-loads;250,127,966
S2;LLC-stores;69,225,860
S2;LLC-prefetches;116,405,961
S2;dTLB-loads;5,241,054,638
S2;dTLB-load-misses;226,096,403
S2;dTLB-stores;3,402,737,886
S2;dTLB-store-misses;30,002,977
S2;iTLB-loads;1,976,289
S2;iTLB-load-misses;2,833,069
S2;branch-loads;4,549,043,291
S2;branch-load-misses;61,233,698
S3;cache-misses;128,851,998
S3;cycles;64,991,669,300
S3;instructions;27,702,387,497
S3;cs;81,860
S3;migrations;1,030
S3;faults;42,170
S3;bus-cycles;4,178,288,966
S3;idle-cycles-frontend;160,782,537,764
S3;idle-cycles-backend;128,276,194,807
S3;L1-dcache-loads;8,595,934,431
S3;L1-dcache-load-misses;716,353,052
S3;L1-dcache-stores;5,429,871,882
S3;L1-dcache-store-misses;127,622,636
S3;L1-dcache-prefetch-misses;225,113,021
S3;L1-icache-load-misses;450,604,098
S3;LLC-loads;397,801,314
S3;LLC-stores;66,386,135
S3;LLC-prefetches;148,803,212
S3;dTLB-loads;9,547,799,903
S3;dTLB-load-misses;206,460,694
S3;dTLB-stores;5,066,758,305
S3;dTLB-store-misses;28,051,773
S3;iTLB-loads;4,483,010
S3;iTLB-load-misses;5,988,938
S3;branch-loads;5,519,856,360
S3;branch-load-misses;120,744,182
 ;seconds time elapsed;397.642520492; 
S0;cache-misses;13,753,218,737
S0;cycles;9,219,284,858,975
S0;instructions;6,961,825,214,620
S0;cs;620,421
S0;migrations;1,230
S0;faults;72,101
S0;bus-cycles;527,078,303,973
S0;idle-cycles-frontend;6,880,601,972,245
S0;idle-cycles-backend;4,801,414,612,625
S0;L1-dcache-loads;1,864,865,157,349
S0;L1-dcache-load-misses;88,143,950,244
S0;L1-dcache-stores;985,467,038,882
S0;L1-dcache-store-misses;48,451,631,224
S0;L1-dcache-prefetch-misses;28,853,703,584
S0;L1-icache-load-misses;30,702,241,649
S0;LLC-loads;24,735,468,543
S0;LLC-stores;20,540,882,370
S0;LLC-prefetches;23,727,047,592
S0;dTLB-loads;1,923,844,714,219
S0;dTLB-load-misses;14,300,901,254
S0;dTLB-stores;991,034,185,903
S0;dTLB-store-misses;3,998,461,708
S0;iTLB-loads;4,480,274,763
S0;iTLB-load-misses;1,957,282,338
S0;branch-loads;820,653,348,854
S0;branch-load-misses;30,336,376,634
S1;cache-misses;15,954,392,989
S1;cycles;12,336,290,702,283
S1;instructions;8,425,302,435,407
S1;cs;249,164
S1;migrations;870
S1;faults;74,036
S1;bus-cycles;537,504,034,110
S1;idle-cycles-frontend;9,589,648,227,299
S1;idle-cycles-backend;7,092,559,037,687
S1;L1-dcache-loads;2,267,397,710,710
S1;L1-dcache-load-misses;105,348,572,526
S1;L1-dcache-stores;1,177,917,264,960
S1;L1-dcache-store-misses;57,790,942,634
S1;L1-dcache-prefetch-misses;34,884,153,447
S1;L1-icache-load-misses;35,671,951,332
S1;LLC-loads;29,309,079,179
S1;LLC-stores;24,694,850,146
S1;LLC-prefetches;26,269,848,830
S1;dTLB-loads;2,285,998,186,342
S1;dTLB-load-misses;16,694,144,513
S1;dTLB-stores;1,174,985,611,654
S1;dTLB-store-misses;4,727,047,236
S1;iTLB-loads;4,912,067,952
S1;iTLB-load-misses;1,789,073,135
S1;branch-loads;978,150,126,242
S1;branch-load-misses;36,447,071,697
S2;cache-misses;42,745,638
S2;cycles;24,359,239,531
S2;instructions;13,124,467,406
S2;cs;79,127
S2;migrations;887
S2;faults;32,179
S2;bus-cycles;2,192,249,011
S2;idle-cycles-frontend;47,597,134,430
S2;idle-cycles-backend;43,121,366,502
S2;L1-dcache-loads;5,622,696,657
S2;L1-dcache-load-misses;385,960,180
S2;L1-dcache-stores;3,068,360,290
S2;L1-dcache-store-misses;51,667,454
S2;L1-dcache-prefetch-misses;75,833,597
S2;L1-icache-load-misses;177,986,399
S2;LLC-loads;293,301,655
S2;LLC-stores;22,139,129
S2;LLC-prefetches;41,182,163
S2;dTLB-loads;4,283,894,905
S2;dTLB-load-misses;80,018,473
S2;dTLB-stores;2,780,527,086
S2;dTLB-store-misses;11,653,651
S2;iTLB-loads;2,168,046
S2;iTLB-load-misses;3,380,461
S2;branch-loads;2,645,997,189
S2;branch-load-misses;56,389,029
S3;cache-misses;76,089,322
S3;cycles;40,133,889,638
S3;instructions;34,286,303,443
S3;cs;76,045
S3;migrations;743
S3;faults;36,540
S3;bus-cycles;2,898,245,600
S3;idle-cycles-frontend;56,888,890,174
S3;idle-cycles-backend;48,689,110,538
S3;L1-dcache-loads;7,054,853,785
S3;L1-dcache-load-misses;484,371,730
S3;L1-dcache-stores;3,825,278,904
S3;L1-dcache-store-misses;76,704,526
S3;L1-dcache-prefetch-misses;174,587,125
S3;L1-icache-load-misses;324,989,739
S3;LLC-loads;290,562,365
S3;LLC-stores;38,626,689
S3;LLC-prefetches;85,785,160
S3;dTLB-loads;7,645,812,984
S3;dTLB-load-misses;91,519,088
S3;dTLB-stores;3,528,621,713
S3;dTLB-store-misses;12,183,295
S3;iTLB-loads;5,415,176
S3;iTLB-load-misses;5,204,483
S3;branch-loads;3,601,731,650
S3;branch-load-misses;103,226,566
 ;seconds time elapsed;348.654208564; 
S0;cache-misses;8,814,637,693
S0;cycles;8,069,164,351,196
S0;instructions;4,797,833,624,976
S0;cs;482,827
S0;migrations;1,754
S0;faults;83,528
S0;bus-cycles;441,396,693,320
S0;idle-cycles-frontend;6,344,289,493,902
S0;idle-cycles-backend;4,901,678,993,726
S0;L1-dcache-loads;1,284,566,278,980
S0;L1-dcache-load-misses;59,919,598,000
S0;L1-dcache-stores;689,936,438,051
S0;L1-dcache-store-misses;32,721,134,108
S0;L1-dcache-prefetch-misses;19,780,644,614
S0;L1-icache-load-misses;21,221,010,377
S0;LLC-loads;17,078,771,924
S0;LLC-stores;13,734,838,436
S0;LLC-prefetches;15,994,030,138
S0;dTLB-loads;1,337,678,202,691
S0;dTLB-load-misses;11,832,718,685
S0;dTLB-stores;694,932,034,837
S0;dTLB-store-misses;3,536,139,457
S0;iTLB-loads;2,239,737,839
S0;iTLB-load-misses;1,077,598,148
S0;branch-loads;578,410,398,356
S0;branch-load-misses;20,651,615,041
S1;cache-misses;9,479,573,626
S1;cycles;9,585,500,356,963
S1;instructions;5,426,633,250,942
S1;cs;209,514
S1;migrations;20,148
S1;faults;49,862
S1;bus-cycles;423,182,683,804
S1;idle-cycles-frontend;8,350,927,516,657
S1;idle-cycles-backend;6,796,374,854,354
S1;L1-dcache-loads;1,463,040,831,347
S1;L1-dcache-load-misses;66,245,563,810
S1;L1-dcache-stores;766,325,059,952
S1;L1-dcache-store-misses;36,219,002,104
S1;L1-dcache-prefetch-misses;22,091,183,742
S1;L1-icache-load-misses;22,561,013,549
S1;LLC-loads;18,485,057,263
S1;LLC-stores;15,075,636,979
S1;LLC-prefetches;16,770,411,108
S1;dTLB-loads;1,486,694,164,539
S1;dTLB-load-misses;12,035,316,772
S1;dTLB-stores;772,573,944,201
S1;dTLB-store-misses;3,636,309,489
S1;iTLB-loads;3,050,086,981
S1;iTLB-load-misses;997,374,764
S1;branch-loads;642,222,624,111
S1;branch-load-misses;22,911,309,405
S2;cache-misses;9,858,144,488
S2;cycles;10,327,304,903,196
S2;instructions;5,534,994,500,935
S2;cs;19,265,484
S2;migrations;7,363
S2;faults;80,923
S2;bus-cycles;441,769,678,004
S2;idle-cycles-frontend;8,270,775,461,668
S2;idle-cycles-backend;6,647,456,057,190
S2;L1-dcache-loads;1,474,887,763,462
S2;L1-dcache-load-misses;69,083,120,978
S2;L1-dcache-stores;797,028,089,154
S2;L1-dcache-store-misses;37,990,121,480
S2;L1-dcache-prefetch-misses;22,505,988,863
S2;L1-icache-load-misses;24,398,127,747
S2;LLC-loads;19,692,521,791
S2;LLC-stores;16,362,750,442
S2;LLC-prefetches;17,661,571,984
S2;dTLB-loads;1,556,242,996,996
S2;dTLB-load-misses;12,599,019,790
S2;dTLB-stores;802,892,477,594
S2;dTLB-store-misses;3,799,186,002
S2;iTLB-loads;3,212,012,878
S2;iTLB-load-misses;1,117,722,534
S2;branch-loads;667,743,402,645
S2;branch-load-misses;23,899,789,058
S3;cache-misses;112,813,866
S3;cycles;42,967,675,392
S3;instructions;23,138,334,214
S3;cs;92,719
S3;migrations;1,910
S3;faults;72,847
S3;bus-cycles;3,381,706,517
S3;idle-cycles-frontend;74,341,036,065
S3;idle-cycles-backend;69,134,798,141
S3;L1-dcache-loads;7,093,731,784
S3;L1-dcache-load-misses;575,521,782
S3;L1-dcache-stores;4,223,525,406
S3;L1-dcache-store-misses;84,091,552
S3;L1-dcache-prefetch-misses;237,884,192
S3;L1-icache-load-misses;384,215,603
S3;LLC-loads;365,886,785
S3;LLC-stores;38,269,586
S3;LLC-prefetches;138,940,542
S3;dTLB-loads;6,389,573,008
S3;dTLB-load-misses;121,191,635
S3;dTLB-stores;4,032,552,685
S3;dTLB-store-misses;14,591,252
S3;iTLB-loads;6,460,216
S3;iTLB-load-misses;7,600,274
S3;branch-loads;4,830,283,230
S3;branch-load-misses;117,782,791
 ;seconds time elapsed;296.726770391; 
S0;cache-misses;6,588,396,209
S0;cycles;11,229,497,794,312
S0;instructions;4,150,914,261,850
S0;cs;3,290,992
S0;migrations;1,225
S0;faults;80,917
S0;bus-cycles;595,848,307,500
S0;idle-cycles-frontend;9,633,393,206,299
S0;idle-cycles-backend;8,307,711,022,569
S0;L1-dcache-loads;1,135,584,100,652
S0;L1-dcache-load-misses;45,961,225,715
S0;L1-dcache-stores;621,167,747,939
S0;L1-dcache-store-misses;25,248,779,844
S0;L1-dcache-prefetch-misses;14,987,971,318
S0;L1-icache-load-misses;17,319,594,038
S0;LLC-loads;12,756,276,835
S0;LLC-stores;10,785,607,733
S0;LLC-prefetches;11,640,356,429
S0;dTLB-loads;1,184,227,067,048
S0;dTLB-load-misses;16,060,597,396
S0;dTLB-stores;631,825,498,996
S0;dTLB-store-misses;5,559,758,031
S0;iTLB-loads;1,600,777,293
S0;iTLB-load-misses;779,973,015
S0;branch-loads;529,507,519,174
S0;branch-load-misses;16,072,396,515
S1;cache-misses;6,249,135,579
S1;cycles;14,004,863,052,445
S1;instructions;4,137,922,434,817
S1;cs;382,553
S1;migrations;644
S1;faults;58,898
S1;bus-cycles;601,447,138,808
S1;idle-cycles-frontend;12,301,847,660,281
S1;idle-cycles-backend;10,938,569,591,148
S1;L1-dcache-loads;1,134,835,099,402
S1;L1-dcache-load-misses;44,028,786,973
S1;L1-dcache-stores;622,999,680,814
S1;L1-dcache-store-misses;24,162,452,452
S1;L1-dcache-prefetch-misses;14,305,644,052
S1;L1-icache-load-misses;16,384,446,371
S1;LLC-loads;12,179,282,261
S1;LLC-stores;10,582,828,424
S1;LLC-prefetches;10,912,396,046
S1;dTLB-loads;1,179,725,529,707
S1;dTLB-load-misses;18,049,753,075
S1;dTLB-stores;635,515,436,251
S1;dTLB-store-misses;6,375,747,987
S1;iTLB-loads;1,746,379,423
S1;iTLB-load-misses;696,723,592
S1;branch-loads;534,278,586,657
S1;branch-load-misses;15,526,436,547
S2;cache-misses;7,469,974,553
S2;cycles;13,118,988,281,791
S2;instructions;4,697,967,168,311
S2;cs;368,543
S2;migrations;847
S2;faults;85,578
S2;bus-cycles;566,400,338,205
S2;idle-cycles-frontend;12,146,191,561,400
S2;idle-cycles-backend;10,758,902,188,752
S2;L1-dcache-loads;1,295,236,209,072
S2;L1-dcache-load-misses;51,429,492,056
S2;L1-dcache-stores;708,209,289,052
S2;L1-dcache-store-misses;28,333,748,410
S2;L1-dcache-prefetch-misses;17,270,160,628
S2;L1-icache-load-misses;18,566,214,871
S2;LLC-loads;14,221,567,028
S2;LLC-stores;11,913,113,568
S2;LLC-prefetches;12,411,216,068
S2;dTLB-loads;1,335,478,133,941
S2;dTLB-load-misses;16,712,196,215
S2;dTLB-stores;715,924,972,132
S2;dTLB-store-misses;5,765,082,112
S2;iTLB-loads;1,469,945,383
S2;iTLB-load-misses;882,044,994
S2;branch-loads;599,528,948,438
S2;branch-load-misses;18,169,307,436
S3;cache-misses;7,566,309,308
S3;cycles;13,762,157,502,431
S3;instructions;5,004,597,652,104
S3;cs;47,168,357
S3;migrations;6,777
S3;faults;113,526
S3;bus-cycles;610,503,520,759
S3;idle-cycles-frontend;11,982,175,942,635
S3;idle-cycles-backend;10,378,285,095,726
S3;L1-dcache-loads;1,392,495,956,205
S3;L1-dcache-load-misses;55,045,414,870
S3;L1-dcache-stores;745,320,708,573
S3;L1-dcache-store-misses;29,860,379,321
S3;L1-dcache-prefetch-misses;17,191,858,008
S3;L1-icache-load-misses;20,051,757,572
S3;LLC-loads;14,956,905,490
S3;LLC-stores;12,705,702,063
S3;LLC-prefetches;13,403,241,269
S3;dTLB-loads;1,396,586,929,156
S3;dTLB-load-misses;19,938,836,706
S3;dTLB-stores;748,157,019,524
S3;dTLB-store-misses;7,005,375,367
S3;iTLB-loads;2,369,188,604
S3;iTLB-load-misses;912,611,549
S3;branch-loads;631,557,771,882
S3;branch-load-misses;18,817,541,727
 ;seconds time elapsed;398.736593710; 
S0;cache-misses;19,418,045,347
S0;cycles;9,897,718,641,956
S0;instructions;15,051,806,708,048
S0;cs;157,003
S0;migrations;1,715
S0;faults;44,535
S0;bus-cycles;568,995,751,759
S0;idle-cycles-frontend;14,348,960,642,587
S0;idle-cycles-backend;13,002,747,271,962
S0;L1-dcache-loads;4,028,438,236,774
S0;L1-dcache-load-misses;169,528,466,627
S0;L1-dcache-stores;2,040,572,461,974
S0;L1-dcache-store-misses;99,614,100,939
S0;L1-dcache-prefetch-misses;77,702,538,557
S0;L1-icache-load-misses;51,801,762,298
S0;LLC-loads;41,834,241,688
S0;LLC-stores;26,858,980,542
S0;LLC-prefetches;35,923,787,176
S0;dTLB-loads;4,045,688,391,918
S0;dTLB-load-misses;16,241,911,730
S0;dTLB-stores;2,046,656,931,463
S0;dTLB-store-misses;894,204,994
S0;iTLB-loads;1,506,624,494
S0;iTLB-load-misses;482,195,673
S0;branch-loads;1,686,174,204,187
S0;branch-load-misses;65,486,392,317
S1;cache-misses;80,665,316
S1;cycles;37,724,415,925
S1;instructions;17,235,690,187
S1;cs;109,514
S1;migrations;943
S1;faults;47,801
S1;bus-cycles;3,170,844,307
S1;idle-cycles-frontend;60,403,208,837
S1;idle-cycles-backend;54,029,726,638
S1;L1-dcache-loads;4,748,209,565
S1;L1-dcache-load-misses;337,048,846
S1;L1-dcache-stores;2,978,640,327
S1;L1-dcache-store-misses;51,579,741
S1;L1-dcache-prefetch-misses;167,426,567
S1;L1-icache-load-misses;289,756,345
S1;LLC-loads;247,408,124
S1;LLC-stores;36,528,603
S1;LLC-prefetches;89,694,208
S1;dTLB-loads;6,304,911,765
S1;dTLB-load-misses;109,016,943
S1;dTLB-stores;4,117,982,100
S1;dTLB-store-misses;12,856,996
S1;iTLB-loads;7,642,305
S1;iTLB-load-misses;6,441,957
S1;branch-loads;3,469,160,773
S1;branch-load-misses;84,778,033
S2;cache-misses;86,244,637
S2;cycles;58,032,393,161
S2;instructions;35,997,869,179
S2;cs;73,883
S2;migrations;1,228
S2;faults;42,614
S2;bus-cycles;4,193,811,148
S2;idle-cycles-frontend;83,685,010,236
S2;idle-cycles-backend;70,929,712,753
S2;L1-dcache-loads;6,416,173,571
S2;L1-dcache-load-misses;436,639,390
S2;L1-dcache-stores;3,823,779,433
S2;L1-dcache-store-misses;53,068,318
S2;L1-dcache-prefetch-misses;87,612,868
S2;L1-icache-load-misses;163,869,944
S2;LLC-loads;382,048,761
S2;LLC-stores;30,023,109
S2;LLC-prefetches;42,282,211
S2;dTLB-loads;11,033,873,941
S2;dTLB-load-misses;66,463,480
S2;dTLB-stores;6,707,562,435
S2;dTLB-store-misses;6,973,167
S2;iTLB-loads;3,565,728
S2;iTLB-load-misses;5,552,152
S2;branch-loads;7,595,616,047
S2;branch-load-misses;94,207,731
S3;cache-misses;95,703,227
S3;cycles;59,804,479,230
S3;instructions;35,634,367,794
S3;cs;113,617
S3;migrations;1,955
S3;faults;55,595
S3;bus-cycles;4,527,495,381
S3;idle-cycles-frontend;75,265,809,054
S3;idle-cycles-backend;63,906,349,601
S3;L1-dcache-loads;10,277,848,050
S3;L1-dcache-load-misses;970,535,328
S3;L1-dcache-stores;6,145,606,449
S3;L1-dcache-store-misses;137,146,223
S3;L1-dcache-prefetch-misses;258,387,487
S3;L1-icache-load-misses;577,121,416
S3;LLC-loads;357,595,145
S3;LLC-stores;38,795,259
S3;LLC-prefetches;120,451,709
S3;dTLB-loads;8,643,061,195
S3;dTLB-load-misses;102,869,268
S3;dTLB-stores;5,094,953,031
S3;dTLB-store-misses;12,611,086
S3;iTLB-loads;5,331,268
S3;iTLB-load-misses;9,295,226
S3;branch-loads;5,713,366,066
S3;branch-load-misses;177,179,191
 ;seconds time elapsed;718.847910949; 
S0;cache-misses;9,288,403,301
S0;cycles;5,732,410,827,219
S0;instructions;6,857,676,726,758
S0;cs;116,243
S0;migrations;1,281
S0;faults;27,173
S0;bus-cycles;313,203,412,920
S0;idle-cycles-frontend;9,002,001,891,264
S0;idle-cycles-backend;8,358,572,280,038
S0;L1-dcache-loads;1,845,140,018,161
S0;L1-dcache-load-misses;79,299,952,916
S0;L1-dcache-stores;944,837,856,996
S0;L1-dcache-store-misses;45,955,174,068
S0;L1-dcache-prefetch-misses;35,805,771,937
S0;L1-icache-load-misses;24,790,254,062
S0;LLC-loads;20,541,435,056
S0;LLC-stores;13,092,762,752
S0;LLC-prefetches;17,036,881,852
S0;dTLB-loads;1,879,570,097,813
S0;dTLB-load-misses;7,476,271,804
S0;dTLB-stores;950,877,283,331
S0;dTLB-store-misses;534,488,689
S0;iTLB-loads;675,906,974
S0;iTLB-load-misses;295,668,331
S0;branch-loads;788,001,664,827
S0;branch-load-misses;30,581,212,416
S1;cache-misses;10,822,442,016
S1;cycles;7,300,894,754,951
S1;instructions;8,126,092,352,504
S1;cs;203,759
S1;migrations;540
S1;faults;52,214
S1;bus-cycles;318,351,262,149
S1;idle-cycles-frontend;11,623,609,636,171
S1;idle-cycles-backend;10,842,649,036,281
S1;L1-dcache-loads;2,163,179,469,732
S1;L1-dcache-load-misses;91,473,118,630
S1;L1-dcache-stores;1,097,647,631,801
S1;L1-dcache-store-misses;53,634,719,072
S1;L1-dcache-prefetch-misses;41,946,537,745
S1;L1-icache-load-misses;28,255,866,505
S1;LLC-loads;23,615,504,171
S1;LLC-stores;15,384,727,961
S1;LLC-prefetches;19,875,737,802
S1;dTLB-loads;2,178,565,198,524
S1;dTLB-load-misses;8,843,474,310
S1;dTLB-stores;1,103,706,874,517
S1;dTLB-store-misses;669,065,667
S1;iTLB-loads;554,348,893
S1;iTLB-load-misses;295,136,045
S1;branch-loads;914,103,047,957
S1;branch-load-misses;35,448,624,052
S2;cache-misses;32,136,238
S2;cycles;16,864,981,903
S2;instructions;10,405,373,522
S2;cs;62,872
S2;migrations;541
S2;faults;35,850
S2;bus-cycles;1,847,850,408
S2;idle-cycles-frontend;32,349,639,261
S2;idle-cycles-backend;28,436,424,871
S2;L1-dcache-loads;3,905,487,572
S2;L1-dcache-load-misses;227,316,227
S2;L1-dcache-stores;1,675,586,914
S2;L1-dcache-store-misses;11,381,922
S2;L1-dcache-prefetch-misses;22,164,725
S2;L1-icache-load-misses;97,539,874
S2;LLC-loads;60,648,734
S2;LLC-stores;10,806,073
S2;LLC-prefetches;17,458,009
S2;dTLB-loads;1,521,942,097
S2;dTLB-load-misses;36,384,990
S2;dTLB-stores;1,141,050,184
S2;dTLB-store-misses;4,316,320
S2;iTLB-loads;1,055,422
S2;iTLB-load-misses;1,896,102
S2;branch-loads;1,251,416,597
S2;branch-load-misses;32,068,874
S3;cache-misses;73,630,284
S3;cycles;42,281,968,540
S3;instructions;25,591,452,583
S3;cs;82,268
S3;migrations;1,310
S3;faults;46,485
S3;bus-cycles;3,426,432,736
S3;idle-cycles-frontend;63,624,281,161
S3;idle-cycles-backend;53,138,337,755
S3;L1-dcache-loads;7,296,218,438
S3;L1-dcache-load-misses;647,599,272
S3;L1-dcache-stores;4,692,024,709
S3;L1-dcache-store-misses;134,254,656
S3;L1-dcache-prefetch-misses;190,699,633
S3;L1-icache-load-misses;459,806,699
S3;LLC-loads;454,262,963
S3;LLC-stores;41,459,086
S3;LLC-prefetches;112,521,136
S3;dTLB-loads;9,163,093,698
S3;dTLB-load-misses;95,935,059
S3;dTLB-stores;4,342,920,422
S3;dTLB-store-misses;11,338,268
S3;iTLB-loads;5,406,215
S3;iTLB-load-misses;6,479,023
S3;branch-loads;4,358,589,815
S3;branch-load-misses;122,164,023
 ;seconds time elapsed;404.466320078; 
S0;cache-misses;12,850,389,763
S0;cycles;9,204,204,020,971
S0;instructions;6,890,996,471,152
S0;cs;321,140
S0;migrations;953
S0;faults;80,338
S0;bus-cycles;527,521,931,120
S0;idle-cycles-frontend;6,926,557,823,190
S0;idle-cycles-backend;4,861,795,921,574
S0;L1-dcache-loads;1,862,705,492,291
S0;L1-dcache-load-misses;88,295,308,216
S0;L1-dcache-stores;978,184,496,636
S0;L1-dcache-store-misses;48,283,776,943
S0;L1-dcache-prefetch-misses;28,573,209,153
S0;L1-icache-load-misses;30,338,430,248
S0;LLC-loads;24,765,967,384
S0;LLC-stores;20,418,297,483
S0;LLC-prefetches;23,849,064,001
S0;dTLB-loads;1,912,322,318,215
S0;dTLB-load-misses;14,095,434,720
S0;dTLB-stores;982,461,959,182
S0;dTLB-store-misses;3,904,819,956
S0;iTLB-loads;4,630,959,714
S0;iTLB-load-misses;1,429,240,027
S0;branch-loads;815,659,835,913
S0;branch-load-misses;30,260,024,794
S1;cache-misses;14,838,426,103
S1;cycles;12,360,851,507,881
S1;instructions;8,455,181,855,260
S1;cs;246,922
S1;migrations;621
S1;faults;65,828
S1;bus-cycles;537,522,521,872
S1;idle-cycles-frontend;9,541,298,254,455
S1;idle-cycles-backend;7,044,638,731,249
S1;L1-dcache-loads;2,269,638,721,349
S1;L1-dcache-load-misses;106,758,050,123
S1;L1-dcache-stores;1,182,382,751,945
S1;L1-dcache-store-misses;58,721,265,506
S1;L1-dcache-prefetch-misses;33,808,882,293
S1;L1-icache-load-misses;35,418,445,954
S1;LLC-loads;29,179,436,239
S1;LLC-stores;24,498,813,030
S1;LLC-prefetches;28,170,521,119
S1;dTLB-loads;2,308,394,323,479
S1;dTLB-load-misses;16,884,123,220
S1;dTLB-stores;1,188,229,005,100
S1;dTLB-store-misses;5,673,947,795
S1;iTLB-loads;4,108,703,391
S1;iTLB-load-misses;1,991,345,487
S1;branch-loads;987,031,154,107
S1;branch-load-misses;36,959,719,778
S2;cache-misses;35,126,334
S2;cycles;19,204,974,823
S2;instructions;8,137,477,886
S2;cs;67,011
S2;migrations;1,061
S2;faults;29,191
S2;bus-cycles;1,651,545,964
S2;idle-cycles-frontend;37,220,803,168
S2;idle-cycles-backend;35,384,303,214
S2;L1-dcache-loads;3,769,315,237
S2;L1-dcache-load-misses;269,472,117
S2;L1-dcache-stores;2,770,674,699
S2;L1-dcache-store-misses;37,692,266
S2;L1-dcache-prefetch-misses;48,725,670
S2;L1-icache-load-misses;146,564,872
S2;LLC-loads;261,837,318
S2;LLC-stores;20,795,094
S2;LLC-prefetches;63,067,368
S2;dTLB-loads;4,589,385,574
S2;dTLB-load-misses;66,003,965
S2;dTLB-stores;2,168,675,595
S2;dTLB-store-misses;8,851,140
S2;iTLB-loads;1,389,787
S2;iTLB-load-misses;2,368,682
S2;branch-loads;1,597,639,527
S2;branch-load-misses;38,397,871
S3;cache-misses;78,997,354
S3;cycles;38,491,539,393
S3;instructions;20,534,468,820
S3;cs;86,978
S3;migrations;1,351
S3;faults;42,721
S3;bus-cycles;3,100,642,813
S3;idle-cycles-frontend;65,595,812,079
S3;idle-cycles-backend;54,134,945,731
S3;L1-dcache-loads;7,004,685,373
S3;L1-dcache-load-misses;628,263,955
S3;L1-dcache-stores;4,351,076,785
S3;L1-dcache-store-misses;102,478,756
S3;L1-dcache-prefetch-misses;216,029,574
S3;L1-icache-load-misses;402,343,865
S3;LLC-loads;311,653,139
S3;LLC-stores;37,545,373
S3;LLC-prefetches;88,664,615
S3;dTLB-loads;5,832,873,445
S3;dTLB-load-misses;90,341,011
S3;dTLB-stores;3,825,630,933
S3;dTLB-store-misses;13,659,954
S3;iTLB-loads;5,791,624
S3;iTLB-load-misses;6,569,907
S3;branch-loads;3,978,118,149
S3;branch-load-misses;104,928,443
 ;seconds time elapsed;349.263881852; 
S0;cache-misses;8,727,420,197
S0;cycles;8,095,265,362,845
S0;instructions;4,766,526,294,354
S0;cs;802,664
S0;migrations;686
S0;faults;55,281
S0;bus-cycles;439,361,980,724
S0;idle-cycles-frontend;6,305,405,272,327
S0;idle-cycles-backend;4,874,104,841,686
S0;L1-dcache-loads;1,272,537,803,735
S0;L1-dcache-load-misses;60,075,902,961
S0;L1-dcache-stores;698,987,667,944
S0;L1-dcache-store-misses;33,197,747,913
S0;L1-dcache-prefetch-misses;19,274,537,549
S0;L1-icache-load-misses;21,569,487,768
S0;LLC-loads;17,179,164,947
S0;LLC-stores;13,801,797,158
S0;LLC-prefetches;15,354,686,718
S0;dTLB-loads;1,348,422,913,866
S0;dTLB-load-misses;12,418,278,476
S0;dTLB-stores;699,864,658,052
S0;dTLB-store-misses;4,551,943,186
S0;iTLB-loads;2,243,006,200
S0;iTLB-load-misses;1,472,932,128
S0;branch-loads;583,878,562,763
S0;branch-load-misses;21,243,975,049
S1;cache-misses;9,277,972,308
S1;cycles;10,535,049,753,842
S1;instructions;5,615,699,544,254
S1;cs;370,635
S1;migrations;695
S1;faults;75,233
S1;bus-cycles;457,342,168,365
S1;idle-cycles-frontend;8,594,755,812,247
S1;idle-cycles-backend;6,897,764,991,502
S1;L1-dcache-loads;1,500,668,232,696
S1;L1-dcache-load-misses;68,342,644,710
S1;L1-dcache-stores;784,396,350,723
S1;L1-dcache-store-misses;37,720,164,799
S1;L1-dcache-prefetch-misses;22,324,003,367
S1;L1-icache-load-misses;24,008,022,134
S1;LLC-loads;19,461,395,293
S1;LLC-stores;15,562,162,328
S1;LLC-prefetches;17,233,806,445
S1;dTLB-loads;1,523,490,613,914
S1;dTLB-load-misses;13,011,373,224
S1;dTLB-stores;792,578,053,470
S1;dTLB-store-misses;4,498,592,148
S1;iTLB-loads;1,888,315,330
S1;iTLB-load-misses;1,468,732,880
S1;branch-loads;663,692,232,626
S1;branch-load-misses;24,566,892,624
S2;cache-misses;8,626,379,883
S2;cycles;10,494,884,402,233
S2;instructions;5,470,958,082,547
S2;cs;501,012
S2;migrations;1,053
S2;faults;82,408
S2;bus-cycles;450,345,145,766
S2;idle-cycles-frontend;8,503,693,757,287
S2;idle-cycles-backend;6,884,540,056,954
S2;L1-dcache-loads;1,462,392,009,618
S2;L1-dcache-load-misses;67,661,440,720
S2;L1-dcache-stores;780,460,999,942
S2;L1-dcache-store-misses;37,595,961,602
S2;L1-dcache-prefetch-misses;21,376,088,832
S2;L1-icache-load-misses;23,716,221,268
S2;LLC-loads;19,115,572,714
S2;LLC-stores;15,468,319,012
S2;LLC-prefetches;16,940,680,294
S2;dTLB-loads;1,522,840,246,706
S2;dTLB-load-misses;12,910,294,451
S2;dTLB-stores;786,635,612,057
S2;dTLB-store-misses;4,632,543,789
S2;iTLB-loads;1,439,339,843
S2;iTLB-load-misses;1,530,509,913
S2;branch-loads;656,541,463,706
S2;branch-load-misses;23,943,086,294
S3;cache-misses;116,519,397
S3;cycles;43,040,410,276
S3;instructions;19,995,359,867
S3;cs;89,341
S3;migrations;2,023
S3;faults;60,258
S3;bus-cycles;3,380,052,289
S3;idle-cycles-frontend;74,654,188,039
S3;idle-cycles-backend;70,462,073,281
S3;L1-dcache-loads;6,225,131,642
S3;L1-dcache-load-misses;541,419,626
S3;L1-dcache-stores;3,975,963,272
S3;L1-dcache-store-misses;83,916,359
S3;L1-dcache-prefetch-misses;214,931,052
S3;L1-icache-load-misses;403,247,597
S3;LLC-loads;345,377,183
S3;LLC-stores;40,334,292
S3;LLC-prefetches;115,239,462
S3;dTLB-loads;6,621,116,095
S3;dTLB-load-misses;107,455,186
S3;dTLB-stores;4,112,704,682
S3;dTLB-store-misses;12,918,063
S3;iTLB-loads;6,298,834
S3;iTLB-load-misses;7,326,565
S3;branch-loads;3,901,447,571
S3;branch-load-misses;103,755,368
 ;seconds time elapsed;298.914040587; 
S0;cache-misses;6,746,453,468
S0;cycles;11,355,746,005,297
S0;instructions;4,260,232,881,900
S0;cs;3,828,493
S0;migrations;1,084
S0;faults;71,270
S0;bus-cycles;601,974,703,981
S0;idle-cycles-frontend;9,708,295,500,423
S0;idle-cycles-backend;8,346,609,175,499
S0;L1-dcache-loads;1,171,101,597,483
S0;L1-dcache-load-misses;47,332,061,054
S0;L1-dcache-stores;643,377,317,237
S0;L1-dcache-store-misses;26,126,358,079
S0;L1-dcache-prefetch-misses;15,529,479,948
S0;L1-icache-load-misses;17,800,847,087
S0;LLC-loads;13,141,620,863
S0;LLC-stores;11,226,279,626
S0;LLC-prefetches;11,975,965,504
S0;dTLB-loads;1,213,365,503,129
S0;dTLB-load-misses;17,164,484,491
S0;dTLB-stores;647,857,478,127
S0;dTLB-store-misses;6,005,987,005
S0;iTLB-loads;1,711,771,956
S0;iTLB-load-misses;731,567,035
S0;branch-loads;543,573,565,203
S0;branch-load-misses;16,465,184,728
S1;cache-misses;7,968,111,321
S1;cycles;14,201,192,162,464
S1;instructions;5,139,149,429,486
S1;cs;11,405,018
S1;migrations;2,735
S1;faults;118,121
S1;bus-cycles;616,375,003,774
S1;idle-cycles-frontend;12,309,787,651,879
S1;idle-cycles-backend;10,643,801,313,400
S1;L1-dcache-loads;1,415,106,254,871
S1;L1-dcache-load-misses;55,524,290,588
S1;L1-dcache-stores;767,694,135,833
S1;L1-dcache-store-misses;30,357,405,277
S1;L1-dcache-prefetch-misses;18,069,237,828
S1;L1-icache-load-misses;20,104,109,220
S1;LLC-loads;15,183,945,554
S1;LLC-stores;13,150,460,568
S1;LLC-prefetches;13,662,579,383
S1;dTLB-loads;1,452,832,076,400
S1;dTLB-load-misses;21,535,096,536
S1;dTLB-stores;773,212,197,516
S1;dTLB-store-misses;7,723,740,746
S1;iTLB-loads;1,927,944,052
S1;iTLB-load-misses;925,681,096
S1;branch-loads;651,535,109,404
S1;branch-load-misses;19,440,384,875
S2;cache-misses;6,689,827,653
S2;cycles;14,138,067,043,545
S2;instructions;4,613,463,420,871
S2;cs;1,190,989
S2;migrations;980
S2;faults;86,811
S2;bus-cycles;607,608,949,178
S2;idle-cycles-frontend;12,209,360,728,836
S2;idle-cycles-backend;10,703,786,800,149
S2;L1-dcache-loads;1,270,059,336,763
S2;L1-dcache-load-misses;49,642,442,708
S2;L1-dcache-stores;702,166,452,202
S2;L1-dcache-store-misses;27,368,569,687
S2;L1-dcache-prefetch-misses;16,099,487,139
S2;L1-icache-load-misses;18,193,179,274
S2;LLC-loads;13,513,371,186
S2;LLC-stores;11,973,516,037
S2;LLC-prefetches;12,341,109,422
S2;dTLB-loads;1,317,199,764,463
S2;dTLB-load-misses;19,800,653,996
S2;dTLB-stores;708,659,403,001
S2;dTLB-store-misses;7,450,453,950
S2;iTLB-loads;2,023,381,871
S2;iTLB-load-misses;766,410,499
S2;branch-loads;596,062,330,754
S2;branch-load-misses;17,589,493,275
S3;cache-misses;5,937,601,718
S3;cycles;13,760,845,020,224
S3;instructions;4,119,334,348,222
S3;cs;3,395,525
S3;migrations;1,309
S3;faults;86,024
S3;bus-cycles;603,947,141,376
S3;idle-cycles-frontend;12,460,869,330,342
S3;idle-cycles-backend;11,128,994,253,943
S3;L1-dcache-loads;1,150,683,928,813
S3;L1-dcache-load-misses;43,534,784,422
S3;L1-dcache-stores;624,216,856,368
S3;L1-dcache-store-misses;23,593,119,382
S3;L1-dcache-prefetch-misses;14,006,551,664
S3;L1-icache-load-misses;16,085,970,059
S3;LLC-loads;11,776,104,652
S3;LLC-stores;10,212,648,257
S3;LLC-prefetches;10,694,765,048
S3;dTLB-loads;1,164,606,714,470
S3;dTLB-load-misses;18,813,921,817
S3;dTLB-stores;629,009,079,762
S3;dTLB-store-misses;7,133,555,477
S3;iTLB-loads;1,556,867,861
S3;iTLB-load-misses;573,895,104
S3;branch-loads;530,296,178,717
S3;branch-load-misses;15,079,284,113
 ;seconds time elapsed;404.692707147; 
S0;cache-misses;19,322,177,769
S0;cycles;9,893,949,155,241
S0;instructions;14,979,329,452,790
S0;cs;160,102
S0;migrations;1,934
S0;faults;43,839
S0;bus-cycles;567,303,915,785
S0;idle-cycles-frontend;14,338,427,569,204
S0;idle-cycles-backend;12,976,795,142,567
S0;L1-dcache-loads;4,022,727,045,879
S0;L1-dcache-load-misses;169,660,113,314
S0;L1-dcache-stores;2,042,683,451,872
S0;L1-dcache-store-misses;99,650,289,901
S0;L1-dcache-prefetch-misses;77,862,155,893
S0;L1-icache-load-misses;52,152,643,128
S0;LLC-loads;42,101,341,000
S0;LLC-stores;27,197,987,716
S0;LLC-prefetches;36,500,285,314
S0;dTLB-loads;4,041,274,383,243
S0;dTLB-load-misses;16,792,249,675
S0;dTLB-stores;2,042,114,069,049
S0;dTLB-store-misses;1,047,145,467
S0;iTLB-loads;1,435,627,782
S0;iTLB-load-misses;515,950,915
S0;branch-loads;1,683,358,624,278
S0;branch-load-misses;65,268,106,411
S1;cache-misses;94,506,044
S1;cycles;41,918,929,426
S1;instructions;20,995,319,855
S1;cs;117,989
S1;migrations;949
S1;faults;40,287
S1;bus-cycles;3,617,690,274
S1;idle-cycles-frontend;67,723,297,273
S1;idle-cycles-backend;60,234,281,379
S1;L1-dcache-loads;7,764,598,514
S1;L1-dcache-load-misses;590,778,513
S1;L1-dcache-stores;5,656,667,861
S1;L1-dcache-store-misses;98,899,132
S1;L1-dcache-prefetch-misses;216,119,314
S1;L1-icache-load-misses;310,454,676
S1;LLC-loads;310,463,304
S1;LLC-stores;38,011,748
S1;LLC-prefetches;96,313,356
S1;dTLB-loads;5,478,904,130
S1;dTLB-load-misses;98,718,915
S1;dTLB-stores;3,917,166,050
S1;dTLB-store-misses;12,663,307
S1;iTLB-loads;8,262,401
S1;iTLB-load-misses;6,430,464
S1;branch-loads;3,707,214,673
S1;branch-load-misses;87,562,224
S2;cache-misses;59,737,720
S2;cycles;41,787,013,047
S2;instructions;22,961,826,335
S2;cs;75,500
S2;migrations;1,029
S2;faults;43,088
S2;bus-cycles;3,433,860,469
S2;idle-cycles-frontend;67,035,629,805
S2;idle-cycles-backend;60,677,386,705
S2;L1-dcache-loads;5,427,739,164
S2;L1-dcache-load-misses;265,416,885
S2;L1-dcache-stores;2,767,099,289
S2;L1-dcache-store-misses;56,830,501
S2;L1-dcache-prefetch-misses;81,873,269
S2;L1-icache-load-misses;133,462,551
S2;LLC-loads;505,097,770
S2;LLC-stores;22,958,852
S2;LLC-prefetches;33,591,994
S2;dTLB-loads;6,670,010,011
S2;dTLB-load-misses;62,151,795
S2;dTLB-stores;5,768,628,116
S2;dTLB-store-misses;6,544,348
S2;iTLB-loads;1,884,661
S2;iTLB-load-misses;3,872,361
S2;branch-loads;3,827,845,305
S2;branch-load-misses;60,368,288
S3;cache-misses;84,742,661
S3;cycles;58,928,601,809
S3;instructions;35,002,735,373
S3;cs;90,805
S3;migrations;1,177
S3;faults;58,706
S3;bus-cycles;4,242,593,636
S3;idle-cycles-frontend;81,928,480,239
S3;idle-cycles-backend;71,922,927,814
S3;L1-dcache-loads;10,252,442,027
S3;L1-dcache-load-misses;769,107,990
S3;L1-dcache-stores;5,183,178,186
S3;L1-dcache-store-misses;107,084,955
S3;L1-dcache-prefetch-misses;184,886,600
S3;L1-icache-load-misses;504,370,774
S3;LLC-loads;333,586,903
S3;LLC-stores;39,577,167
S3;LLC-prefetches;115,540,523
S3;dTLB-loads;11,129,329,272
S3;dTLB-load-misses;102,933,646
S3;dTLB-stores;6,581,656,226
S3;dTLB-store-misses;12,264,743
S3;iTLB-loads;6,443,701
S3;iTLB-load-misses;10,088,060
S3;branch-loads;7,702,908,798
S3;branch-load-misses;200,704,930
 ;seconds time elapsed;720.726950431; 
S0;cache-misses;9,396,544,747
S0;cycles;5,737,832,999,250
S0;instructions;6,820,018,465,121
S0;cs;148,232
S0;migrations;1,134
S0;faults;42,129
S0;bus-cycles;311,304,352,559
S0;idle-cycles-frontend;8,964,914,411,296
S0;idle-cycles-backend;8,332,911,042,244
S0;L1-dcache-loads;1,825,845,946,033
S0;L1-dcache-load-misses;79,071,139,744
S0;L1-dcache-stores;946,315,392,882
S0;L1-dcache-store-misses;46,018,961,058
S0;L1-dcache-prefetch-misses;35,643,187,284
S0;L1-icache-load-misses;24,758,281,379
S0;LLC-loads;20,657,041,695
S0;LLC-stores;13,037,343,223
S0;LLC-prefetches;16,659,301,790
S0;dTLB-loads;1,868,763,439,021
S0;dTLB-load-misses;7,692,431,413
S0;dTLB-stores;945,630,862,108
S0;dTLB-store-misses;638,267,127
S0;iTLB-loads;672,822,399
S0;iTLB-load-misses;327,553,618
S0;branch-loads;782,537,221,169
S0;branch-load-misses;30,458,595,801
S1;cache-misses;10,759,109,265
S1;cycles;7,308,372,474,053
S1;instructions;8,169,144,227,927
S1;cs;170,315
S1;migrations;188
S1;faults;37,245
S1;bus-cycles;318,019,953,213
S1;idle-cycles-frontend;11,546,974,833,185
S1;idle-cycles-backend;10,765,526,066,809
S1;L1-dcache-loads;2,168,849,245,985
S1;L1-dcache-load-misses;91,143,090,360
S1;L1-dcache-stores;1,096,533,083,717
S1;L1-dcache-store-misses;53,401,456,215
S1;L1-dcache-prefetch-misses;41,385,845,312
S1;L1-icache-load-misses;28,292,678,995
S1;LLC-loads;23,549,184,524
S1;LLC-stores;15,075,122,503
S1;LLC-prefetches;19,346,884,295
S1;dTLB-loads;2,191,508,513,731
S1;dTLB-load-misses;9,055,778,246
S1;dTLB-stores;1,104,776,415,111
S1;dTLB-store-misses;752,066,556
S1;iTLB-loads;574,343,754
S1;iTLB-load-misses;306,774,802
S1;branch-loads;917,742,084,088
S1;branch-load-misses;35,532,009,146
S2;cache-misses;56,751,487
S2;cycles;31,490,555,662
S2;instructions;17,257,282,327
S2;cs;74,901
S2;migrations;672
S2;faults;30,577
S2;bus-cycles;2,358,415,000
S2;idle-cycles-frontend;38,994,425,836
S2;idle-cycles-backend;34,483,782,427
S2;L1-dcache-loads;3,385,260,416
S2;L1-dcache-load-misses;140,809,110
S2;L1-dcache-stores;1,723,499,294
S2;L1-dcache-store-misses;25,718,367
S2;L1-dcache-prefetch-misses;42,914,632
S2;L1-icache-load-misses;124,528,446
S2;LLC-loads;198,639,039
S2;LLC-stores;19,279,989
S2;LLC-prefetches;21,004,219
S2;dTLB-loads;3,587,345,911
S2;dTLB-load-misses;50,690,113
S2;dTLB-stores;2,290,955,137
S2;dTLB-store-misses;6,118,262
S2;iTLB-loads;2,321,032
S2;iTLB-load-misses;2,959,286
S2;branch-loads;3,335,880,433
S2;branch-load-misses;56,062,870
S3;cache-misses;76,537,351
S3;cycles;32,088,776,564
S3;instructions;16,499,301,406
S3;cs;62,884
S3;migrations;745
S3;faults;37,840
S3;bus-cycles;2,592,923,874
S3;idle-cycles-frontend;53,044,718,401
S3;idle-cycles-backend;50,113,701,059
S3;L1-dcache-loads;5,627,927,233
S3;L1-dcache-load-misses;548,965,806
S3;L1-dcache-stores;3,769,453,678
S3;L1-dcache-store-misses;102,892,032
S3;L1-dcache-prefetch-misses;203,091,475
S3;L1-icache-load-misses;450,974,025
S3;LLC-loads;344,049,271
S3;LLC-stores;36,289,997
S3;LLC-prefetches;83,542,727
S3;dTLB-loads;5,688,594,483
S3;dTLB-load-misses;80,547,404
S3;dTLB-stores;3,133,718,501
S3;dTLB-store-misses;10,258,782
S3;iTLB-loads;3,781,772
S3;iTLB-load-misses;5,241,519
S3;branch-loads;3,040,451,364
S3;branch-load-misses;91,619,532
 ;seconds time elapsed;403.312119218; 
S0;cache-misses;12,816,940,941
S0;cycles;9,083,080,209,128
S0;instructions;6,913,516,239,018
S0;cs;784,830
S0;migrations;1,205
S0;faults;78,732
S0;bus-cycles;520,628,970,905
S0;idle-cycles-frontend;6,786,653,376,722
S0;idle-cycles-backend;4,705,456,335,411
S0;L1-dcache-loads;1,858,541,060,289
S0;L1-dcache-load-misses;87,340,348,730
S0;L1-dcache-stores;974,867,275,962
S0;L1-dcache-store-misses;48,119,502,763
S0;L1-dcache-prefetch-misses;28,337,648,072
S0;L1-icache-load-misses;30,125,827,203
S0;LLC-loads;24,209,569,036
S0;LLC-stores;20,403,249,917
S0;LLC-prefetches;24,162,636,714
S0;dTLB-loads;1,909,689,723,994
S0;dTLB-load-misses;14,227,958,831
S0;dTLB-stores;977,633,217,360
S0;dTLB-store-misses;4,028,142,703
S0;iTLB-loads;5,128,262,662
S0;iTLB-load-misses;1,356,973,243
S0;branch-loads;811,945,437,664
S0;branch-load-misses;30,011,876,009
S1;cache-misses;15,086,753,708
S1;cycles;12,158,353,800,900
S1;instructions;8,505,800,356,805
S1;cs;246,736
S1;migrations;398
S1;faults;67,350
S1;bus-cycles;527,669,182,574
S1;idle-cycles-frontend;9,302,671,805,220
S1;idle-cycles-backend;6,758,576,180,039
S1;L1-dcache-loads;2,277,162,170,385
S1;L1-dcache-load-misses;105,022,278,856
S1;L1-dcache-stores;1,185,778,193,560
S1;L1-dcache-store-misses;58,233,100,702
S1;L1-dcache-prefetch-misses;34,683,175,259
S1;L1-icache-load-misses;35,312,227,397
S1;LLC-loads;28,856,509,508
S1;LLC-stores;24,450,413,762
S1;LLC-prefetches;27,912,660,356
S1;dTLB-loads;2,315,890,533,640
S1;dTLB-load-misses;17,826,858,486
S1;dTLB-stores;1,191,982,914,693
S1;dTLB-store-misses;4,945,269,402
S1;iTLB-loads;4,588,970,647
S1;iTLB-load-misses;1,622,829,022
S1;branch-loads;989,943,518,187
S1;branch-load-misses;36,530,944,802
S2;cache-misses;183,191,532
S2;cycles;138,139,700,102
S2;instructions;34,901,200,144
S2;cs;77,135
S2;migrations;1,296
S2;faults;37,641
S2;bus-cycles;7,113,768,370
S2;idle-cycles-frontend;259,457,823,491
S2;idle-cycles-backend;229,455,741,988
S2;L1-dcache-loads;9,310,647,513
S2;L1-dcache-load-misses;579,011,496
S2;L1-dcache-stores;5,241,016,669
S2;L1-dcache-store-misses;90,406,840
S2;L1-dcache-prefetch-misses;144,760,666
S2;L1-icache-load-misses;311,834,997
S2;LLC-loads;482,766,275
S2;LLC-stores;158,302,895
S2;LLC-prefetches;293,263,320
S2;dTLB-loads;11,811,793,547
S2;dTLB-load-misses;468,272,546
S2;dTLB-stores;6,317,090,582
S2;dTLB-store-misses;64,185,950
S2;iTLB-loads;3,653,572
S2;iTLB-load-misses;2,880,997
S2;branch-loads;6,784,337,965
S2;branch-load-misses;85,381,826
S3;cache-misses;202,877,533
S3;cycles;141,012,364,949
S3;instructions;37,731,285,503
S3;cs;73,398
S3;migrations;899
S3;faults;41,860
S3;bus-cycles;7,161,543,505
S3;idle-cycles-frontend;232,460,069,279
S3;idle-cycles-backend;215,037,977,333
S3;L1-dcache-loads;10,572,074,435
S3;L1-dcache-load-misses;875,002,564
S3;L1-dcache-stores;6,291,372,065
S3;L1-dcache-store-misses;133,505,027
S3;L1-dcache-prefetch-misses;240,054,003
S3;L1-icache-load-misses;431,552,818
S3;LLC-loads;462,026,517
S3;LLC-stores;148,784,814
S3;LLC-prefetches;290,751,360
S3;dTLB-loads;10,686,724,208
S3;dTLB-load-misses;445,972,137
S3;dTLB-stores;6,779,454,008
S3;dTLB-store-misses;64,086,611
S3;iTLB-loads;6,832,525
S3;iTLB-load-misses;7,021,902
S3;branch-loads;7,819,863,499
S3;branch-load-misses;131,588,422
 ;seconds time elapsed;343.548186605; 
S0;cache-misses;8,924,196,234
S0;cycles;8,063,365,946,963
S0;instructions;4,794,171,253,454
S0;cs;786,859
S0;migrations;911
S0;faults;73,163
S0;bus-cycles;447,940,760,078
S0;idle-cycles-frontend;6,371,125,394,643
S0;idle-cycles-backend;4,904,821,803,881
S0;L1-dcache-loads;1,284,505,819,013
S0;L1-dcache-load-misses;57,694,152,063
S0;L1-dcache-stores;680,073,020,020
S0;L1-dcache-store-misses;31,398,936,133
S0;L1-dcache-prefetch-misses;18,788,180,086
S0;L1-icache-load-misses;20,455,765,301
S0;LLC-loads;16,425,694,387
S0;LLC-stores;13,350,585,842
S0;LLC-prefetches;15,135,338,625
S0;dTLB-loads;1,323,126,431,259
S0;dTLB-load-misses;12,469,239,242
S0;dTLB-stores;690,154,511,817
S0;dTLB-store-misses;3,985,133,461
S0;iTLB-loads;2,790,157,062
S0;iTLB-load-misses;1,049,920,193
S0;branch-loads;574,882,362,805
S0;branch-load-misses;20,073,416,470
S1;cache-misses;10,414,482,286
S1;cycles;10,458,366,765,835
S1;instructions;5,629,511,301,478
S1;cs;267,276
S1;migrations;515
S1;faults;59,576
S1;bus-cycles;452,745,738,247
S1;idle-cycles-frontend;8,467,954,352,475
S1;idle-cycles-backend;6,761,559,033,523
S1;L1-dcache-loads;1,503,775,908,878
S1;L1-dcache-load-misses;68,464,820,337
S1;L1-dcache-stores;790,651,543,395
S1;L1-dcache-store-misses;37,536,849,394
S1;L1-dcache-prefetch-misses;22,051,786,839
S1;L1-icache-load-misses;23,582,379,425
S1;LLC-loads;19,313,911,005
S1;LLC-stores;15,783,806,308
S1;LLC-prefetches;17,279,294,318
S1;dTLB-loads;1,535,988,168,070
S1;dTLB-load-misses;13,161,746,147
S1;dTLB-stores;798,519,746,275
S1;dTLB-store-misses;4,305,317,973
S1;iTLB-loads;2,591,102,025
S1;iTLB-load-misses;1,157,894,250
S1;branch-loads;665,610,387,363
S1;branch-load-misses;23,534,268,510
S2;cache-misses;9,389,298,546
S2;cycles;10,402,050,752,596
S2;instructions;5,634,138,903,887
S2;cs;616,310
S2;migrations;1,248
S2;faults;82,772
S2;bus-cycles;450,584,508,136
S2;idle-cycles-frontend;8,430,985,578,206
S2;idle-cycles-backend;6,774,481,146,114
S2;L1-dcache-loads;1,514,397,165,655
S2;L1-dcache-load-misses;68,494,790,561
S2;L1-dcache-stores;795,351,567,183
S2;L1-dcache-store-misses;37,488,629,910
S2;L1-dcache-prefetch-misses;21,879,965,081
S2;L1-icache-load-misses;24,069,516,993
S2;LLC-loads;19,430,105,962
S2;LLC-stores;16,115,544,418
S2;LLC-prefetches;18,283,426,585
S2;dTLB-loads;1,549,073,512,235
S2;dTLB-load-misses;12,299,086,170
S2;dTLB-stores;803,091,557,085
S2;dTLB-store-misses;3,716,376,797
S2;iTLB-loads;3,507,183,315
S2;iTLB-load-misses;1,009,791,648
S2;branch-loads;668,659,264,569
S2;branch-load-misses;23,836,773,242
S3;cache-misses;96,478,108
S3;cycles;41,975,799,168
S3;instructions;23,980,479,883
S3;cs;84,076
S3;migrations;1,506
S3;faults;45,589
S3;bus-cycles;3,089,416,010
S3;idle-cycles-frontend;64,479,531,118
S3;idle-cycles-backend;57,118,613,199
S3;L1-dcache-loads;6,166,382,754
S3;L1-dcache-load-misses;478,002,440
S3;L1-dcache-stores;3,688,055,450
S3;L1-dcache-store-misses;74,851,996
S3;L1-dcache-prefetch-misses;198,207,767
S3;L1-icache-load-misses;333,031,202
S3;LLC-loads;276,797,496
S3;LLC-stores;32,246,089
S3;LLC-prefetches;104,431,063
S3;dTLB-loads;6,067,877,675
S3;dTLB-load-misses;110,649,799
S3;dTLB-stores;3,944,843,246
S3;dTLB-store-misses;13,712,298
S3;iTLB-loads;7,865,561
S3;iTLB-load-misses;7,780,446
S3;branch-loads;4,771,639,941
S3;branch-load-misses;129,580,303
 ;seconds time elapsed;296.021192282; 
S0;cache-misses;5,237,510,866
S0;cycles;11,274,386,304,978
S0;instructions;3,526,127,265,573
S0;cs;2,859,420
S0;migrations;1,001
S0;faults;45,958
S0;bus-cycles;595,883,922,713
S0;idle-cycles-frontend;9,852,552,544,760
S0;idle-cycles-backend;8,628,475,907,757
S0;L1-dcache-loads;975,888,824,127
S0;L1-dcache-load-misses;37,515,616,247
S0;L1-dcache-stores;541,012,457,037
S0;L1-dcache-store-misses;20,628,467,024
S0;L1-dcache-prefetch-misses;12,437,575,679
S0;L1-icache-load-misses;14,449,790,821
S0;LLC-loads;10,467,707,478
S0;LLC-stores;9,023,055,029
S0;LLC-prefetches;9,378,857,811
S0;dTLB-loads;1,018,004,769,375
S0;dTLB-load-misses;17,305,987,888
S0;dTLB-stores;545,725,354,217
S0;dTLB-store-misses;6,336,900,542
S0;iTLB-loads;934,981,961
S0;iTLB-load-misses;734,527,826
S0;branch-loads;461,277,754,629
S0;branch-load-misses;13,351,191,489
S1;cache-misses;6,946,071,298
S1;cycles;13,961,887,305,416
S1;instructions;4,713,543,294,847
S1;cs;41,248,116
S1;migrations;5,144
S1;faults;99,519
S1;bus-cycles;605,478,601,565
S1;idle-cycles-frontend;12,239,630,811,775
S1;idle-cycles-backend;10,696,647,797,007
S1;L1-dcache-loads;1,300,052,594,736
S1;L1-dcache-load-misses;50,780,874,485
S1;L1-dcache-stores;700,668,720,195
S1;L1-dcache-store-misses;27,688,195,528
S1;L1-dcache-prefetch-misses;16,222,182,319
S1;L1-icache-load-misses;18,637,789,629
S1;LLC-loads;13,923,363,957
S1;LLC-stores;11,833,854,216
S1;LLC-prefetches;12,638,695,254
S1;dTLB-loads;1,321,263,789,214
S1;dTLB-load-misses;21,047,365,190
S1;dTLB-stores;708,927,951,311
S1;dTLB-store-misses;7,577,230,422
S1;iTLB-loads;1,499,920,798
S1;iTLB-load-misses;790,967,425
S1;branch-loads;595,649,481,260
S1;branch-load-misses;17,661,540,694
S2;cache-misses;7,639,329,081
S2;cycles;13,903,950,176,231
S2;instructions;5,098,777,082,769
S2;cs;1,883,172
S2;migrations;1,844
S2;faults;90,495
S2;bus-cycles;600,131,103,181
S2;idle-cycles-frontend;11,932,961,848,467
S2;idle-cycles-backend;10,332,101,455,848
S2;L1-dcache-loads;1,400,014,850,121
S2;L1-dcache-load-misses;55,752,065,145
S2;L1-dcache-stores;758,999,204,042
S2;L1-dcache-store-misses;30,535,968,259
S2;L1-dcache-prefetch-misses;17,855,580,225
S2;L1-icache-load-misses;20,138,543,258
S2;LLC-loads;15,220,472,909
S2;LLC-stores;13,301,982,785
S2;LLC-prefetches;14,131,413,138
S2;dTLB-loads;1,445,171,686,553
S2;dTLB-load-misses;19,209,331,685
S2;dTLB-stores;772,016,660,172
S2;dTLB-store-misses;6,776,552,078
S2;iTLB-loads;2,167,714,759
S2;iTLB-load-misses;933,074,247
S2;branch-loads;647,930,008,818
S2;branch-load-misses;19,713,454,117
S3;cache-misses;7,091,648,201
S3;cycles;12,944,188,096,739
S3;instructions;4,721,677,162,996
S3;cs;829,148
S3;migrations;1,708
S3;faults;125,600
S3;bus-cycles;570,536,166,511
S3;idle-cycles-frontend;11,974,675,590,849
S3;idle-cycles-backend;10,553,279,607,739
S3;L1-dcache-loads;1,292,756,597,622
S3;L1-dcache-load-misses;51,149,795,788
S3;L1-dcache-stores;690,102,614,788
S3;L1-dcache-store-misses;27,995,298,881
S3;L1-dcache-prefetch-misses;17,166,276,667
S3;L1-icache-load-misses;18,817,583,867
S3;LLC-loads;14,287,938,809
S3;LLC-stores;11,848,537,131
S3;LLC-prefetches;12,595,657,397
S3;dTLB-loads;1,323,726,859,943
S3;dTLB-load-misses;16,758,219,592
S3;dTLB-stores;704,088,369,072
S3;dTLB-store-misses;5,698,144,086
S3;iTLB-loads;1,577,912,406
S3;iTLB-load-misses;824,999,381
S3;branch-loads;592,889,533,285
S3;branch-load-misses;18,298,064,225
 ;seconds time elapsed;397.878081732; 
S0;cache-misses;19,396,798,562
S0;cycles;9,893,615,763,919
S0;instructions;15,049,768,264,367
S0;cs;160,007
S0;migrations;1,710
S0;faults;43,783
S0;bus-cycles;572,260,988,952
S0;idle-cycles-frontend;14,345,011,858,796
S0;idle-cycles-backend;12,981,741,509,060
S0;L1-dcache-loads;4,028,298,802,324
S0;L1-dcache-load-misses;168,420,879,901
S0;L1-dcache-stores;2,035,047,359,051
S0;L1-dcache-store-misses;98,907,059,553
S0;L1-dcache-prefetch-misses;77,328,493,733
S0;L1-icache-load-misses;51,773,466,753
S0;LLC-loads;41,443,098,379
S0;LLC-stores;26,941,309,010
S0;LLC-prefetches;35,600,550,667
S0;dTLB-loads;4,044,587,643,112
S0;dTLB-load-misses;16,465,457,750
S0;dTLB-stores;2,044,548,133,857
S0;dTLB-store-misses;928,750,610
S0;iTLB-loads;1,478,443,905
S0;iTLB-load-misses;455,358,049
S0;branch-loads;1,691,868,619,895
S0;branch-load-misses;65,539,759,856
S1;cache-misses;88,173,380
S1;cycles;42,456,084,312
S1;instructions;20,221,285,691
S1;cs;111,313
S1;migrations;663
S1;faults;31,919
S1;bus-cycles;3,520,485,861
S1;idle-cycles-frontend;63,189,051,456
S1;idle-cycles-backend;55,949,505,860
S1;L1-dcache-loads;5,330,566,976
S1;L1-dcache-load-misses;396,020,452
S1;L1-dcache-stores;3,219,756,702
S1;L1-dcache-store-misses;63,277,007
S1;L1-dcache-prefetch-misses;191,416,651
S1;L1-icache-load-misses;272,918,959
S1;LLC-loads;307,307,938
S1;LLC-stores;34,498,238
S1;LLC-prefetches;92,265,292
S1;dTLB-loads;4,326,574,265
S1;dTLB-load-misses;96,660,450
S1;dTLB-stores;3,036,813,676
S1;dTLB-store-misses;12,321,250
S1;iTLB-loads;6,552,881
S1;iTLB-load-misses;5,885,247
S1;branch-loads;3,881,040,382
S1;branch-load-misses;83,870,281
S2;cache-misses;89,547,537
S2;cycles;55,661,986,414
S2;instructions;21,486,667,797
S2;cs;82,550
S2;migrations;837
S2;faults;42,574
S2;bus-cycles;3,402,819,248
S2;idle-cycles-frontend;105,608,237,064
S2;idle-cycles-backend;79,545,114,663
S2;L1-dcache-loads;8,678,612,026
S2;L1-dcache-load-misses;775,366,001
S2;L1-dcache-stores;7,442,106,377
S2;L1-dcache-store-misses;130,482,154
S2;L1-dcache-prefetch-misses;157,908,804
S2;L1-icache-load-misses;205,846,741
S2;LLC-loads;676,626,680
S2;LLC-stores;58,827,824
S2;LLC-prefetches;92,072,603
S2;dTLB-loads;7,432,556,469
S2;dTLB-load-misses;162,582,739
S2;dTLB-stores;3,479,542,815
S2;dTLB-store-misses;19,997,156
S2;iTLB-loads;3,007,648
S2;iTLB-load-misses;3,602,013
S2;branch-loads;5,127,009,820
S2;branch-load-misses;63,764,088
S3;cache-misses;104,984,410
S3;cycles;78,930,651,125
S3;instructions;43,912,551,087
S3;cs;97,085
S3;migrations;1,210
S3;faults;58,758
S3;bus-cycles;5,220,040,015
S3;idle-cycles-frontend;143,277,097,755
S3;idle-cycles-backend;131,751,899,353
S3;L1-dcache-loads;14,981,408,147
S3;L1-dcache-load-misses;1,142,829,735
S3;L1-dcache-stores;7,863,736,310
S3;L1-dcache-store-misses;152,349,523
S3;L1-dcache-prefetch-misses;247,962,947
S3;L1-icache-load-misses;611,825,946
S3;LLC-loads;765,566,884
S3;LLC-stores;74,104,044
S3;LLC-prefetches;179,616,359
S3;dTLB-loads;13,983,916,120
S3;dTLB-load-misses;218,567,168
S3;dTLB-stores;8,472,330,960
S3;dTLB-store-misses;25,670,412
S3;iTLB-loads;7,220,574
S3;iTLB-load-misses;10,335,298
S3;branch-loads;8,617,238,686
S3;branch-load-misses;201,517,617
 ;seconds time elapsed;724.457346368; 
S0;cache-misses;9,308,250,363
S0;cycles;5,694,851,853,549
S0;instructions;6,806,051,936,950
S0;cs;168,787
S0;migrations;1,322
S0;faults;47,828
S0;bus-cycles;314,537,318,801
S0;idle-cycles-frontend;8,907,635,481,002
S0;idle-cycles-backend;8,274,603,853,575
S0;L1-dcache-loads;1,831,584,494,918
S0;L1-dcache-load-misses;78,560,101,431
S0;L1-dcache-stores;940,394,176,727
S0;L1-dcache-store-misses;45,646,460,621
S0;L1-dcache-prefetch-misses;35,498,303,656
S0;L1-icache-load-misses;24,523,188,575
S0;LLC-loads;20,339,495,414
S0;LLC-stores;12,933,917,636
S0;LLC-prefetches;16,701,131,692
S0;dTLB-loads;1,866,879,437,616
S0;dTLB-load-misses;7,563,019,671
S0;dTLB-stores;944,432,017,524
S0;dTLB-store-misses;578,863,592
S0;iTLB-loads;617,210,490
S0;iTLB-load-misses;307,885,370
S0;branch-loads;779,603,302,661
S0;branch-load-misses;30,371,072,848
S1;cache-misses;10,808,981,228
S1;cycles;7,358,641,096,258
S1;instructions;8,186,715,251,147
S1;cs;151,619
S1;migrations;432
S1;faults;31,201
S1;bus-cycles;318,750,794,683
S1;idle-cycles-frontend;11,661,521,685,948
S1;idle-cycles-backend;10,867,307,816,894
S1;L1-dcache-loads;2,171,251,008,871
S1;L1-dcache-load-misses;91,086,337,039
S1;L1-dcache-stores;1,097,318,567,128
S1;L1-dcache-store-misses;53,387,291,308
S1;L1-dcache-prefetch-misses;41,791,478,182
S1;L1-icache-load-misses;28,365,380,589
S1;LLC-loads;23,657,156,230
S1;LLC-stores;15,234,715,011
S1;LLC-prefetches;19,610,286,658
S1;dTLB-loads;2,200,116,657,219
S1;dTLB-load-misses;8,952,370,442
S1;dTLB-stores;1,112,396,951,824
S1;dTLB-store-misses;674,051,372
S1;iTLB-loads;563,711,309
S1;iTLB-load-misses;281,091,371
S1;branch-loads;922,248,718,035
S1;branch-load-misses;35,701,720,984
S2;cache-misses;48,007,789
S2;cycles;28,538,679,753
S2;instructions;16,529,287,881
S2;cs;69,947
S2;migrations;1,379
S2;faults;33,966
S2;bus-cycles;2,535,382,922
S2;idle-cycles-frontend;48,577,101,770
S2;idle-cycles-backend;42,230,933,600
S2;L1-dcache-loads;6,218,215,524
S2;L1-dcache-load-misses;485,430,251
S2;L1-dcache-stores;3,992,276,705
S2;L1-dcache-store-misses;80,729,786
S2;L1-dcache-prefetch-misses;76,463,429
S2;L1-icache-load-misses;118,588,120
S2;LLC-loads;379,152,655
S2;LLC-stores;28,317,979
S2;LLC-prefetches;22,601,859
S2;dTLB-loads;4,578,610,852
S2;dTLB-load-misses;56,744,003
S2;dTLB-stores;2,947,110,370
S2;dTLB-store-misses;6,844,430
S2;iTLB-loads;1,130,692
S2;iTLB-load-misses;2,606,993
S2;branch-loads;2,892,739,901
S2;branch-load-misses;49,074,526
S3;cache-misses;57,463,393
S3;cycles;36,365,031,957
S3;instructions;21,332,902,274
S3;cs;64,719
S3;migrations;743
S3;faults;45,336
S3;bus-cycles;2,615,447,042
S3;idle-cycles-frontend;44,280,266,256
S3;idle-cycles-backend;38,551,509,669
S3;L1-dcache-loads;5,621,935,700
S3;L1-dcache-load-misses;431,303,157
S3;L1-dcache-stores;3,231,949,555
S3;L1-dcache-store-misses;67,947,054
S3;L1-dcache-prefetch-misses;170,424,083
S3;L1-icache-load-misses;354,118,416
S3;LLC-loads;281,223,886
S3;LLC-stores;23,020,211
S3;LLC-prefetches;61,828,838
S3;dTLB-loads;5,476,639,036
S3;dTLB-load-misses;73,644,824
S3;dTLB-stores;3,242,992,716
S3;dTLB-store-misses;8,615,189
S3;iTLB-loads;3,409,945
S3;iTLB-load-misses;6,414,861
S3;branch-loads;4,696,730,532
S3;branch-load-misses;116,439,773
 ;seconds time elapsed;406.296294974; 
S0;cache-misses;14,307,864,315
S0;cycles;9,190,808,757,040
S0;instructions;6,893,801,880,668
S0;cs;374,655
S0;migrations;740
S0;faults;76,324
S0;bus-cycles;528,821,865,654
S0;idle-cycles-frontend;6,861,738,146,716
S0;idle-cycles-backend;4,818,050,784,925
S0;L1-dcache-loads;1,849,353,889,428
S0;L1-dcache-load-misses;88,858,071,303
S0;L1-dcache-stores;982,787,356,635
S0;L1-dcache-store-misses;48,571,715,246
S0;L1-dcache-prefetch-misses;29,390,591,087
S0;L1-icache-load-misses;30,395,381,428
S0;LLC-loads;25,036,767,358
S0;LLC-stores;20,828,397,408
S0;LLC-prefetches;23,436,797,453
S0;dTLB-loads;1,917,766,501,952
S0;dTLB-load-misses;13,333,506,611
S0;dTLB-stores;985,904,009,009
S0;dTLB-store-misses;3,797,367,713
S0;iTLB-loads;5,568,195,490
S0;iTLB-load-misses;1,289,489,866
S0;branch-loads;817,219,237,434
S0;branch-load-misses;30,332,446,211
S1;cache-misses;14,912,977,485
S1;cycles;12,409,646,342,041
S1;instructions;8,427,099,616,462
S1;cs;280,468
S1;migrations;837
S1;faults;69,944
S1;bus-cycles;539,025,438,558
S1;idle-cycles-frontend;9,609,819,418,979
S1;idle-cycles-backend;7,130,395,375,044
S1;L1-dcache-loads;2,268,421,287,472
S1;L1-dcache-load-misses;105,732,494,049
S1;L1-dcache-stores;1,177,710,604,191
S1;L1-dcache-store-misses;58,029,047,197
S1;L1-dcache-prefetch-misses;34,126,024,265
S1;L1-icache-load-misses;35,633,832,752
S1;LLC-loads;29,551,346,016
S1;LLC-stores;24,647,463,320
S1;LLC-prefetches;28,165,219,993
S1;dTLB-loads;2,301,354,939,206
S1;dTLB-load-misses;16,359,419,113
S1;dTLB-stores;1,182,408,144,540
S1;dTLB-store-misses;5,097,494,239
S1;iTLB-loads;5,084,145,142
S1;iTLB-load-misses;1,573,703,391
S1;branch-loads;982,741,601,419
S1;branch-load-misses;36,415,495,041
S2;cache-misses;72,653,897
S2;cycles;33,099,807,137
S2;instructions;15,689,845,790
S2;cs;72,007
S2;migrations;883
S2;faults;27,698
S2;bus-cycles;2,560,182,746
S2;idle-cycles-frontend;48,252,340,008
S2;idle-cycles-backend;43,805,548,356
S2;L1-dcache-loads;4,264,434,454
S2;L1-dcache-load-misses;267,418,812
S2;L1-dcache-stores;3,334,841,294
S2;L1-dcache-store-misses;53,235,110
S2;L1-dcache-prefetch-misses;50,250,076
S2;L1-icache-load-misses;232,701,871
S2;LLC-loads;183,568,159
S2;LLC-stores;35,333,032
S2;LLC-prefetches;33,426,926
S2;dTLB-loads;4,428,226,692
S2;dTLB-load-misses;114,927,744
S2;dTLB-stores;3,102,775,488
S2;dTLB-store-misses;17,420,334
S2;iTLB-loads;2,889,397
S2;iTLB-load-misses;3,294,259
S2;branch-loads;3,228,526,747
S2;branch-load-misses;77,051,129
S3;cache-misses;78,816,874
S3;cycles;33,263,442,845
S3;instructions;15,815,203,102
S3;cs;74,271
S3;migrations;799
S3;faults;34,052
S3;bus-cycles;2,628,652,066
S3;idle-cycles-frontend;75,326,771,716
S3;idle-cycles-backend;66,353,546,554
S3;L1-dcache-loads;6,015,563,308
S3;L1-dcache-load-misses;578,077,704
S3;L1-dcache-stores;4,011,068,396
S3;L1-dcache-store-misses;78,528,419
S3;L1-dcache-prefetch-misses;179,576,950
S3;L1-icache-load-misses;379,403,961
S3;LLC-loads;279,668,441
S3;LLC-stores;29,790,763
S3;LLC-prefetches;90,705,529
S3;dTLB-loads;5,627,863,465
S3;dTLB-load-misses;79,367,868
S3;dTLB-stores;3,312,112,198
S3;dTLB-store-misses;11,135,818
S3;iTLB-loads;4,638,885
S3;iTLB-load-misses;6,416,176
S3;branch-loads;3,267,301,089
S3;branch-load-misses;96,371,109
 ;seconds time elapsed;351.435198529; 
S0;cache-misses;8,428,017,368
S0;cycles;7,752,039,867,123
S0;instructions;4,670,877,049,537
S0;cs;533,258
S0;migrations;1,106
S0;faults;78,517
S0;bus-cycles;423,099,494,509
S0;idle-cycles-frontend;6,022,723,780,218
S0;idle-cycles-backend;4,628,414,437,961
S0;L1-dcache-loads;1,245,760,908,114
S0;L1-dcache-load-misses;58,786,310,916
S0;L1-dcache-stores;681,075,615,254
S0;L1-dcache-store-misses;32,467,105,034
S0;L1-dcache-prefetch-misses;18,840,377,920
S0;L1-icache-load-misses;21,146,843,669
S0;LLC-loads;16,908,988,334
S0;LLC-stores;13,509,638,566
S0;LLC-prefetches;15,429,100,825
S0;dTLB-loads;1,312,408,264,654
S0;dTLB-load-misses;11,574,402,825
S0;dTLB-stores;681,528,555,584
S0;dTLB-store-misses;3,774,542,909
S0;iTLB-loads;2,258,247,887
S0;iTLB-load-misses;1,142,940,394
S0;branch-loads;566,031,007,562
S0;branch-load-misses;20,246,781,450
S1;cache-misses;9,555,753,495
S1;cycles;9,142,429,575,541
S1;instructions;5,528,256,473,304
S1;cs;275,228
S1;migrations;18,258
S1;faults;65,461
S1;bus-cycles;406,431,701,371
S1;idle-cycles-frontend;7,804,377,879,544
S1;idle-cycles-backend;6,218,537,155,954
S1;L1-dcache-loads;1,485,397,164,112
S1;L1-dcache-load-misses;67,644,477,822
S1;L1-dcache-stores;788,673,303,571
S1;L1-dcache-store-misses;37,223,327,858
S1;L1-dcache-prefetch-misses;22,317,272,462
S1;L1-icache-load-misses;23,326,662,845
S1;LLC-loads;19,079,502,919
S1;LLC-stores;15,242,814,532
S1;LLC-prefetches;17,237,856,950
S1;dTLB-loads;1,523,253,043,376
S1;dTLB-load-misses;12,837,360,302
S1;dTLB-stores;789,845,069,138
S1;dTLB-store-misses;3,920,061,582
S1;iTLB-loads;2,663,461,081
S1;iTLB-load-misses;1,252,184,131
S1;branch-loads;660,766,899,538
S1;branch-load-misses;23,345,993,134
S2;cache-misses;9,169,282,963
S2;cycles;10,042,057,349,532
S2;instructions;5,646,275,051,552
S2;cs;19,512,770
S2;migrations;5,242
S2;faults;74,262
S2;bus-cycles;437,275,006,619
S2;idle-cycles-frontend;8,064,923,919,144
S2;idle-cycles-backend;6,349,871,383,198
S2;L1-dcache-loads;1,513,598,933,043
S2;L1-dcache-load-misses;69,186,469,942
S2;L1-dcache-stores;800,382,152,960
S2;L1-dcache-store-misses;38,223,241,240
S2;L1-dcache-prefetch-misses;22,075,374,447
S2;L1-icache-load-misses;24,351,918,742
S2;LLC-loads;19,757,928,927
S2;LLC-stores;15,807,957,512
S2;LLC-prefetches;17,708,400,548
S2;dTLB-loads;1,555,746,793,211
S2;dTLB-load-misses;14,027,668,361
S2;dTLB-stores;808,557,342,483
S2;dTLB-store-misses;5,103,907,957
S2;iTLB-loads;1,780,232,398
S2;iTLB-load-misses;1,691,580,151
S2;branch-loads;670,055,079,457
S2;branch-load-misses;24,417,011,713
S3;cache-misses;97,210,022
S3;cycles;36,659,384,565
S3;instructions;19,796,549,659
S3;cs;88,931
S3;migrations;1,884
S3;faults;57,777
S3;bus-cycles;3,491,443,599
S3;idle-cycles-frontend;78,428,526,119
S3;idle-cycles-backend;68,215,863,034
S3;L1-dcache-loads;5,809,650,110
S3;L1-dcache-load-misses;641,576,671
S3;L1-dcache-stores;3,763,540,100
S3;L1-dcache-store-misses;71,715,076
S3;L1-dcache-prefetch-misses;229,027,042
S3;L1-icache-load-misses;355,729,861
S3;LLC-loads;334,624,143
S3;LLC-stores;40,993,156
S3;LLC-prefetches;92,751,180
S3;dTLB-loads;8,838,903,739
S3;dTLB-load-misses;107,461,721
S3;dTLB-stores;4,375,877,245
S3;dTLB-store-misses;13,787,275
S3;iTLB-loads;5,414,043
S3;iTLB-load-misses;7,871,645
S3;branch-loads;4,061,633,431
S3;branch-load-misses;108,980,200
 ;seconds time elapsed;286.701349230; 
S0;cache-misses;5,106,267,123
S0;cycles;10,365,692,499,841
S0;instructions;3,476,415,406,923
S0;cs;166,715
S0;migrations;959
S0;faults;92,432
S0;bus-cycles;549,470,257,017
S0;idle-cycles-frontend;9,572,416,954,920
S0;idle-cycles-backend;8,462,361,024,318
S0;L1-dcache-loads;957,668,688,051
S0;L1-dcache-load-misses;37,464,456,953
S0;L1-dcache-stores;525,384,310,828
S0;L1-dcache-store-misses;20,502,437,056
S0;L1-dcache-prefetch-misses;12,341,529,629
S0;L1-icache-load-misses;14,196,632,789
S0;LLC-loads;10,521,930,498
S0;LLC-stores;8,862,942,593
S0;LLC-prefetches;9,347,985,955
S0;dTLB-loads;997,908,526,341
S0;dTLB-load-misses;14,996,350,600
S0;dTLB-stores;533,779,239,848
S0;dTLB-store-misses;5,440,848,391
S0;iTLB-loads;980,128,296
S0;iTLB-load-misses;660,755,137
S0;branch-loads;446,257,197,773
S0;branch-load-misses;13,147,311,538
S1;cache-misses;6,704,982,410
S1;cycles;13,406,720,357,061
S1;instructions;4,530,213,474,108
S1;cs;10,151,776
S1;migrations;3,422
S1;faults;108,652
S1;bus-cycles;578,964,024,031
S1;idle-cycles-frontend;11,668,910,548,915
S1;idle-cycles-backend;10,220,730,190,764
S1;L1-dcache-loads;1,251,134,547,588
S1;L1-dcache-load-misses;50,901,736,055
S1;L1-dcache-stores;688,291,988,426
S1;L1-dcache-store-misses;27,783,357,815
S1;L1-dcache-prefetch-misses;16,088,810,207
S1;L1-icache-load-misses;18,551,516,641
S1;LLC-loads;13,990,655,751
S1;LLC-stores;11,894,072,515
S1;LLC-prefetches;12,433,289,913
S1;dTLB-loads;1,301,401,755,882
S1;dTLB-load-misses;18,635,643,856
S1;dTLB-stores;696,084,859,780
S1;dTLB-store-misses;6,772,893,972
S1;iTLB-loads;1,417,165,105
S1;iTLB-load-misses;769,665,223
S1;branch-loads;582,959,976,719
S1;branch-load-misses;17,620,933,297
S2;cache-misses;7,832,156,827
S2;cycles;13,478,438,311,164
S2;instructions;5,081,730,602,260
S2;cs;45,295,228
S2;migrations;4,730
S2;faults;85,934
S2;bus-cycles;580,867,232,648
S2;idle-cycles-frontend;11,484,396,582,090
S2;idle-cycles-backend;9,856,241,260,451
S2;L1-dcache-loads;1,389,793,087,007
S2;L1-dcache-load-misses;56,030,967,607
S2;L1-dcache-stores;762,855,634,344
S2;L1-dcache-store-misses;30,688,975,540
S2;L1-dcache-prefetch-misses;18,002,452,395
S2;L1-icache-load-misses;20,398,294,105
S2;LLC-loads;15,448,534,098
S2;LLC-stores;13,272,761,459
S2;LLC-prefetches;14,159,514,736
S2;dTLB-loads;1,445,152,871,456
S2;dTLB-load-misses;20,926,376,984
S2;dTLB-stores;772,996,808,620
S2;dTLB-store-misses;7,450,481,209
S2;iTLB-loads;2,247,709,533
S2;iTLB-load-misses;970,425,120
S2;branch-loads;647,337,842,443
S2;branch-load-misses;19,677,626,734
S3;cache-misses;6,898,100,688
S3;cycles;13,085,516,413,917
S3;instructions;4,718,743,248,941
S3;cs;1,835,993
S3;migrations;1,265
S3;faults;62,953
S3;bus-cycles;577,083,539,960
S3;idle-cycles-frontend;11,566,379,023,915
S3;idle-cycles-backend;10,076,728,614,564
S3;L1-dcache-loads;1,298,930,351,336
S3;L1-dcache-load-misses;53,224,726,565
S3;L1-dcache-stores;702,639,438,307
S3;L1-dcache-store-misses;28,936,710,651
S3;L1-dcache-prefetch-misses;16,964,336,584
S3;L1-icache-load-misses;19,380,896,848
S3;LLC-loads;14,761,932,948
S3;LLC-stores;12,336,601,103
S3;LLC-prefetches;13,128,071,811
S3;dTLB-loads;1,338,015,084,460
S3;dTLB-load-misses;17,898,112,107
S3;dTLB-stores;711,847,801,454
S3;dTLB-store-misses;6,598,370,029
S3;iTLB-loads;1,565,765,263
S3;iTLB-load-misses;1,239,823,682
S3;branch-loads;594,103,104,865
S3;branch-load-misses;18,794,842,657
 ;seconds time elapsed;386.943214587; 
