Performance,counter,stats,for,'./bowtie2,-p,8,-x,/tmp/data/indexes/HG_index_bowtie2/bowtie2_index,/tmp/data/datasets/NIST7086_CGTACTAG_L002_R2_001.fastq,-S,"/scratch/077-hpca4se-bioinf/jlenis/results/BOWTIE2-Scalability/2592627.BOWTIE2-Scalability.penguin.t8.sam':
"
"S0";"cache-misses";"5,325,943,158"
"S0";"cycles";"3,492,308,088,988"
"S0";"instructions";"4,135,375,477,691"
"S0";"cs";"129,577"
"S0";"migrations";"1,756"
"S0";"faults";"56,217"
"S0";"bus-cycles";"135,779,206,269"
"S0";"idle-cycles-frontend";"5,377,880,084,024"
"S0";"idle-cycles-backend";"4,950,827,728,218"
"S0";"L1-dcache-loads";"1,094,790,399,675"
"S0";"L1-dcache-load-misses";"46,222,877,901"
"S0";"L1-dcache-stores";"547,537,522,611"
"S0";"L1-dcache-store-misses";"27,458,191,861"
"S0";"L1-dcache-prefetch-misses";"21,496,957,612"
"S0";"L1-icache-load-misses";"14,635,945,154"
"S0";"LLC-loads";"12,098,410,097"
"S0";"LLC-stores";"7,277,125,697"
"S0";"LLC-prefetches";"10,513,185,393"
"S0";"dTLB-loads";"1,107,682,252,691"
"S0";"dTLB-load-misses";"4,416,467,221"
"S0";"dTLB-stores";"554,032,401,875"
"S0";"dTLB-store-misses";"207,589,102"
"S0";"iTLB-loads";"335,534,148"
"S0";"iTLB-load-misses";"105,603,950"
"S0";"branch-loads";"452,011,752,918"
"S0";"branch-load-misses";"18,151,726,003"
"S1";"cache-misses";"4,629,212,246"
"S1";"cycles";"3,440,855,384,847"
"S1";"instructions";"3,654,302,328,064"
"S1";"cs";"149,327"
"S1";"migrations";"866"
"S1";"faults";"50,779"
"S1";"bus-cycles";"134,314,855,928"
"S1";"idle-cycles-frontend";"5,597,058,224,009"
"S1";"idle-cycles-backend";"5,211,412,093,452"
"S1";"L1-dcache-loads";"977,307,337,882"
"S1";"L1-dcache-load-misses";"41,253,019,205"
"S1";"L1-dcache-stores";"485,904,597,550"
"S1";"L1-dcache-store-misses";"24,006,585,573"
"S1";"L1-dcache-prefetch-misses";"18,924,601,498"
"S1";"L1-icache-load-misses";"12,658,999,501"
"S1";"LLC-loads";"10,656,800,828"
"S1";"LLC-stores";"6,391,896,355"
"S1";"LLC-prefetches";"9,357,619,097"
"S1";"dTLB-loads";"964,701,481,504"
"S1";"dTLB-load-misses";"3,948,334,416"
"S1";"dTLB-stores";"483,736,010,906"
"S1";"dTLB-store-misses";"196,831,486"
"S1";"iTLB-loads";"274,851,854"
"S1";"iTLB-load-misses";"98,360,291"
"S1";"branch-loads";"411,904,665,382"
"S1";"branch-load-misses";"15,987,207,615"
"S2";"cache-misses";"4,502,213,299"
"S2";"cycles";"3,494,888,558,908"
"S2";"instructions";"3,572,376,525,991"
"S2";"cs";"89,087"
"S2";"migrations";"667"
"S2";"faults";"29,788"
"S2";"bus-cycles";"134,649,352,261"
"S2";"idle-cycles-frontend";"5,590,701,988,240"
"S2";"idle-cycles-backend";"5,300,114,047,670"
"S2";"L1-dcache-loads";"962,609,316,371"
"S2";"L1-dcache-load-misses";"40,521,311,185"
"S2";"L1-dcache-stores";"479,387,900,473"
"S2";"L1-dcache-store-misses";"23,845,001,960"
"S2";"L1-dcache-prefetch-misses";"18,212,154,849"
"S2";"L1-icache-load-misses";"12,292,344,595"
"S2";"LLC-loads";"10,433,623,919"
"S2";"LLC-stores";"6,061,527,883"
"S2";"LLC-prefetches";"8,934,825,747"
"S2";"dTLB-loads";"941,378,661,136"
"S2";"dTLB-load-misses";"3,829,178,286"
"S2";"dTLB-stores";"473,676,456,499"
"S2";"dTLB-store-misses";"186,072,031"
"S2";"iTLB-loads";"301,316,111"
"S2";"iTLB-load-misses";"88,910,978"
"S2";"branch-loads";"397,756,417,739"
"S2";"branch-load-misses";"15,633,188,463"
"S3";"cache-misses";"4,568,441,479"
"S3";"cycles";"3,370,583,198,779"
"S3";"instructions";"3,572,947,123,211"
"S3";"cs";"75,900"
"S3";"migrations";"1,079"
"S3";"faults";"46,213"
"S3";"bus-cycles";"131,666,531,844"
"S3";"idle-cycles-frontend";"5,779,913,639,882"
"S3";"idle-cycles-backend";"5,420,874,409,736"
"S3";"L1-dcache-loads";"965,021,115,088"
"S3";"L1-dcache-load-misses";"41,609,144,829"
"S3";"L1-dcache-stores";"488,983,397,499"
"S3";"L1-dcache-store-misses";"24,160,719,119"
"S3";"L1-dcache-prefetch-misses";"18,655,162,088"
"S3";"L1-icache-load-misses";"12,711,080,223"
"S3";"LLC-loads";"10,627,024,532"
"S3";"LLC-stores";"6,560,583,492"
"S3";"LLC-prefetches";"9,781,287,766"
"S3";"dTLB-loads";"987,686,419,175"
"S3";"dTLB-load-misses";"3,949,846,408"
"S3";"dTLB-stores";"495,925,448,731"
"S3";"dTLB-store-misses";"205,663,737"
"S3";"iTLB-loads";"292,909,103"
"S3";"iTLB-load-misses";"93,788,800"
"S3";"branch-loads";"403,814,810,010"
"S3";"branch-load-misses";"15,895,510,090"
" ";"seconds time elapsed";"667.758978071";" "
Performance,counter,stats,for,'./bowtie2,-p,16,-x,/tmp/data/indexes/HG_index_bowtie2/bowtie2_index,/tmp/data/datasets/NIST7086_CGTACTAG_L002_R2_001.fastq,-S,"/scratch/077-hpca4se-bioinf/jlenis/results/BOWTIE2-Scalability/2592627.BOWTIE2-Scalability.penguin.t16.sam':
"
"S0";"cache-misses";"4,387,379,307"
"S0";"cycles";"3,387,458,642,069"
"S0";"instructions";"3,446,967,093,198"
"S0";"cs";"123,969"
"S0";"migrations";"864"
"S0";"faults";"46,205"
"S0";"bus-cycles";"139,116,277,015"
"S0";"idle-cycles-frontend";"5,509,018,036,838"
"S0";"idle-cycles-backend";"5,166,518,802,025"
"S0";"L1-dcache-loads";"918,821,782,657"
"S0";"L1-dcache-load-misses";"39,332,626,237"
"S0";"L1-dcache-stores";"473,502,731,792"
"S0";"L1-dcache-store-misses";"23,111,630,668"
"S0";"L1-dcache-prefetch-misses";"18,159,568,777"
"S0";"L1-icache-load-misses";"12,873,657,180"
"S0";"LLC-loads";"10,553,003,541"
"S0";"LLC-stores";"6,447,491,728"
"S0";"LLC-prefetches";"8,824,135,995"
"S0";"dTLB-loads";"998,452,680,914"
"S0";"dTLB-load-misses";"3,972,693,521"
"S0";"dTLB-stores";"500,231,310,108"
"S0";"dTLB-store-misses";"301,884,571"
"S0";"iTLB-loads";"263,890,927"
"S0";"iTLB-load-misses";"170,464,712"
"S0";"branch-loads";"392,942,644,208"
"S0";"branch-load-misses";"15,283,621,305"
"S1";"cache-misses";"4,660,704,974"
"S1";"cycles";"3,483,678,324,887"
"S1";"instructions";"3,676,793,527,147"
"S1";"cs";"102,373"
"S1";"migrations";"518"
"S1";"faults";"37,102"
"S1";"bus-cycles";"140,825,165,773"
"S1";"idle-cycles-frontend";"5,522,084,975,387"
"S1";"idle-cycles-backend";"5,152,229,146,367"
"S1";"L1-dcache-loads";"956,949,005,274"
"S1";"L1-dcache-load-misses";"40,262,697,382"
"S1";"L1-dcache-stores";"479,947,284,117"
"S1";"L1-dcache-store-misses";"23,952,415,179"
"S1";"L1-dcache-prefetch-misses";"18,836,991,714"
"S1";"L1-icache-load-misses";"12,791,723,790"
"S1";"LLC-loads";"10,610,099,862"
"S1";"LLC-stores";"6,516,583,587"
"S1";"LLC-prefetches";"9,096,799,581"
"S1";"dTLB-loads";"1,012,248,773,489"
"S1";"dTLB-load-misses";"4,071,601,727"
"S1";"dTLB-stores";"513,556,935,090"
"S1";"dTLB-store-misses";"310,365,308"
"S1";"iTLB-loads";"231,875,538"
"S1";"iTLB-load-misses";"154,555,877"
"S1";"branch-loads";"418,614,842,415"
"S1";"branch-load-misses";"16,359,138,562"
"S2";"cache-misses";"5,371,791,227"
"S2";"cycles";"3,521,270,739,252"
"S2";"instructions";"4,109,354,654,571"
"S2";"cs";"71,148"
"S2";"migrations";"341"
"S2";"faults";"24,994"
"S2";"bus-cycles";"138,068,326,909"
"S2";"idle-cycles-frontend";"5,384,139,511,832"
"S2";"idle-cycles-backend";"5,004,404,708,131"
"S2";"L1-dcache-loads";"1,073,051,311,012"
"S2";"L1-dcache-load-misses";"45,807,744,030"
"S2";"L1-dcache-stores";"548,448,627,991"
"S2";"L1-dcache-store-misses";"27,170,422,688"
"S2";"L1-dcache-prefetch-misses";"21,677,339,407"
"S2";"L1-icache-load-misses";"14,364,166,591"
"S2";"LLC-loads";"12,035,284,589"
"S2";"LLC-stores";"7,581,420,072"
"S2";"LLC-prefetches";"10,308,612,283"
"S2";"dTLB-loads";"1,127,279,154,362"
"S2";"dTLB-load-misses";"4,378,354,195"
"S2";"dTLB-stores";"570,766,311,104"
"S2";"dTLB-store-misses";"294,912,874"
"S2";"iTLB-loads";"258,217,201"
"S2";"iTLB-load-misses";"160,029,674"
"S2";"branch-loads";"473,626,582,848"
"S2";"branch-load-misses";"18,422,760,086"
"S3";"cache-misses";"4,619,231,019"
"S3";"cycles";"3,448,809,083,419"
"S3";"instructions";"3,630,884,435,187"
"S3";"cs";"159,111"
"S3";"migrations";"652"
"S3";"faults";"54,162"
"S3";"bus-cycles";"140,711,206,995"
"S3";"idle-cycles-frontend";"5,516,530,297,527"
"S3";"idle-cycles-backend";"5,184,163,120,657"
"S3";"L1-dcache-loads";"966,014,179,150"
"S3";"L1-dcache-load-misses";"41,467,465,363"
"S3";"L1-dcache-stores";"497,613,923,245"
"S3";"L1-dcache-store-misses";"24,392,327,189"
"S3";"L1-dcache-prefetch-misses";"18,856,226,784"
"S3";"L1-icache-load-misses";"12,771,977,049"
"S3";"LLC-loads";"10,223,527,255"
"S3";"LLC-stores";"6,349,379,416"
"S3";"LLC-prefetches";"8,938,599,002"
"S3";"dTLB-loads";"978,957,720,449"
"S3";"dTLB-load-misses";"3,871,964,106"
"S3";"dTLB-stores";"494,312,300,290"
"S3";"dTLB-store-misses";"220,283,062"
"S3";"iTLB-loads";"255,827,407"
"S3";"iTLB-load-misses";"108,589,225"
"S3";"branch-loads";"411,285,057,160"
"S3";"branch-load-misses";"16,121,909,294"
" ";"seconds time elapsed";"358.895582479";" "
Performance,counter,stats,for,'./bowtie2,-p,32,-x,/tmp/data/indexes/HG_index_bowtie2/bowtie2_index,/tmp/data/datasets/NIST7086_CGTACTAG_L002_R2_001.fastq,-S,"/scratch/077-hpca4se-bioinf/jlenis/results/BOWTIE2-Scalability/2592627.BOWTIE2-Scalability.penguin.t32.sam':
"
"S0";"cache-misses";"5,308,055,708"
"S0";"cycles";"3,615,966,614,890"
"S0";"instructions";"3,743,610,325,205"
"S0";"cs";"101,627"
"S0";"migrations";"2,258"
"S0";"faults";"38,766"
"S0";"bus-cycles";"194,212,066,415"
"S0";"idle-cycles-frontend";"5,795,423,889,297"
"S0";"idle-cycles-backend";"5,399,058,968,710"
"S0";"L1-dcache-loads";"993,642,088,083"
"S0";"L1-dcache-load-misses";"44,366,779,106"
"S0";"L1-dcache-stores";"528,214,788,777"
"S0";"L1-dcache-store-misses";"26,041,306,939"
"S0";"L1-dcache-prefetch-misses";"20,597,073,732"
"S0";"L1-icache-load-misses";"15,315,989,170"
"S0";"LLC-loads";"12,445,796,648"
"S0";"LLC-stores";"7,662,117,227"
"S0";"LLC-prefetches";"9,660,077,011"
"S0";"dTLB-loads";"1,068,451,318,767"
"S0";"dTLB-load-misses";"4,423,233,799"
"S0";"dTLB-stores";"544,408,359,300"
"S0";"dTLB-store-misses";"421,454,964"
"S0";"iTLB-loads";"392,042,013"
"S0";"iTLB-load-misses";"228,090,543"
"S0";"branch-loads";"443,519,206,315"
"S0";"branch-load-misses";"17,113,254,816"
"S1";"cache-misses";"5,269,528,624"
"S1";"cycles";"4,689,569,357,859"
"S1";"instructions";"3,803,255,893,652"
"S1";"cs";"211,331"
"S1";"migrations";"1,746"
"S1";"faults";"62,384"
"S1";"bus-cycles";"202,793,888,720"
"S1";"idle-cycles-frontend";"7,841,031,053,719"
"S1";"idle-cycles-backend";"7,464,789,441,892"
"S1";"L1-dcache-loads";"1,024,080,774,539"
"S1";"L1-dcache-load-misses";"45,037,842,644"
"S1";"L1-dcache-stores";"536,669,568,823"
"S1";"L1-dcache-store-misses";"25,958,277,767"
"S1";"L1-dcache-prefetch-misses";"19,813,430,557"
"S1";"L1-icache-load-misses";"14,226,634,562"
"S1";"LLC-loads";"11,669,525,334"
"S1";"LLC-stores";"7,190,099,035"
"S1";"LLC-prefetches";"9,518,596,058"
"S1";"dTLB-loads";"1,066,082,995,243"
"S1";"dTLB-load-misses";"4,356,814,835"
"S1";"dTLB-stores";"538,783,273,307"
"S1";"dTLB-store-misses";"388,872,710"
"S1";"iTLB-loads";"298,992,962"
"S1";"iTLB-load-misses";"196,583,226"
"S1";"branch-loads";"445,429,050,509"
"S1";"branch-load-misses";"17,172,762,663"
"S2";"cache-misses";"5,421,607,442"
"S2";"cycles";"5,052,030,359,194"
"S2";"instructions";"3,865,960,015,877"
"S2";"cs";"228,117"
"S2";"migrations";"10,455"
"S2";"faults";"53,602"
"S2";"bus-cycles";"219,117,727,323"
"S2";"idle-cycles-frontend";"7,736,592,954,626"
"S2";"idle-cycles-backend";"7,291,232,611,947"
"S2";"L1-dcache-loads";"1,023,022,152,427"
"S2";"L1-dcache-load-misses";"44,848,279,662"
"S2";"L1-dcache-stores";"531,900,333,811"
"S2";"L1-dcache-store-misses";"26,007,194,724"
"S2";"L1-dcache-prefetch-misses";"19,383,232,089"
"S2";"L1-icache-load-misses";"14,582,985,725"
"S2";"LLC-loads";"11,717,023,958"
"S2";"LLC-stores";"7,417,597,943"
"S2";"LLC-prefetches";"9,654,218,539"
"S2";"dTLB-loads";"1,057,563,213,745"
"S2";"dTLB-load-misses";"4,582,911,768"
"S2";"dTLB-stores";"537,446,194,091"
"S2";"dTLB-store-misses";"473,455,446"
"S2";"iTLB-loads";"471,108,392"
"S2";"iTLB-load-misses";"229,069,102"
"S2";"branch-loads";"442,994,908,976"
"S2";"branch-load-misses";"17,206,173,847"
"S3";"cache-misses";"4,839,723,785"
"S3";"cycles";"4,055,277,605,162"
"S3";"instructions";"3,439,403,354,476"
"S3";"cs";"126,887"
"S3";"migrations";"1,196"
"S3";"faults";"45,503"
"S3";"bus-cycles";"187,232,609,024"
"S3";"idle-cycles-frontend";"6,669,950,115,081"
"S3";"idle-cycles-backend";"6,336,559,035,487"
"S3";"L1-dcache-loads";"930,989,654,445"
"S3";"L1-dcache-load-misses";"41,546,482,255"
"S3";"L1-dcache-stores";"494,892,685,905"
"S3";"L1-dcache-store-misses";"23,879,889,549"
"S3";"L1-dcache-prefetch-misses";"18,274,249,404"
"S3";"L1-icache-load-misses";"13,151,370,472"
"S3";"LLC-loads";"10,564,323,893"
"S3";"LLC-stores";"6,305,256,991"
"S3";"LLC-prefetches";"7,909,650,935"
"S3";"dTLB-loads";"917,882,407,337"
"S3";"dTLB-load-misses";"3,826,405,231"
"S3";"dTLB-stores";"477,084,597,183"
"S3";"dTLB-store-misses";"388,219,278"
"S3";"iTLB-loads";"307,414,741"
"S3";"iTLB-load-misses";"192,703,932"
"S3";"branch-loads";"404,520,030,540"
"S3";"branch-load-misses";"15,593,473,009"
" ";"seconds time elapsed";"264.182201511";" "
Performance,counter,stats,for,'./bowtie2,-p,48,-x,/tmp/data/indexes/HG_index_bowtie2/bowtie2_index,/tmp/data/datasets/NIST7086_CGTACTAG_L002_R2_001.fastq,-S,"/scratch/077-hpca4se-bioinf/jlenis/results/BOWTIE2-Scalability/2592627.BOWTIE2-Scalability.penguin.t48.sam':
"
"S0";"cache-misses";"5,785,206,044"
"S0";"cycles";"6,207,069,366,140"
"S0";"instructions";"3,564,964,594,664"
"S0";"cs";"263,635"
"S0";"migrations";"735"
"S0";"faults";"70,098"
"S0";"bus-cycles";"336,692,396,187"
"S0";"idle-cycles-frontend";"6,212,876,283,125"
"S0";"idle-cycles-backend";"5,355,103,979,891"
"S0";"L1-dcache-loads";"956,250,243,926"
"S0";"L1-dcache-load-misses";"43,796,330,521"
"S0";"L1-dcache-stores";"507,645,702,912"
"S0";"L1-dcache-store-misses";"24,212,509,330"
"S0";"L1-dcache-prefetch-misses";"15,275,004,347"
"S0";"L1-icache-load-misses";"15,637,689,467"
"S0";"LLC-loads";"12,446,131,175"
"S0";"LLC-stores";"9,104,897,550"
"S0";"LLC-prefetches";"10,887,945,038"
"S0";"dTLB-loads";"976,940,348,022"
"S0";"dTLB-load-misses";"5,268,902,292"
"S0";"dTLB-stores";"502,093,257,442"
"S0";"dTLB-store-misses";"1,270,903,842"
"S0";"iTLB-loads";"1,716,485,360"
"S0";"iTLB-load-misses";"529,766,905"
"S0";"branch-loads";"423,616,183,638"
"S0";"branch-load-misses";"15,334,867,666"
"S1";"cache-misses";"6,388,390,930"
"S1";"cycles";"7,248,543,983,373"
"S1";"instructions";"4,123,892,720,823"
"S1";"cs";"222,545"
"S1";"migrations";"891"
"S1";"faults";"51,191"
"S1";"bus-cycles";"308,608,922,665"
"S1";"idle-cycles-frontend";"7,964,462,068,250"
"S1";"idle-cycles-backend";"7,101,448,948,755"
"S1";"L1-dcache-loads";"1,080,823,775,293"
"S1";"L1-dcache-load-misses";"48,274,099,313"
"S1";"L1-dcache-stores";"579,828,540,997"
"S1";"L1-dcache-store-misses";"27,766,259,506"
"S1";"L1-dcache-prefetch-misses";"18,248,082,659"
"S1";"L1-icache-load-misses";"16,984,920,648"
"S1";"LLC-loads";"13,912,233,296"
"S1";"LLC-stores";"9,979,042,492"
"S1";"LLC-prefetches";"12,459,218,165"
"S1";"dTLB-loads";"1,154,835,023,267"
"S1";"dTLB-load-misses";"5,673,927,727"
"S1";"dTLB-stores";"587,604,033,678"
"S1";"dTLB-store-misses";"1,121,796,451"
"S1";"iTLB-loads";"1,258,593,255"
"S1";"iTLB-load-misses";"512,287,384"
"S1";"branch-loads";"487,355,580,110"
"S1";"branch-load-misses";"17,824,244,057"
"S2";"cache-misses";"5,848,665,358"
"S2";"cycles";"5,537,048,708,579"
"S2";"instructions";"4,119,879,702,163"
"S2";"cs";"96,138"
"S2";"migrations";"1,014"
"S2";"faults";"64,613"
"S2";"bus-cycles";"236,264,828,295"
"S2";"idle-cycles-frontend";"7,856,081,231,029"
"S2";"idle-cycles-backend";"7,229,167,996,743"
"S2";"L1-dcache-loads";"1,078,600,151,195"
"S2";"L1-dcache-load-misses";"45,153,898,126"
"S2";"L1-dcache-stores";"558,010,684,128"
"S2";"L1-dcache-store-misses";"26,119,132,263"
"S2";"L1-dcache-prefetch-misses";"19,715,232,131"
"S2";"L1-icache-load-misses";"15,225,649,897"
"S2";"LLC-loads";"12,754,751,573"
"S2";"LLC-stores";"8,523,228,899"
"S2";"LLC-prefetches";"10,610,572,382"
"S2";"dTLB-loads";"1,128,867,001,862"
"S2";"dTLB-load-misses";"5,229,124,674"
"S2";"dTLB-stores";"581,383,891,173"
"S2";"dTLB-store-misses";"747,985,502"
"S2";"iTLB-loads";"532,923,888"
"S2";"iTLB-load-misses";"291,322,451"
"S2";"branch-loads";"489,412,966,709"
"S2";"branch-load-misses";"17,607,001,688"
"S3";"cache-misses";"7,090,811,079"
"S3";"cycles";"7,145,882,604,852"
"S3";"instructions";"3,962,229,483,080"
"S3";"cs";"342,675"
"S3";"migrations";"1,196"
"S3";"faults";"79,162"
"S3";"bus-cycles";"360,620,887,895"
"S3";"idle-cycles-frontend";"6,645,189,444,069"
"S3";"idle-cycles-backend";"5,626,982,294,585"
"S3";"L1-dcache-loads";"1,052,267,879,357"
"S3";"L1-dcache-load-misses";"48,561,292,446"
"S3";"L1-dcache-stores";"556,346,872,352"
"S3";"L1-dcache-store-misses";"26,727,982,879"
"S3";"L1-dcache-prefetch-misses";"16,739,333,362"
"S3";"L1-icache-load-misses";"17,065,732,993"
"S3";"LLC-loads";"13,936,847,606"
"S3";"LLC-stores";"10,262,121,140"
"S3";"LLC-prefetches";"12,321,189,382"
"S3";"dTLB-loads";"1,083,425,773,031"
"S3";"dTLB-load-misses";"6,045,645,251"
"S3";"dTLB-stores";"560,808,565,138"
"S3";"dTLB-store-misses";"1,426,942,136"
"S3";"iTLB-loads";"2,090,080,833"
"S3";"iTLB-load-misses";"743,251,520"
"S3";"branch-loads";"466,711,878,293"
"S3";"branch-load-misses";"16,986,638,204"
" ";"seconds time elapsed";"272.064336588";" "
Performance,counter,stats,for,'./bowtie2,-p,64,-x,/tmp/data/indexes/HG_index_bowtie2/bowtie2_index,/tmp/data/datasets/NIST7086_CGTACTAG_L002_R2_001.fastq,-S,"/scratch/077-hpca4se-bioinf/jlenis/results/BOWTIE2-Scalability/2592627.BOWTIE2-Scalability.penguin.t64.sam':
"
"S0";"cache-misses";"5,899,438,294"
"S0";"cycles";"10,410,515,751,792"
"S0";"instructions";"4,163,072,491,682"
"S0";"cs";"1,269,098"
"S0";"migrations";"1,931"
"S0";"faults";"115,232"
"S0";"bus-cycles";"561,135,016,760"
"S0";"idle-cycles-frontend";"10,082,079,679,937"
"S0";"idle-cycles-backend";"8,937,815,694,555"
"S0";"L1-dcache-loads";"1,147,587,176,645"
"S0";"L1-dcache-load-misses";"45,603,995,111"
"S0";"L1-dcache-stores";"629,640,377,069"
"S0";"L1-dcache-store-misses";"25,214,647,774"
"S0";"L1-dcache-prefetch-misses";"15,314,753,481"
"S0";"L1-icache-load-misses";"17,268,533,472"
"S0";"LLC-loads";"12,387,976,328"
"S0";"LLC-stores";"10,056,057,434"
"S0";"LLC-prefetches";"11,379,565,659"
"S0";"dTLB-loads";"1,188,218,529,955"
"S0";"dTLB-load-misses";"11,936,472,329"
"S0";"dTLB-stores";"634,474,358,606"
"S0";"dTLB-store-misses";"4,116,365,905"
"S0";"iTLB-loads";"1,216,579,174"
"S0";"iTLB-load-misses";"772,139,453"
"S0";"branch-loads";"531,826,566,039"
"S0";"branch-load-misses";"16,100,324,889"
"S1";"cache-misses";"6,238,982,324"
"S1";"cycles";"14,569,492,897,880"
"S1";"instructions";"4,176,913,150,866"
"S1";"cs";"915,615"
"S1";"migrations";"1,765"
"S1";"faults";"108,592"
"S1";"bus-cycles";"627,871,861,223"
"S1";"idle-cycles-frontend";"12,900,070,265,303"
"S1";"idle-cycles-backend";"11,565,440,155,262"
"S1";"L1-dcache-loads";"1,159,029,696,333"
"S1";"L1-dcache-load-misses";"44,425,369,319"
"S1";"L1-dcache-stores";"639,374,064,190"
"S1";"L1-dcache-store-misses";"24,600,351,407"
"S1";"L1-dcache-prefetch-misses";"14,362,456,945"
"S1";"L1-icache-load-misses";"16,543,786,432"
"S1";"LLC-loads";"11,836,320,959"
"S1";"LLC-stores";"10,041,102,817"
"S1";"LLC-prefetches";"10,651,984,047"
"S1";"dTLB-loads";"1,204,209,031,420"
"S1";"dTLB-load-misses";"16,124,309,322"
"S1";"dTLB-stores";"647,175,577,928"
"S1";"dTLB-store-misses";"6,077,299,212"
"S1";"iTLB-loads";"1,161,983,427"
"S1";"iTLB-load-misses";"749,012,509"
"S1";"branch-loads";"541,477,374,028"
"S1";"branch-load-misses";"15,918,753,294"
"S2";"cache-misses";"7,001,769,064"
"S2";"cycles";"14,531,009,844,286"
"S2";"instructions";"4,807,706,487,204"
"S2";"cs";"36,699,278"
"S2";"migrations";"4,990"
"S2";"faults";"81,753"
"S2";"bus-cycles";"629,494,945,524"
"S2";"idle-cycles-frontend";"12,690,380,505,379"
"S2";"idle-cycles-backend";"11,233,762,108,713"
"S2";"L1-dcache-loads";"1,333,979,407,647"
"S2";"L1-dcache-load-misses";"52,011,827,272"
"S2";"L1-dcache-stores";"729,928,402,604"
"S2";"L1-dcache-store-misses";"28,726,458,243"
"S2";"L1-dcache-prefetch-misses";"16,647,212,603"
"S2";"L1-icache-load-misses";"19,306,953,193"
"S2";"LLC-loads";"13,810,587,276"
"S2";"LLC-stores";"11,912,769,066"
"S2";"LLC-prefetches";"12,752,700,268"
"S2";"dTLB-loads";"1,376,262,025,009"
"S2";"dTLB-load-misses";"16,580,125,941"
"S2";"dTLB-stores";"736,467,851,190"
"S2";"dTLB-store-misses";"6,094,014,016"
"S2";"iTLB-loads";"1,594,832,097"
"S2";"iTLB-load-misses";"813,061,333"
"S2";"branch-loads";"614,847,209,925"
"S2";"branch-load-misses";"18,399,946,417"
"S3";"cache-misses";"7,383,477,576"
"S3";"cycles";"12,240,119,996,591"
"S3";"instructions";"4,949,788,021,379"
"S3";"cs";"44,423,539"
"S3";"migrations";"5,651"
"S3";"faults";"53,702"
"S3";"bus-cycles";"641,100,413,188"
"S3";"idle-cycles-frontend";"10,457,218,555,374"
"S3";"idle-cycles-backend";"8,997,445,544,892"
"S3";"L1-dcache-loads";"1,376,227,636,048"
"S3";"L1-dcache-load-misses";"52,810,672,120"
"S3";"L1-dcache-stores";"735,375,031,860"
"S3";"L1-dcache-store-misses";"29,181,051,186"
"S3";"L1-dcache-prefetch-misses";"17,496,795,905"
"S3";"L1-icache-load-misses";"19,486,235,267"
"S3";"LLC-loads";"14,137,083,001"
"S3";"LLC-stores";"12,142,684,989"
"S3";"LLC-prefetches";"13,194,934,143"
"S3";"dTLB-loads";"1,379,625,357,515"
"S3";"dTLB-load-misses";"12,642,804,399"
"S3";"dTLB-stores";"741,991,502,462"
"S3";"dTLB-store-misses";"4,117,653,503"
"S3";"iTLB-loads";"1,607,882,678"
"S3";"iTLB-load-misses";"963,590,865"
"S3";"branch-loads";"623,392,130,977"
"S3";"branch-load-misses";"18,631,455,363"
" ";"seconds time elapsed";"417.307483705";" "
