Performance,counter,stats,for,'bin/gem-mapper,-t,8,-I,/tmp/data/indexes/HG_index_GEM/index.gem,-i,/tmp/data/datasets/NIST7086_CGTACTAG_L002_R2_001.fastq,-o,"/scratch/077-hpca4se-bioinf/jlenis/results/GEM-Scalability/2592653.GEM-Scalability.catwoman.t8.sam':
"
"S0";"cache-misses";"2,309,991,485"
"S0";"cycles";"851,905,972,374"
"S0";"instructions";"983,641,643,855"
"S0";"cs";"63,991"
"S0";"migrations";"333"
"S0";"faults";"24,771"
"S0";"supported>";"<not"
"S0";"idle-cycles-frontend";"1,016,865,796,323"
"S0";"idle-cycles-backend";"443,347,086,593"
"S0";"L1-dcache-loads";"384,718,151,695"
"S0";"L1-dcache-load-misses";"6,024,057,431"
"S0";"L1-dcache-stores";"6,822,083,985"
"S0";"supported>";"<not"
"S0";"L1-dcache-prefetch-misses";"0"
"S0";"L1-icache-load-misses";"2,468,675,263"
"S0";"LLC-loads";"9,572,169,752"
"S0";"LLC-stores";"2,040,127,182"
"S0";"supported>";"<not"
"S0";"dTLB-loads";"387,851,354,080"
"S0";"dTLB-load-misses";"283,841,194"
"S0";"supported>";"<not"
"S0";"supported>";"<not"
"S0";"iTLB-loads";"212,954,356,073"
"S0";"iTLB-load-misses";"51,631"
"S0";"branch-loads";"82,428,677,974"
"S0";"branch-load-misses";"2,526,289,464"
"S1";"cache-misses";"2,355,073,960"
"S1";"cycles";"878,187,970,889"
"S1";"instructions";"1,004,776,725,527"
"S1";"cs";"21,168"
"S1";"migrations";"154"
"S1";"faults";"7,471"
"S1";"supported>";"<not"
"S1";"idle-cycles-frontend";"980,480,208,914"
"S1";"idle-cycles-backend";"449,691,518,083"
"S1";"L1-dcache-loads";"399,159,785,738"
"S1";"L1-dcache-load-misses";"5,907,841,658"
"S1";"L1-dcache-stores";"6,619,731,704"
"S1";"supported>";"<not"
"S1";"L1-dcache-prefetch-misses";"0"
"S1";"L1-icache-load-misses";"2,287,360,304"
"S1";"LLC-loads";"8,671,189,231"
"S1";"LLC-stores";"1,923,086,179"
"S1";"supported>";"<not"
"S1";"dTLB-loads";"369,401,587,195"
"S1";"dTLB-load-misses";"273,313,078"
"S1";"supported>";"<not"
"S1";"supported>";"<not"
"S1";"iTLB-loads";"208,922,408,054"
"S1";"iTLB-load-misses";"52,750"
"S1";"branch-loads";"89,929,500,701"
"S1";"branch-load-misses";"2,729,978,819"
"S2";"cache-misses";"2,473,187,457"
"S2";"cycles";"973,519,718,077"
"S2";"instructions";"1,095,264,749,309"
"S2";"cs";"67,563"
"S2";"migrations";"6,511"
"S2";"faults";"49,074"
"S2";"supported>";"<not"
"S2";"idle-cycles-frontend";"1,166,693,342,381"
"S2";"idle-cycles-backend";"449,997,635,410"
"S2";"L1-dcache-loads";"399,610,972,623"
"S2";"L1-dcache-load-misses";"6,610,003,523"
"S2";"L1-dcache-stores";"8,485,699,593"
"S2";"supported>";"<not"
"S2";"L1-dcache-prefetch-misses";"0"
"S2";"L1-icache-load-misses";"2,453,132,143"
"S2";"LLC-loads";"12,087,548,999"
"S2";"LLC-stores";"3,578,811,197"
"S2";"supported>";"<not"
"S2";"dTLB-loads";"425,574,473,279"
"S2";"dTLB-load-misses";"290,173,871"
"S2";"supported>";"<not"
"S2";"supported>";"<not"
"S2";"iTLB-loads";"236,181,167,068"
"S2";"iTLB-load-misses";"81,767"
"S2";"branch-loads";"98,270,047,823"
"S2";"branch-load-misses";"2,835,702,664"
"S3";"cache-misses";"2,451,602,741"
"S3";"cycles";"882,093,540,103"
"S3";"instructions";"966,111,107,012"
"S3";"cs";"49,108"
"S3";"migrations";"584"
"S3";"faults";"34,169"
"S3";"supported>";"<not"
"S3";"idle-cycles-frontend";"935,043,423,796"
"S3";"idle-cycles-backend";"424,857,105,617"
"S3";"L1-dcache-loads";"354,119,702,523"
"S3";"L1-dcache-load-misses";"5,434,644,384"
"S3";"L1-dcache-stores";"6,430,382,501"
"S3";"supported>";"<not"
"S3";"L1-dcache-prefetch-misses";"0"
"S3";"L1-icache-load-misses";"2,210,502,762"
"S3";"LLC-loads";"9,271,045,866"
"S3";"LLC-stores";"2,283,030,012"
"S3";"supported>";"<not"
"S3";"dTLB-loads";"400,037,070,155"
"S3";"dTLB-load-misses";"291,311,494"
"S3";"supported>";"<not"
"S3";"supported>";"<not"
"S3";"iTLB-loads";"220,868,072,975"
"S3";"iTLB-load-misses";"289,328"
"S3";"branch-loads";"93,109,921,683"
"S3";"branch-load-misses";"2,804,073,263"
" ";"seconds time elapsed";"202.416680588";" "
Performance,counter,stats,for,'bin/gem-mapper,-t,16,-I,/tmp/data/indexes/HG_index_GEM/index.gem,-i,/tmp/data/datasets/NIST7086_CGTACTAG_L002_R2_001.fastq,-o,"/scratch/077-hpca4se-bioinf/jlenis/results/GEM-Scalability/2592653.GEM-Scalability.catwoman.t16.sam':
"
"S0";"cache-misses";"2,499,276,238"
"S0";"cycles";"900,952,111,764"
"S0";"instructions";"1,013,063,479,203"
"S0";"cs";"60,009"
"S0";"migrations";"499"
"S0";"faults";"13,959"
"S0";"supported>";"<not"
"S0";"idle-cycles-frontend";"966,206,874,514"
"S0";"idle-cycles-backend";"442,370,451,136"
"S0";"L1-dcache-loads";"382,736,434,306"
"S0";"L1-dcache-load-misses";"5,862,067,462"
"S0";"L1-dcache-stores";"6,704,622,108"
"S0";"supported>";"<not"
"S0";"L1-dcache-prefetch-misses";"0"
"S0";"L1-icache-load-misses";"2,310,268,102"
"S0";"LLC-loads";"8,800,675,171"
"S0";"LLC-stores";"2,047,497,264"
"S0";"supported>";"<not"
"S0";"dTLB-loads";"397,167,396,501"
"S0";"dTLB-load-misses";"302,852,428"
"S0";"supported>";"<not"
"S0";"supported>";"<not"
"S0";"iTLB-loads";"232,925,769,865"
"S0";"iTLB-load-misses";"87,454"
"S0";"branch-loads";"88,748,363,624"
"S0";"branch-load-misses";"2,735,098,306"
"S1";"cache-misses";"2,421,263,200"
"S1";"cycles";"880,958,693,173"
"S1";"instructions";"1,004,967,676,147"
"S1";"cs";"14,957"
"S1";"migrations";"195"
"S1";"faults";"12,231"
"S1";"supported>";"<not"
"S1";"idle-cycles-frontend";"900,969,959,646"
"S1";"idle-cycles-backend";"428,248,295,496"
"S1";"L1-dcache-loads";"367,487,830,069"
"S1";"L1-dcache-load-misses";"5,469,491,451"
"S1";"L1-dcache-stores";"6,300,738,622"
"S1";"supported>";"<not"
"S1";"L1-dcache-prefetch-misses";"0"
"S1";"L1-icache-load-misses";"2,135,211,269"
"S1";"LLC-loads";"9,207,652,646"
"S1";"LLC-stores";"1,986,232,350"
"S1";"supported>";"<not"
"S1";"dTLB-loads";"388,575,757,583"
"S1";"dTLB-load-misses";"284,058,659"
"S1";"supported>";"<not"
"S1";"supported>";"<not"
"S1";"iTLB-loads";"213,894,459,173"
"S1";"iTLB-load-misses";"45,870"
"S1";"branch-loads";"92,275,082,938"
"S1";"branch-load-misses";"2,772,944,256"
"S2";"cache-misses";"2,393,751,180"
"S2";"cycles";"901,908,821,287"
"S2";"instructions";"1,041,635,372,587"
"S2";"cs";"115,506"
"S2";"migrations";"6,387"
"S2";"faults";"44,262"
"S2";"supported>";"<not"
"S2";"idle-cycles-frontend";"1,134,391,977,479"
"S2";"idle-cycles-backend";"495,711,704,898"
"S2";"L1-dcache-loads";"431,067,894,736"
"S2";"L1-dcache-load-misses";"6,922,344,664"
"S2";"L1-dcache-stores";"9,363,533,579"
"S2";"supported>";"<not"
"S2";"L1-dcache-prefetch-misses";"0"
"S2";"L1-icache-load-misses";"2,516,138,839"
"S2";"LLC-loads";"11,127,292,330"
"S2";"LLC-stores";"3,726,075,751"
"S2";"supported>";"<not"
"S2";"dTLB-loads";"418,122,183,931"
"S2";"dTLB-load-misses";"287,297,543"
"S2";"supported>";"<not"
"S2";"supported>";"<not"
"S2";"iTLB-loads";"229,533,587,356"
"S2";"iTLB-load-misses";"74,128"
"S2";"branch-loads";"91,439,166,394"
"S2";"branch-load-misses";"2,657,517,313"
"S3";"cache-misses";"2,463,000,521"
"S3";"cycles";"916,343,378,085"
"S3";"instructions";"988,302,086,267"
"S3";"cs";"45,218"
"S3";"migrations";"568"
"S3";"faults";"54,543"
"S3";"supported>";"<not"
"S3";"idle-cycles-frontend";"1,021,269,781,562"
"S3";"idle-cycles-backend";"449,522,236,214"
"S3";"L1-dcache-loads";"356,842,486,883"
"S3";"L1-dcache-load-misses";"5,488,823,838"
"S3";"L1-dcache-stores";"6,361,734,080"
"S3";"supported>";"<not"
"S3";"L1-dcache-prefetch-misses";"0"
"S3";"L1-icache-load-misses";"2,247,511,834"
"S3";"LLC-loads";"8,814,596,921"
"S3";"LLC-stores";"2,039,737,422"
"S3";"supported>";"<not"
"S3";"dTLB-loads";"367,354,168,118"
"S3";"dTLB-load-misses";"271,009,277"
"S3";"supported>";"<not"
"S3";"supported>";"<not"
"S3";"iTLB-loads";"216,188,864,617"
"S3";"iTLB-load-misses";"237,314"
"S3";"branch-loads";"88,105,377,697"
"S3";"branch-load-misses";"2,672,656,405"
" ";"seconds time elapsed";"137.470700759";" "
Performance,counter,stats,for,'bin/gem-mapper,-t,32,-I,/tmp/data/indexes/HG_index_GEM/index.gem,-i,/tmp/data/datasets/NIST7086_CGTACTAG_L002_R2_001.fastq,-o,"/scratch/077-hpca4se-bioinf/jlenis/results/GEM-Scalability/2592653.GEM-Scalability.catwoman.t32.sam':
"
"S0";"cache-misses";"2,386,623,441"
"S0";"cycles";"923,286,814,442"
"S0";"instructions";"934,855,811,671"
"S0";"cs";"66,343"
"S0";"migrations";"798"
"S0";"faults";"21,680"
"S0";"supported>";"<not"
"S0";"idle-cycles-frontend";"934,967,855,375"
"S0";"idle-cycles-backend";"473,335,961,060"
"S0";"L1-dcache-loads";"363,305,161,218"
"S0";"L1-dcache-load-misses";"5,780,049,751"
"S0";"L1-dcache-stores";"6,716,692,785"
"S0";"supported>";"<not"
"S0";"L1-dcache-prefetch-misses";"0"
"S0";"L1-icache-load-misses";"2,458,368,802"
"S0";"LLC-loads";"9,269,166,898"
"S0";"LLC-stores";"2,009,130,002"
"S0";"supported>";"<not"
"S0";"dTLB-loads";"395,462,895,250"
"S0";"dTLB-load-misses";"281,059,697"
"S0";"supported>";"<not"
"S0";"supported>";"<not"
"S0";"iTLB-loads";"204,183,879,210"
"S0";"iTLB-load-misses";"135,336"
"S0";"branch-loads";"81,880,212,992"
"S0";"branch-load-misses";"2,577,946,010"
"S1";"cache-misses";"2,411,799,769"
"S1";"cycles";"968,181,760,370"
"S1";"instructions";"977,039,199,367"
"S1";"cs";"14,744"
"S1";"migrations";"443"
"S1";"faults";"15,756"
"S1";"supported>";"<not"
"S1";"idle-cycles-frontend";"825,293,052,298"
"S1";"idle-cycles-backend";"453,331,418,118"
"S1";"L1-dcache-loads";"328,760,749,450"
"S1";"L1-dcache-load-misses";"4,810,046,960"
"S1";"L1-dcache-stores";"5,705,052,677"
"S1";"supported>";"<not"
"S1";"L1-dcache-prefetch-misses";"0"
"S1";"L1-icache-load-misses";"1,997,447,483"
"S1";"LLC-loads";"9,556,610,486"
"S1";"LLC-stores";"2,032,735,978"
"S1";"supported>";"<not"
"S1";"dTLB-loads";"419,391,909,690"
"S1";"dTLB-load-misses";"308,039,404"
"S1";"supported>";"<not"
"S1";"supported>";"<not"
"S1";"iTLB-loads";"247,178,567,731"
"S1";"iTLB-load-misses";"132,857"
"S1";"branch-loads";"92,448,419,686"
"S1";"branch-load-misses";"2,871,204,564"
"S2";"cache-misses";"2,673,337,924"
"S2";"cycles";"1,251,708,649,259"
"S2";"instructions";"1,248,817,451,557"
"S2";"cs";"107,674"
"S2";"migrations";"979"
"S2";"faults";"90,900"
"S2";"supported>";"<not"
"S2";"idle-cycles-frontend";"1,112,579,435,672"
"S2";"idle-cycles-backend";"654,262,363,825"
"S2";"L1-dcache-loads";"477,399,297,994"
"S2";"L1-dcache-load-misses";"8,526,656,922"
"S2";"L1-dcache-stores";"10,330,576,614"
"S2";"supported>";"<not"
"S2";"L1-dcache-prefetch-misses";"0"
"S2";"L1-icache-load-misses";"2,710,469,559"
"S2";"LLC-loads";"13,838,955,530"
"S2";"LLC-stores";"4,139,437,408"
"S2";"supported>";"<not"
"S2";"dTLB-loads";"521,032,340,237"
"S2";"dTLB-load-misses";"325,807,463"
"S2";"supported>";"<not"
"S2";"supported>";"<not"
"S2";"iTLB-loads";"264,984,901,118"
"S2";"iTLB-load-misses";"150,204"
"S2";"branch-loads";"119,366,818,603"
"S2";"branch-load-misses";"2,984,136,013"
"S3";"cache-misses";"2,657,881,156"
"S3";"cycles";"1,057,046,198,987"
"S3";"instructions";"978,809,577,504"
"S3";"cs";"43,382"
"S3";"migrations";"562"
"S3";"faults";"41,786"
"S3";"supported>";"<not"
"S3";"idle-cycles-frontend";"1,072,459,262,253"
"S3";"idle-cycles-backend";"553,720,915,169"
"S3";"L1-dcache-loads";"363,798,988,081"
"S3";"L1-dcache-load-misses";"5,858,027,327"
"S3";"L1-dcache-stores";"6,795,719,928"
"S3";"supported>";"<not"
"S3";"L1-dcache-prefetch-misses";"0"
"S3";"L1-icache-load-misses";"2,481,200,756"
"S3";"LLC-loads";"9,359,501,928"
"S3";"LLC-stores";"2,320,579,240"
"S3";"supported>";"<not"
"S3";"dTLB-loads";"376,914,797,950"
"S3";"dTLB-load-misses";"276,047,361"
"S3";"supported>";"<not"
"S3";"supported>";"<not"
"S3";"iTLB-loads";"205,091,523,239"
"S3";"iTLB-load-misses";"350,253"
"S3";"branch-loads";"81,392,287,735"
"S3";"branch-load-misses";"2,505,735,421"
" ";"seconds time elapsed";"155.068176132";" "
Performance,counter,stats,for,'bin/gem-mapper,-t,48,-I,/tmp/data/indexes/HG_index_GEM/index.gem,-i,/tmp/data/datasets/NIST7086_CGTACTAG_L002_R2_001.fastq,-o,"/scratch/077-hpca4se-bioinf/jlenis/results/GEM-Scalability/2592653.GEM-Scalability.catwoman.t48.sam':
"
"S0";"cache-misses";"2,343,919,185"
"S0";"cycles";"967,131,987,086"
"S0";"instructions";"1,022,981,854,446"
"S0";"cs";"82,618"
"S0";"migrations";"1,043"
"S0";"faults";"84,198"
"S0";"supported>";"<not"
"S0";"idle-cycles-frontend";"503,928,412,930"
"S0";"idle-cycles-backend";"237,859,693,695"
"S0";"L1-dcache-loads";"383,994,824,377"
"S0";"L1-dcache-load-misses";"5,986,105,061"
"S0";"L1-dcache-stores";"7,257,637,701"
"S0";"supported>";"<not"
"S0";"L1-dcache-prefetch-misses";"0"
"S0";"L1-icache-load-misses";"2,565,837,536"
"S0";"LLC-loads";"10,929,456,724"
"S0";"LLC-stores";"2,640,702,461"
"S0";"supported>";"<not"
"S0";"dTLB-loads";"447,177,882,719"
"S0";"dTLB-load-misses";"366,493,012"
"S0";"supported>";"<not"
"S0";"supported>";"<not"
"S0";"iTLB-loads";"221,813,622,546"
"S0";"iTLB-load-misses";"233,812"
"S0";"branch-loads";"88,622,997,819"
"S0";"branch-load-misses";"2,850,391,564"
"S1";"cache-misses";"2,679,143,599"
"S1";"cycles";"1,397,213,120,224"
"S1";"instructions";"1,319,284,653,974"
"S1";"cs";"60,670"
"S1";"migrations";"589"
"S1";"faults";"138,741"
"S1";"supported>";"<not"
"S1";"idle-cycles-frontend";"736,443,967,379"
"S1";"idle-cycles-backend";"457,547,920,955"
"S1";"L1-dcache-loads";"498,897,674,189"
"S1";"L1-dcache-load-misses";"8,987,699,595"
"S1";"L1-dcache-stores";"11,486,428,887"
"S1";"supported>";"<not"
"S1";"L1-dcache-prefetch-misses";"0"
"S1";"L1-icache-load-misses";"2,388,437,179"
"S1";"LLC-loads";"14,193,852,540"
"S1";"LLC-stores";"4,132,735,006"
"S1";"supported>";"<not"
"S1";"dTLB-loads";"533,902,509,669"
"S1";"dTLB-load-misses";"411,959,848"
"S1";"supported>";"<not"
"S1";"supported>";"<not"
"S1";"iTLB-loads";"296,895,016,420"
"S1";"iTLB-load-misses";"293,763"
"S1";"branch-loads";"134,449,013,326"
"S1";"branch-load-misses";"3,217,717,666"
"S2";"cache-misses";"2,312,797,431"
"S2";"cycles";"967,219,737,491"
"S2";"instructions";"1,028,079,780,042"
"S2";"cs";"77,292"
"S2";"migrations";"2,340"
"S2";"faults";"88,406"
"S2";"supported>";"<not"
"S2";"idle-cycles-frontend";"512,610,943,706"
"S2";"idle-cycles-backend";"261,395,009,169"
"S2";"L1-dcache-loads";"375,754,877,628"
"S2";"L1-dcache-load-misses";"5,777,147,598"
"S2";"L1-dcache-stores";"6,775,541,260"
"S2";"supported>";"<not"
"S2";"L1-dcache-prefetch-misses";"0"
"S2";"L1-icache-load-misses";"2,290,680,192"
"S2";"LLC-loads";"9,308,282,667"
"S2";"LLC-stores";"2,101,463,783"
"S2";"supported>";"<not"
"S2";"dTLB-loads";"396,242,329,230"
"S2";"dTLB-load-misses";"335,313,168"
"S2";"supported>";"<not"
"S2";"supported>";"<not"
"S2";"iTLB-loads";"220,417,331,147"
"S2";"iTLB-load-misses";"249,175"
"S2";"branch-loads";"84,919,809,146"
"S2";"branch-load-misses";"2,769,207,040"
"S3";"cache-misses";"2,774,995,697"
"S3";"cycles";"935,327,932,100"
"S3";"instructions";"893,575,335,906"
"S3";"cs";"42,542"
"S3";"migrations";"781"
"S3";"faults";"63,690"
"S3";"supported>";"<not"
"S3";"idle-cycles-frontend";"568,109,759,988"
"S3";"idle-cycles-backend";"313,024,707,527"
"S3";"L1-dcache-loads";"349,752,649,430"
"S3";"L1-dcache-load-misses";"6,220,609,035"
"S3";"L1-dcache-stores";"7,170,509,954"
"S3";"supported>";"<not"
"S3";"L1-dcache-prefetch-misses";"0"
"S3";"L1-icache-load-misses";"2,757,013,886"
"S3";"LLC-loads";"10,268,129,035"
"S3";"LLC-stores";"2,331,447,109"
"S3";"supported>";"<not"
"S3";"dTLB-loads";"379,454,469,670"
"S3";"dTLB-load-misses";"314,427,257"
"S3";"supported>";"<not"
"S3";"supported>";"<not"
"S3";"iTLB-loads";"204,623,301,663"
"S3";"iTLB-load-misses";"511,861"
"S3";"branch-loads";"84,839,766,724"
"S3";"branch-load-misses";"2,445,470,903"
" ";"seconds time elapsed";"189.717200154";" "
Performance,counter,stats,for,'bin/gem-mapper,-t,64,-I,/tmp/data/indexes/HG_index_GEM/index.gem,-i,/tmp/data/datasets/NIST7086_CGTACTAG_L002_R2_001.fastq,-o,"/scratch/077-hpca4se-bioinf/jlenis/results/GEM-Scalability/2592653.GEM-Scalability.catwoman.t64.sam':
"
"S0";"cache-misses";"2,273,441,719"
"S0";"cycles";"1,559,702,434,253"
"S0";"instructions";"913,606,572,560"
"S0";"cs";"62,257"
"S0";"migrations";"1,265"
"S0";"faults";"81,282"
"S0";"supported>";"<not"
"S0";"idle-cycles-frontend";"206,789,972,013"
"S0";"idle-cycles-backend";"421,719,526,552"
"S0";"L1-dcache-loads";"335,952,076,563"
"S0";"L1-dcache-load-misses";"5,466,878,819"
"S0";"L1-dcache-stores";"6,364,482,391"
"S0";"supported>";"<not"
"S0";"L1-dcache-prefetch-misses";"0"
"S0";"L1-icache-load-misses";"2,246,884,859"
"S0";"LLC-loads";"9,313,256,254"
"S0";"LLC-stores";"1,990,509,735"
"S0";"supported>";"<not"
"S0";"dTLB-loads";"393,326,969,124"
"S0";"dTLB-load-misses";"382,326,087"
"S0";"supported>";"<not"
"S0";"supported>";"<not"
"S0";"iTLB-loads";"212,114,995,462"
"S0";"iTLB-load-misses";"4,716,537"
"S0";"branch-loads";"80,656,351,569"
"S0";"branch-load-misses";"2,610,054,485"
"S1";"cache-misses";"2,434,644,182"
"S1";"cycles";"1,796,342,260,245"
"S1";"instructions";"1,017,585,491,405"
"S1";"cs";"26,627"
"S1";"migrations";"555"
"S1";"faults";"74,017"
"S1";"supported>";"<not"
"S1";"idle-cycles-frontend";"155,254,605,242"
"S1";"idle-cycles-backend";"420,708,865,467"
"S1";"L1-dcache-loads";"332,972,842,421"
"S1";"L1-dcache-load-misses";"5,274,285,767"
"S1";"L1-dcache-stores";"6,026,802,507"
"S1";"supported>";"<not"
"S1";"L1-dcache-prefetch-misses";"0"
"S1";"L1-icache-load-misses";"1,994,004,161"
"S1";"LLC-loads";"8,876,589,423"
"S1";"LLC-stores";"1,997,614,774"
"S1";"supported>";"<not"
"S1";"dTLB-loads";"373,726,068,439"
"S1";"dTLB-load-misses";"358,009,915"
"S1";"supported>";"<not"
"S1";"supported>";"<not"
"S1";"iTLB-loads";"204,587,844,266"
"S1";"iTLB-load-misses";"4,603,272"
"S1";"branch-loads";"86,365,269,045"
"S1";"branch-load-misses";"2,867,928,051"
"S2";"cache-misses";"3,231,960,638"
"S2";"cycles";"1,743,823,703,511"
"S2";"instructions";"1,268,485,082,488"
"S2";"cs";"125,185"
"S2";"migrations";"3,648"
"S2";"faults";"148,462"
"S2";"supported>";"<not"
"S2";"idle-cycles-frontend";"410,737,500,549"
"S2";"idle-cycles-backend";"451,247,901,524"
"S2";"L1-dcache-loads";"530,446,657,887"
"S2";"L1-dcache-load-misses";"9,252,327,195"
"S2";"L1-dcache-stores";"11,590,801,984"
"S2";"supported>";"<not"
"S2";"L1-dcache-prefetch-misses";"0"
"S2";"L1-icache-load-misses";"3,699,641,093"
"S2";"LLC-loads";"15,319,222,707"
"S2";"LLC-stores";"4,498,294,546"
"S2";"supported>";"<not"
"S2";"dTLB-loads";"523,760,111,305"
"S2";"dTLB-load-misses";"461,952,309"
"S2";"supported>";"<not"
"S2";"supported>";"<not"
"S2";"iTLB-loads";"281,146,369,444"
"S2";"iTLB-load-misses";"4,840,120"
"S2";"branch-loads";"117,176,695,366"
"S2";"branch-load-misses";"3,460,648,436"
"S3";"cache-misses";"2,573,921,769"
"S3";"cycles";"1,637,158,890,466"
"S3";"instructions";"994,723,119,782"
"S3";"cs";"30,247"
"S3";"migrations";"821"
"S3";"faults";"85,772"
"S3";"supported>";"<not"
"S3";"idle-cycles-frontend";"212,002,515,407"
"S3";"idle-cycles-backend";"415,459,446,814"
"S3";"L1-dcache-loads";"377,826,270,092"
"S3";"L1-dcache-load-misses";"6,321,608,125"
"S3";"L1-dcache-stores";"7,504,790,606"
"S3";"supported>";"<not"
"S3";"L1-dcache-prefetch-misses";"0"
"S3";"L1-icache-load-misses";"2,558,035,496"
"S3";"LLC-loads";"9,843,041,535"
"S3";"LLC-stores";"2,375,914,152"
"S3";"supported>";"<not"
"S3";"dTLB-loads";"420,737,810,226"
"S3";"dTLB-load-misses";"413,160,393"
"S3";"supported>";"<not"
"S3";"supported>";"<not"
"S3";"iTLB-loads";"224,902,855,377"
"S3";"iTLB-load-misses";"4,439,842"
"S3";"branch-loads";"88,972,229,873"
"S3";"branch-load-misses";"2,823,078,285"
" ";"seconds time elapsed";"126.466413447";" "
