Performance,counter,stats,for,'./bwa,mem,-t,8,/tmp/data/indexes/HG_index_BWA_default/hsapiens_v37.fa,"/tmp/data/datasets/NIST7086_CGTACTAG_L002_R2_001.fastq':
"
"S0";"cache-misses";"7,274,509,679"
"S0";"cycles";"3,412,533,369,546"
"S0";"instructions";"2,843,968,143,069"
"S0";"cs";"2,780,312"
"S0";"migrations";"656"
"S0";"faults";"205,535"
"S0";"bus-cycles";"138,323,181,946"
"S0";"idle-cycles-frontend";"6,097,609,654,827"
"S0";"idle-cycles-backend";"5,820,580,970,356"
"S0";"L1-dcache-loads";"599,203,166,335"
"S0";"L1-dcache-load-misses";"17,522,522,988"
"S0";"L1-dcache-stores";"293,812,737,551"
"S0";"L1-dcache-store-misses";"1,576,209,810"
"S0";"L1-dcache-prefetch-misses";"11,486,065,435"
"S0";"L1-icache-load-misses";"3,104,260,510"
"S0";"LLC-loads";"10,595,755,754"
"S0";"LLC-stores";"380,215,263"
"S0";"LLC-prefetches";"793,883,208"
"S0";"dTLB-loads";"602,572,938,625"
"S0";"dTLB-load-misses";"6,536,605,894"
"S0";"dTLB-stores";"276,482,600,949"
"S0";"dTLB-store-misses";"119,810,400"
"S0";"iTLB-loads";"99,799,763"
"S0";"iTLB-load-misses";"35,035,514"
"S0";"branch-loads";"221,013,514,198"
"S0";"branch-load-misses";"12,301,842,153"
"S1";"cache-misses";"7,812,442,322"
"S1";"cycles";"3,521,323,331,074"
"S1";"instructions";"2,896,148,274,415"
"S1";"cs";"2,974,912"
"S1";"migrations";"881"
"S1";"faults";"123,841"
"S1";"bus-cycles";"134,885,108,143"
"S1";"idle-cycles-frontend";"5,838,468,530,878"
"S1";"idle-cycles-backend";"5,343,939,087,627"
"S1";"L1-dcache-loads";"589,951,454,590"
"S1";"L1-dcache-load-misses";"17,828,601,397"
"S1";"L1-dcache-stores";"289,505,897,136"
"S1";"L1-dcache-store-misses";"1,644,174,389"
"S1";"L1-dcache-prefetch-misses";"11,558,781,677"
"S1";"L1-icache-load-misses";"3,294,173,146"
"S1";"LLC-loads";"10,705,342,323"
"S1";"LLC-stores";"393,993,456"
"S1";"LLC-prefetches";"893,482,842"
"S1";"dTLB-loads";"602,117,684,498"
"S1";"dTLB-load-misses";"6,753,368,162"
"S1";"dTLB-stores";"294,217,818,275"
"S1";"dTLB-store-misses";"144,838,785"
"S1";"iTLB-loads";"113,359,313"
"S1";"iTLB-load-misses";"41,953,707"
"S1";"branch-loads";"243,001,010,828"
"S1";"branch-load-misses";"13,075,067,244"
"S2";"cache-misses";"9,242,796,090"
"S2";"cycles";"3,535,446,352,724"
"S2";"instructions";"3,469,271,787,444"
"S2";"cs";"3,182,391"
"S2";"migrations";"611"
"S2";"faults";"110,947"
"S2";"bus-cycles";"140,929,073,957"
"S2";"idle-cycles-frontend";"5,930,418,370,308"
"S2";"idle-cycles-backend";"5,430,051,225,832"
"S2";"L1-dcache-loads";"696,394,960,141"
"S2";"L1-dcache-load-misses";"20,412,792,294"
"S2";"L1-dcache-stores";"333,352,506,175"
"S2";"L1-dcache-store-misses";"1,928,054,755"
"S2";"L1-dcache-prefetch-misses";"13,340,606,502"
"S2";"L1-icache-load-misses";"3,208,295,157"
"S2";"LLC-loads";"11,707,151,382"
"S2";"LLC-stores";"574,919,273"
"S2";"LLC-prefetches";"889,357,643"
"S2";"dTLB-loads";"636,539,190,418"
"S2";"dTLB-load-misses";"7,250,386,499"
"S2";"dTLB-stores";"324,624,345,018"
"S2";"dTLB-store-misses";"154,524,506"
"S2";"iTLB-loads";"119,860,655"
"S2";"iTLB-load-misses";"39,798,870"
"S2";"branch-loads";"279,312,283,384"
"S2";"branch-load-misses";"15,538,688,969"
"S3";"cache-misses";"8,043,067,153"
"S3";"cycles";"3,486,799,574,129"
"S3";"instructions";"2,891,045,682,868"
"S3";"cs";"3,458,398"
"S3";"migrations";"1,290"
"S3";"faults";"196,327"
"S3";"bus-cycles";"130,998,534,550"
"S3";"idle-cycles-frontend";"5,867,997,161,544"
"S3";"idle-cycles-backend";"5,408,891,847,007"
"S3";"L1-dcache-loads";"572,818,869,101"
"S3";"L1-dcache-load-misses";"18,064,289,097"
"S3";"L1-dcache-stores";"287,757,713,693"
"S3";"L1-dcache-store-misses";"1,891,643,503"
"S3";"L1-dcache-prefetch-misses";"11,221,046,007"
"S3";"L1-icache-load-misses";"3,402,634,597"
"S3";"LLC-loads";"10,715,497,869"
"S3";"LLC-stores";"487,178,244"
"S3";"LLC-prefetches";"1,114,923,898"
"S3";"dTLB-loads";"604,915,909,763"
"S3";"dTLB-load-misses";"6,828,777,703"
"S3";"dTLB-stores";"295,345,138,905"
"S3";"dTLB-store-misses";"172,379,549"
"S3";"iTLB-loads";"119,386,731"
"S3";"iTLB-load-misses";"43,056,520"
"S3";"branch-loads";"253,945,140,099"
"S3";"branch-load-misses";"13,515,210,229"
" ";"seconds time elapsed";"669.682238927";" "
Performance,counter,stats,for,'./bwa,mem,-t,16,/tmp/data/indexes/HG_index_BWA_default/hsapiens_v37.fa,"/tmp/data/datasets/NIST7086_CGTACTAG_L002_R2_001.fastq':
"
"S0";"cache-misses";"7,579,646,743"
"S0";"cycles";"3,459,757,037,374"
"S0";"instructions";"2,661,834,399,091"
"S0";"cs";"3,664,728"
"S0";"migrations";"914"
"S0";"faults";"258,545"
"S0";"bus-cycles";"137,683,097,606"
"S0";"idle-cycles-frontend";"5,877,315,349,983"
"S0";"idle-cycles-backend";"5,572,615,212,718"
"S0";"L1-dcache-loads";"534,878,076,832"
"S0";"L1-dcache-load-misses";"17,925,743,013"
"S0";"L1-dcache-stores";"286,408,249,200"
"S0";"L1-dcache-store-misses";"2,180,785,719"
"S0";"L1-dcache-prefetch-misses";"11,287,788,533"
"S0";"L1-icache-load-misses";"3,588,965,078"
"S0";"LLC-loads";"10,768,640,614"
"S0";"LLC-stores";"708,309,250"
"S0";"LLC-prefetches";"1,400,004,634"
"S0";"dTLB-loads";"619,479,324,931"
"S0";"dTLB-load-misses";"7,077,002,449"
"S0";"dTLB-stores";"298,536,613,477"
"S0";"dTLB-store-misses";"187,513,167"
"S0";"iTLB-loads";"135,899,993"
"S0";"iTLB-load-misses";"69,039,206"
"S0";"branch-loads";"255,863,468,180"
"S0";"branch-load-misses";"12,567,773,755"
"S1";"cache-misses";"8,233,775,448"
"S1";"cycles";"3,714,140,136,616"
"S1";"instructions";"3,055,894,344,988"
"S1";"cs";"3,040,536"
"S1";"migrations";"432"
"S1";"faults";"98,765"
"S1";"bus-cycles";"148,871,480,671"
"S1";"idle-cycles-frontend";"6,077,960,360,484"
"S1";"idle-cycles-backend";"5,676,351,174,801"
"S1";"L1-dcache-loads";"544,563,047,653"
"S1";"L1-dcache-load-misses";"16,549,000,451"
"S1";"L1-dcache-stores";"276,974,181,153"
"S1";"L1-dcache-store-misses";"1,430,663,855"
"S1";"L1-dcache-prefetch-misses";"11,114,069,448"
"S1";"L1-icache-load-misses";"3,097,398,244"
"S1";"LLC-loads";"10,500,728,681"
"S1";"LLC-stores";"412,317,082"
"S1";"LLC-prefetches";"770,607,726"
"S1";"dTLB-loads";"595,628,218,655"
"S1";"dTLB-load-misses";"6,768,854,994"
"S1";"dTLB-stores";"291,318,248,768"
"S1";"dTLB-store-misses";"135,996,878"
"S1";"iTLB-loads";"122,652,840"
"S1";"iTLB-load-misses";"69,757,917"
"S1";"branch-loads";"254,805,485,202"
"S1";"branch-load-misses";"14,645,171,346"
"S2";"cache-misses";"9,270,179,377"
"S2";"cycles";"3,467,426,073,155"
"S2";"instructions";"3,301,693,872,000"
"S2";"cs";"3,064,733"
"S2";"migrations";"511"
"S2";"faults";"160,873"
"S2";"bus-cycles";"138,704,607,574"
"S2";"idle-cycles-frontend";"5,845,264,141,019"
"S2";"idle-cycles-backend";"5,380,273,788,696"
"S2";"L1-dcache-loads";"669,290,301,561"
"S2";"L1-dcache-load-misses";"21,261,756,205"
"S2";"L1-dcache-stores";"342,939,033,377"
"S2";"L1-dcache-store-misses";"1,960,485,281"
"S2";"L1-dcache-prefetch-misses";"13,594,627,372"
"S2";"L1-icache-load-misses";"3,381,778,014"
"S2";"LLC-loads";"12,359,178,230"
"S2";"LLC-stores";"623,777,644"
"S2";"LLC-prefetches";"963,898,787"
"S2";"dTLB-loads";"712,578,925,099"
"S2";"dTLB-load-misses";"7,925,310,067"
"S2";"dTLB-stores";"360,031,519,468"
"S2";"dTLB-store-misses";"136,071,932"
"S2";"iTLB-loads";"136,394,436"
"S2";"iTLB-load-misses";"69,301,857"
"S2";"branch-loads";"296,203,658,080"
"S2";"branch-load-misses";"16,009,565,509"
"S3";"cache-misses";"7,932,190,319"
"S3";"cycles";"3,617,649,551,346"
"S3";"instructions";"2,959,462,513,224"
"S3";"cs";"3,105,968"
"S3";"migrations";"723"
"S3";"faults";"247,083"
"S3";"bus-cycles";"147,347,644,703"
"S3";"idle-cycles-frontend";"6,196,694,397,016"
"S3";"idle-cycles-backend";"5,716,317,216,662"
"S3";"L1-dcache-loads";"601,695,244,769"
"S3";"L1-dcache-load-misses";"18,870,333,704"
"S3";"L1-dcache-stores";"303,205,340,019"
"S3";"L1-dcache-store-misses";"1,640,343,300"
"S3";"L1-dcache-prefetch-misses";"11,403,116,223"
"S3";"L1-icache-load-misses";"3,182,952,063"
"S3";"LLC-loads";"10,227,792,600"
"S3";"LLC-stores";"426,228,880"
"S3";"LLC-prefetches";"823,375,325"
"S3";"dTLB-loads";"555,076,910,202"
"S3";"dTLB-load-misses";"6,235,435,576"
"S3";"dTLB-stores";"281,455,256,149"
"S3";"dTLB-store-misses";"128,643,061"
"S3";"iTLB-loads";"121,211,585"
"S3";"iTLB-load-misses";"65,539,511"
"S3";"branch-loads";"248,542,518,485"
"S3";"branch-load-misses";"13,872,825,491"
" ";"seconds time elapsed";"365.778757497";" "
Performance,counter,stats,for,'./bwa,mem,-t,32,/tmp/data/indexes/HG_index_BWA_default/hsapiens_v37.fa,"/tmp/data/datasets/NIST7086_CGTACTAG_L002_R2_001.fastq':
"
"S0";"cache-misses";"7,210,201,029"
"S0";"cycles";"3,553,677,056,985"
"S0";"instructions";"2,571,696,160,986"
"S0";"cs";"3,004,116"
"S0";"migrations";"16,586"
"S0";"faults";"262,822"
"S0";"bus-cycles";"169,751,206,383"
"S0";"idle-cycles-frontend";"5,759,567,240,626"
"S0";"idle-cycles-backend";"5,349,302,061,194"
"S0";"L1-dcache-loads";"505,658,188,751"
"S0";"L1-dcache-load-misses";"16,737,974,552"
"S0";"L1-dcache-stores";"269,867,277,925"
"S0";"L1-dcache-store-misses";"1,624,895,759"
"S0";"L1-dcache-prefetch-misses";"10,675,790,158"
"S0";"L1-icache-load-misses";"3,650,187,359"
"S0";"LLC-loads";"10,147,181,930"
"S0";"LLC-stores";"514,642,613"
"S0";"LLC-prefetches";"822,441,440"
"S0";"dTLB-loads";"571,044,153,052"
"S0";"dTLB-load-misses";"6,350,981,799"
"S0";"dTLB-stores";"277,364,378,484"
"S0";"dTLB-store-misses";"137,330,794"
"S0";"iTLB-loads";"231,597,446"
"S0";"iTLB-load-misses";"169,120,044"
"S0";"branch-loads";"223,279,181,347"
"S0";"branch-load-misses";"12,460,898,396"
"S1";"cache-misses";"7,573,793,496"
"S1";"cycles";"3,874,521,112,534"
"S1";"instructions";"2,778,931,151,811"
"S1";"cs";"3,239,981"
"S1";"migrations";"3,854"
"S1";"faults";"164,358"
"S1";"bus-cycles";"168,750,756,688"
"S1";"idle-cycles-frontend";"6,553,678,203,861"
"S1";"idle-cycles-backend";"6,134,815,549,482"
"S1";"L1-dcache-loads";"550,709,996,130"
"S1";"L1-dcache-load-misses";"17,539,942,414"
"S1";"L1-dcache-stores";"284,361,337,711"
"S1";"L1-dcache-store-misses";"1,543,682,969"
"S1";"L1-dcache-prefetch-misses";"11,441,626,092"
"S1";"L1-icache-load-misses";"3,371,744,140"
"S1";"LLC-loads";"10,694,820,402"
"S1";"LLC-stores";"416,109,952"
"S1";"LLC-prefetches";"797,415,967"
"S1";"dTLB-loads";"601,683,861,539"
"S1";"dTLB-load-misses";"6,679,987,245"
"S1";"dTLB-stores";"291,770,778,804"
"S1";"dTLB-store-misses";"131,207,110"
"S1";"iTLB-loads";"132,033,172"
"S1";"iTLB-load-misses";"142,950,531"
"S1";"branch-loads";"241,010,513,751"
"S1";"branch-load-misses";"13,536,090,355"
"S2";"cache-misses";"10,587,987,799"
"S2";"cycles";"4,000,515,125,858"
"S2";"instructions";"3,595,489,290,005"
"S2";"cs";"3,662,735"
"S2";"migrations";"10,218"
"S2";"faults";"346,216"
"S2";"bus-cycles";"169,286,317,193"
"S2";"idle-cycles-frontend";"6,163,946,716,407"
"S2";"idle-cycles-backend";"5,675,271,965,108"
"S2";"L1-dcache-loads";"678,288,415,094"
"S2";"L1-dcache-load-misses";"22,130,965,527"
"S2";"L1-dcache-stores";"352,805,064,177"
"S2";"L1-dcache-store-misses";"2,350,912,782"
"S2";"L1-dcache-prefetch-misses";"14,594,050,775"
"S2";"L1-icache-load-misses";"4,034,267,944"
"S2";"LLC-loads";"13,892,614,510"
"S2";"LLC-stores";"831,580,695"
"S2";"LLC-prefetches";"1,261,628,960"
"S2";"dTLB-loads";"789,652,363,831"
"S2";"dTLB-load-misses";"8,877,546,395"
"S2";"dTLB-stores";"392,398,289,173"
"S2";"dTLB-store-misses";"180,382,285"
"S2";"iTLB-loads";"222,109,758"
"S2";"iTLB-load-misses";"173,994,533"
"S2";"branch-loads";"329,617,047,153"
"S2";"branch-load-misses";"17,896,678,620"
"S3";"cache-misses";"7,613,603,240"
"S3";"cycles";"3,820,168,982,599"
"S3";"instructions";"2,785,542,186,870"
"S3";"cs";"3,403,640"
"S3";"migrations";"9,043"
"S3";"faults";"401,683"
"S3";"bus-cycles";"171,519,448,063"
"S3";"idle-cycles-frontend";"6,397,321,613,301"
"S3";"idle-cycles-backend";"5,949,405,822,210"
"S3";"L1-dcache-loads";"569,826,613,534"
"S3";"L1-dcache-load-misses";"18,731,897,860"
"S3";"L1-dcache-stores";"292,824,133,188"
"S3";"L1-dcache-store-misses";"2,129,966,247"
"S3";"L1-dcache-prefetch-misses";"11,640,688,175"
"S3";"L1-icache-load-misses";"3,880,945,351"
"S3";"LLC-loads";"10,777,759,329"
"S3";"LLC-stores";"630,023,783"
"S3";"LLC-prefetches";"1,181,033,864"
"S3";"dTLB-loads";"614,496,968,531"
"S3";"dTLB-load-misses";"6,958,497,567"
"S3";"dTLB-stores";"306,006,709,638"
"S3";"dTLB-store-misses";"194,429,752"
"S3";"iTLB-loads";"194,630,840"
"S3";"iTLB-load-misses";"160,656,051"
"S3";"branch-loads";"247,772,832,751"
"S3";"branch-load-misses";"13,073,252,991"
" ";"seconds time elapsed";"231.092350017";" "
Performance,counter,stats,for,'./bwa,mem,-t,48,/tmp/data/indexes/HG_index_BWA_default/hsapiens_v37.fa,"/tmp/data/datasets/NIST7086_CGTACTAG_L002_R2_001.fastq':
"
"S0";"cache-misses";"8,652,919,566"
"S0";"cycles";"4,780,103,979,064"
"S0";"instructions";"2,779,612,475,701"
"S0";"cs";"2,817,010"
"S0";"migrations";"2,083"
"S0";"faults";"276,627"
"S0";"bus-cycles";"236,580,137,133"
"S0";"idle-cycles-frontend";"4,889,369,847,479"
"S0";"idle-cycles-backend";"4,122,132,098,257"
"S0";"L1-dcache-loads";"512,172,745,135"
"S0";"L1-dcache-load-misses";"19,728,034,564"
"S0";"L1-dcache-stores";"273,166,788,801"
"S0";"L1-dcache-store-misses";"2,550,912,313"
"S0";"L1-dcache-prefetch-misses";"12,390,016,238"
"S0";"L1-icache-load-misses";"4,339,197,717"
"S0";"LLC-loads";"11,525,652,283"
"S0";"LLC-stores";"917,338,693"
"S0";"LLC-prefetches";"1,542,067,920"
"S0";"dTLB-loads";"575,328,027,070"
"S0";"dTLB-load-misses";"6,651,759,876"
"S0";"dTLB-stores";"287,198,755,020"
"S0";"dTLB-store-misses";"479,909,168"
"S0";"iTLB-loads";"762,457,045"
"S0";"iTLB-load-misses";"435,609,142"
"S0";"branch-loads";"245,732,159,353"
"S0";"branch-load-misses";"13,437,689,993"
"S1";"cache-misses";"11,296,139,674"
"S1";"cycles";"5,077,658,494,441"
"S1";"instructions";"3,738,710,953,551"
"S1";"cs";"3,400,604"
"S1";"migrations";"1,932"
"S1";"faults";"415,256"
"S1";"bus-cycles";"224,668,943,682"
"S1";"idle-cycles-frontend";"5,449,755,125,830"
"S1";"idle-cycles-backend";"4,435,936,972,743"
"S1";"L1-dcache-loads";"707,741,085,819"
"S1";"L1-dcache-load-misses";"25,697,021,573"
"S1";"L1-dcache-stores";"361,903,121,175"
"S1";"L1-dcache-store-misses";"2,892,909,617"
"S1";"L1-dcache-prefetch-misses";"17,131,881,548"
"S1";"L1-icache-load-misses";"4,773,441,637"
"S1";"LLC-loads";"15,274,656,385"
"S1";"LLC-stores";"1,103,723,943"
"S1";"LLC-prefetches";"1,713,929,479"
"S1";"dTLB-loads";"745,334,285,417"
"S1";"dTLB-load-misses";"8,274,693,639"
"S1";"dTLB-stores";"382,891,526,244"
"S1";"dTLB-store-misses";"400,739,683"
"S1";"iTLB-loads";"1,085,992,889"
"S1";"iTLB-load-misses";"434,265,356"
"S1";"branch-loads";"322,936,266,561"
"S1";"branch-load-misses";"18,695,961,994"
"S2";"cache-misses";"8,693,514,289"
"S2";"cycles";"5,285,129,406,072"
"S2";"instructions";"2,847,254,006,384"
"S2";"cs";"2,985,026"
"S2";"migrations";"1,516"
"S2";"faults";"612,556"
"S2";"bus-cycles";"224,515,006,003"
"S2";"idle-cycles-frontend";"5,776,500,536,332"
"S2";"idle-cycles-backend";"4,963,886,302,109"
"S2";"L1-dcache-loads";"545,436,312,082"
"S2";"L1-dcache-load-misses";"19,886,577,017"
"S2";"L1-dcache-stores";"283,332,843,183"
"S2";"L1-dcache-store-misses";"2,358,400,899"
"S2";"L1-dcache-prefetch-misses";"12,722,196,278"
"S2";"L1-icache-load-misses";"4,037,605,345"
"S2";"LLC-loads";"11,713,604,131"
"S2";"LLC-stores";"800,211,939"
"S2";"LLC-prefetches";"1,520,490,290"
"S2";"dTLB-loads";"596,961,496,544"
"S2";"dTLB-load-misses";"6,590,874,279"
"S2";"dTLB-stores";"298,293,050,383"
"S2";"dTLB-store-misses";"215,915,975"
"S2";"iTLB-loads";"855,960,519"
"S2";"iTLB-load-misses";"433,473,597"
"S2";"branch-loads";"248,937,214,149"
"S2";"branch-load-misses";"13,701,133,074"
"S3";"cache-misses";"8,245,788,986"
"S3";"cycles";"5,004,261,088,933"
"S3";"instructions";"2,638,833,420,843"
"S3";"cs";"2,964,003"
"S3";"migrations";"1,878"
"S3";"faults";"398,883"
"S3";"bus-cycles";"224,142,813,272"
"S3";"idle-cycles-frontend";"5,220,125,161,052"
"S3";"idle-cycles-backend";"4,519,619,908,761"
"S3";"L1-dcache-loads";"505,505,084,959"
"S3";"L1-dcache-load-misses";"18,820,021,718"
"S3";"L1-dcache-stores";"268,480,739,023"
"S3";"L1-dcache-store-misses";"2,131,179,390"
"S3";"L1-dcache-prefetch-misses";"12,084,666,926"
"S3";"L1-icache-load-misses";"4,166,937,456"
"S3";"LLC-loads";"11,242,738,162"
"S3";"LLC-stores";"737,553,390"
"S3";"LLC-prefetches";"1,183,043,241"
"S3";"dTLB-loads";"541,667,663,923"
"S3";"dTLB-load-misses";"6,131,149,255"
"S3";"dTLB-stores";"270,990,687,890"
"S3";"dTLB-store-misses";"300,490,404"
"S3";"iTLB-loads";"769,448,851"
"S3";"iTLB-load-misses";"447,848,286"
"S3";"branch-loads";"233,223,458,876"
"S3";"branch-load-misses";"13,401,905,404"
" ";"seconds time elapsed";"215.171081799";" "
Performance,counter,stats,for,'./bwa,mem,-t,64,/tmp/data/indexes/HG_index_BWA_default/hsapiens_v37.fa,"/tmp/data/datasets/NIST7086_CGTACTAG_L002_R2_001.fastq':
"
"S0";"cache-misses";"7,936,804,488"
"S0";"cycles";"6,215,831,462,624"
"S0";"instructions";"2,457,810,903,304"
"S0";"cs";"2,295,429"
"S0";"migrations";"30,323"
"S0";"faults";"714,790"
"S0";"bus-cycles";"303,529,255,295"
"S0";"idle-cycles-frontend";"5,610,835,430,198"
"S0";"idle-cycles-backend";"4,753,689,246,917"
"S0";"L1-dcache-loads";"472,201,830,118"
"S0";"L1-dcache-load-misses";"18,443,557,760"
"S0";"L1-dcache-stores";"237,960,901,280"
"S0";"L1-dcache-store-misses";"2,575,676,435"
"S0";"L1-dcache-prefetch-misses";"11,075,104,067"
"S0";"L1-icache-load-misses";"4,505,439,661"
"S0";"LLC-loads";"10,647,150,610"
"S0";"LLC-stores";"903,909,232"
"S0";"LLC-prefetches";"1,533,805,426"
"S0";"dTLB-loads";"511,651,611,576"
"S0";"dTLB-load-misses";"5,817,157,165"
"S0";"dTLB-stores";"259,581,232,422"
"S0";"dTLB-store-misses";"364,450,683"
"S0";"iTLB-loads";"810,793,113"
"S0";"iTLB-load-misses";"551,029,249"
"S0";"branch-loads";"223,350,827,524"
"S0";"branch-load-misses";"11,928,350,249"
"S1";"cache-misses";"8,864,776,178"
"S1";"cycles";"5,932,735,909,259"
"S1";"instructions";"2,854,746,362,711"
"S1";"cs";"2,661,039"
"S1";"migrations";"34,381"
"S1";"faults";"695,488"
"S1";"bus-cycles";"300,429,085,896"
"S1";"idle-cycles-frontend";"5,184,880,115,845"
"S1";"idle-cycles-backend";"4,210,195,186,931"
"S1";"L1-dcache-loads";"545,653,935,867"
"S1";"L1-dcache-load-misses";"20,617,741,005"
"S1";"L1-dcache-stores";"275,688,017,325"
"S1";"L1-dcache-store-misses";"2,453,032,826"
"S1";"L1-dcache-prefetch-misses";"12,663,977,278"
"S1";"L1-icache-load-misses";"4,297,478,911"
"S1";"LLC-loads";"11,584,387,449"
"S1";"LLC-stores";"894,200,495"
"S1";"LLC-prefetches";"1,613,944,118"
"S1";"dTLB-loads";"572,686,525,657"
"S1";"dTLB-load-misses";"6,132,246,136"
"S1";"dTLB-stores";"286,083,685,601"
"S1";"dTLB-store-misses";"297,641,303"
"S1";"iTLB-loads";"1,334,048,254"
"S1";"iTLB-load-misses";"417,126,063"
"S1";"branch-loads";"248,209,658,382"
"S1";"branch-load-misses";"13,941,844,975"
"S2";"cache-misses";"8,942,361,351"
"S2";"cycles";"6,032,810,600,083"
"S2";"instructions";"2,881,550,790,462"
"S2";"cs";"2,627,974"
"S2";"migrations";"33,015"
"S2";"faults";"472,383"
"S2";"bus-cycles";"300,769,270,953"
"S2";"idle-cycles-frontend";"5,355,190,800,499"
"S2";"idle-cycles-backend";"4,344,720,325,639"
"S2";"L1-dcache-loads";"556,264,288,739"
"S2";"L1-dcache-load-misses";"20,958,779,967"
"S2";"L1-dcache-stores";"285,123,390,723"
"S2";"L1-dcache-store-misses";"2,445,506,116"
"S2";"L1-dcache-prefetch-misses";"13,544,484,313"
"S2";"L1-icache-load-misses";"4,496,685,128"
"S2";"LLC-loads";"12,373,284,216"
"S2";"LLC-stores";"878,713,388"
"S2";"LLC-prefetches";"1,564,633,421"
"S2";"dTLB-loads";"583,918,894,589"
"S2";"dTLB-load-misses";"6,324,848,102"
"S2";"dTLB-stores";"290,724,500,654"
"S2";"dTLB-store-misses";"219,536,623"
"S2";"iTLB-loads";"1,232,875,672"
"S2";"iTLB-load-misses";"437,678,755"
"S2";"branch-loads";"247,944,846,395"
"S2";"branch-load-misses";"14,023,476,299"
"S3";"cache-misses";"12,142,697,603"
"S3";"cycles";"5,434,412,710,633"
"S3";"instructions";"3,807,651,454,778"
"S3";"cs";"2,729,067"
"S3";"migrations";"44,411"
"S3";"faults";"455,896"
"S3";"bus-cycles";"289,653,986,418"
"S3";"idle-cycles-frontend";"4,515,378,092,049"
"S3";"idle-cycles-backend";"3,256,203,324,133"
"S3";"L1-dcache-loads";"727,446,691,809"
"S3";"L1-dcache-load-misses";"27,446,402,948"
"S3";"L1-dcache-stores";"369,303,345,592"
"S3";"L1-dcache-store-misses";"3,036,456,161"
"S3";"L1-dcache-prefetch-misses";"18,255,154,886"
"S3";"L1-icache-load-misses";"4,917,389,868"
"S3";"LLC-loads";"15,961,215,339"
"S3";"LLC-stores";"1,266,341,659"
"S3";"LLC-prefetches";"2,163,444,345"
"S3";"dTLB-loads";"811,133,983,850"
"S3";"dTLB-load-misses";"8,706,470,147"
"S3";"dTLB-stores";"400,470,126,247"
"S3";"dTLB-store-misses";"335,798,704"
"S3";"iTLB-loads";"1,800,626,203"
"S3";"iTLB-load-misses";"553,153,695"
"S3";"branch-loads";"325,349,387,688"
"S3";"branch-load-misses";"18,933,359,672"
" ";"seconds time elapsed";"248.698802432";" "
