Performance,counter,stats,for,'./snap-aligner,single,/tmp/data/indexes/HG_index_snap,/tmp/data/datasets/NIST7086_CGTACTAG_L002_R2_001.fastq,-t,8,-o,"/scratch/077-hpca4se-bioinf/jlenis/results/SNAP-Scalability/2592631.SNAP-Scalability.batman.t8.sam':
"
"S0";"cache-misses";"5,370,644,699"
"S0";"cycles";"3,427,766,847,728"
"S0";"instructions";"2,367,330,082,150"
"S0";"cs";"180,294"
"S0";"migrations";"6,164"
"S0";"faults";"1,426,393"
"S0";"supported>";"<not"
"S0";"idle-cycles-frontend";"1,023,638,589,791"
"S0";"idle-cycles-backend";"448,923,081,865"
"S0";"L1-dcache-loads";"1,150,535,096,263"
"S0";"L1-dcache-load-misses";"16,263,381,910"
"S0";"L1-dcache-stores";"18,630,973,830"
"S0";"supported>";"<not"
"S0";"L1-dcache-prefetch-misses";"0"
"S0";"L1-icache-load-misses";"5,043,837,917"
"S0";"LLC-loads";"24,379,545,290"
"S0";"LLC-stores";"6,970,044,901"
"S0";"supported>";"<not"
"S0";"dTLB-loads";"1,162,015,558,332"
"S0";"dTLB-load-misses";"629,889,489"
"S0";"supported>";"<not"
"S0";"supported>";"<not"
"S0";"iTLB-loads";"875,668,524,579"
"S0";"iTLB-load-misses";"1,008,964"
"S0";"branch-loads";"358,878,043,777"
"S0";"branch-load-misses";"25,546,903,306"
"S1";"cache-misses";"235,855,751"
"S1";"cycles";"65,473,033,418"
"S1";"instructions";"14,514,439,173"
"S1";"cs";"86,426"
"S1";"migrations";"4,707"
"S1";"faults";"20,136"
"S1";"supported>";"<not"
"S1";"idle-cycles-frontend";"507,011,066,006"
"S1";"idle-cycles-backend";"33,359,973,492"
"S1";"L1-dcache-loads";"9,327,574,965"
"S1";"L1-dcache-load-misses";"427,953,174"
"S1";"L1-dcache-stores";"507,215,017"
"S1";"supported>";"<not"
"S1";"L1-dcache-prefetch-misses";"0"
"S1";"L1-icache-load-misses";"228,883,986"
"S1";"LLC-loads";"632,452,144"
"S1";"LLC-stores";"370,496,926"
"S1";"supported>";"<not"
"S1";"dTLB-loads";"5,921,982,040"
"S1";"dTLB-load-misses";"144,233"
"S1";"supported>";"<not"
"S1";"supported>";"<not"
"S1";"iTLB-loads";"2,841,731,617"
"S1";"iTLB-load-misses";"69,642"
"S1";"branch-loads";"1,979,871,696"
"S1";"branch-load-misses";"23,696,226"
"S2";"cache-misses";"173,323,422"
"S2";"cycles";"53,350,873,625"
"S2";"instructions";"11,533,808,380"
"S2";"cs";"80,178"
"S2";"migrations";"838"
"S2";"faults";"19,207"
"S2";"supported>";"<not"
"S2";"idle-cycles-frontend";"341,904,231,067"
"S2";"idle-cycles-backend";"24,765,975,692"
"S2";"L1-dcache-loads";"6,068,374,119"
"S2";"L1-dcache-load-misses";"273,292,506"
"S2";"L1-dcache-stores";"295,317,624"
"S2";"supported>";"<not"
"S2";"L1-dcache-prefetch-misses";"0"
"S2";"L1-icache-load-misses";"178,445,630"
"S2";"LLC-loads";"416,408,637"
"S2";"LLC-stores";"230,584,621"
"S2";"supported>";"<not"
"S2";"dTLB-loads";"5,873,318,689"
"S2";"dTLB-load-misses";"123,131"
"S2";"supported>";"<not"
"S2";"supported>";"<not"
"S2";"iTLB-loads";"3,704,205,601"
"S2";"iTLB-load-misses";"85,060"
"S2";"branch-loads";"2,351,577,831"
"S2";"branch-load-misses";"25,991,711"
"S3";"cache-misses";"626,796,418"
"S3";"cycles";"379,233,838,459"
"S3";"instructions";"212,157,945,393"
"S3";"cs";"160,501"
"S3";"migrations";"3,931"
"S3";"faults";"46,088"
"S3";"supported>";"<not"
"S3";"idle-cycles-frontend";"773,060,170,468"
"S3";"idle-cycles-backend";"237,599,874,617"
"S3";"L1-dcache-loads";"97,199,290,422"
"S3";"L1-dcache-load-misses";"3,124,400,968"
"S3";"L1-dcache-stores";"4,797,434,734"
"S3";"supported>";"<not"
"S3";"L1-dcache-prefetch-misses";"0"
"S3";"L1-icache-load-misses";"723,409,598"
"S3";"LLC-loads";"5,723,700,248"
"S3";"LLC-stores";"2,448,603,403"
"S3";"supported>";"<not"
"S3";"dTLB-loads";"91,515,876,281"
"S3";"dTLB-load-misses";"6,861,414"
"S3";"supported>";"<not"
"S3";"supported>";"<not"
"S3";"iTLB-loads";"51,611,921,560"
"S3";"iTLB-load-misses";"730,117"
"S3";"branch-loads";"38,438,590,658"
"S3";"branch-load-misses";"259,172,269"
" ";"seconds time elapsed";"472.863883257";" "
Performance,counter,stats,for,'./snap-aligner,single,/tmp/data/indexes/HG_index_snap,/tmp/data/datasets/NIST7086_CGTACTAG_L002_R2_001.fastq,-t,16,-o,"/scratch/077-hpca4se-bioinf/jlenis/results/SNAP-Scalability/2592631.SNAP-Scalability.batman.t16.sam':
"
"S0";"cache-misses";"4,937,576,500"
"S0";"cycles";"2,543,681,695,039"
"S0";"instructions";"2,081,132,017,126"
"S0";"cs";"180,887"
"S0";"migrations";"1,707"
"S0";"faults";"1,450,916"
"S0";"supported>";"<not"
"S0";"idle-cycles-frontend";"665,633,142,672"
"S0";"idle-cycles-backend";"164,189,626,579"
"S0";"L1-dcache-loads";"919,915,787,967"
"S0";"L1-dcache-load-misses";"12,232,359,976"
"S0";"L1-dcache-stores";"13,637,950,611"
"S0";"supported>";"<not"
"S0";"L1-dcache-prefetch-misses";"0"
"S0";"L1-icache-load-misses";"4,845,212,683"
"S0";"LLC-loads";"19,067,438,684"
"S0";"LLC-stores";"5,068,773,839"
"S0";"supported>";"<not"
"S0";"dTLB-loads";"947,844,824,320"
"S0";"dTLB-load-misses";"654,967,615"
"S0";"supported>";"<not"
"S0";"supported>";"<not"
"S0";"iTLB-loads";"824,154,417,658"
"S0";"iTLB-load-misses";"1,467,116"
"S0";"branch-loads";"309,306,645,291"
"S0";"branch-load-misses";"25,647,498,928"
"S1";"cache-misses";"531,191,009"
"S1";"cycles";"1,852,147,690,488"
"S1";"instructions";"1,017,748,654,716"
"S1";"cs";"281,082"
"S1";"migrations";"1,262"
"S1";"faults";"41,077"
"S1";"supported>";"<not"
"S1";"idle-cycles-frontend";"2,392,194,405,476"
"S1";"idle-cycles-backend";"1,384,303,942,661"
"S1";"L1-dcache-loads";"416,668,080,609"
"S1";"L1-dcache-load-misses";"15,779,172,196"
"S1";"L1-dcache-stores";"18,418,776,356"
"S1";"supported>";"<not"
"S1";"L1-dcache-prefetch-misses";"0"
"S1";"L1-icache-load-misses";"509,225,771"
"S1";"LLC-loads";"18,339,934,689"
"S1";"LLC-stores";"6,559,727,808"
"S1";"supported>";"<not"
"S1";"dTLB-loads";"418,430,634,782"
"S1";"dTLB-load-misses";"39,150,494"
"S1";"supported>";"<not"
"S1";"supported>";"<not"
"S1";"iTLB-loads";"234,839,314,845"
"S1";"iTLB-load-misses";"99,564"
"S1";"branch-loads";"172,656,503,108"
"S1";"branch-load-misses";"548,880,578"
"S2";"cache-misses";"125,573,736"
"S2";"cycles";"45,131,463,095"
"S2";"instructions";"9,760,763,143"
"S2";"cs";"108,874"
"S2";"migrations";"1,937"
"S2";"faults";"40,110"
"S2";"supported>";"<not"
"S2";"idle-cycles-frontend";"324,749,876,674"
"S2";"idle-cycles-backend";"17,072,273,236"
"S2";"L1-dcache-loads";"5,000,012,246"
"S2";"L1-dcache-load-misses";"222,548,387"
"S2";"L1-dcache-stores";"246,499,457"
"S2";"supported>";"<not"
"S2";"L1-dcache-prefetch-misses";"0"
"S2";"L1-icache-load-misses";"129,651,481"
"S2";"LLC-loads";"355,182,025"
"S2";"LLC-stores";"228,897,179"
"S2";"supported>";"<not"
"S2";"dTLB-loads";"4,851,577,540"
"S2";"dTLB-load-misses";"157,133"
"S2";"supported>";"<not"
"S2";"supported>";"<not"
"S2";"iTLB-loads";"2,618,588,437"
"S2";"iTLB-load-misses";"163,615"
"S2";"branch-loads";"1,689,799,195"
"S2";"branch-load-misses";"32,562,919"
"S3";"cache-misses";"796,010,942"
"S3";"cycles";"106,700,086,719"
"S3";"instructions";"36,799,292,710"
"S3";"cs";"154,783"
"S3";"migrations";"3,587"
"S3";"faults";"78,631"
"S3";"supported>";"<not"
"S3";"idle-cycles-frontend";"501,927,968,196"
"S3";"idle-cycles-backend";"28,906,304,600"
"S3";"L1-dcache-loads";"21,068,850,986"
"S3";"L1-dcache-load-misses";"985,042,713"
"S3";"L1-dcache-stores";"1,193,500,450"
"S3";"supported>";"<not"
"S3";"L1-dcache-prefetch-misses";"0"
"S3";"L1-icache-load-misses";"734,378,010"
"S3";"LLC-loads";"1,716,203,152"
"S3";"LLC-stores";"445,685,268"
"S3";"supported>";"<not"
"S3";"dTLB-loads";"19,065,355,705"
"S3";"dTLB-load-misses";"1,930,305"
"S3";"supported>";"<not"
"S3";"supported>";"<not"
"S3";"iTLB-loads";"12,257,450,886"
"S3";"iTLB-load-misses";"909,600"
"S3";"branch-loads";"7,794,269,321"
"S3";"branch-load-misses";"282,594,971"
" ";"seconds time elapsed";"898.658662106";" "
Performance,counter,stats,for,'./snap-aligner,single,/tmp/data/indexes/HG_index_snap,/tmp/data/datasets/NIST7086_CGTACTAG_L002_R2_001.fastq,-t,32,-o,"/scratch/077-hpca4se-bioinf/jlenis/results/SNAP-Scalability/2592631.SNAP-Scalability.batman.t32.sam':
"
"S0";"cache-misses";"2,811,353,777"
"S0";"cycles";"2,364,692,095,626"
"S0";"instructions";"1,589,214,548,970"
"S0";"cs";"263,958"
"S0";"migrations";"1,923"
"S0";"faults";"732,362"
"S0";"supported>";"<not"
"S0";"idle-cycles-frontend";"1,252,172,454,519"
"S0";"idle-cycles-backend";"717,141,238,612"
"S0";"L1-dcache-loads";"718,584,669,133"
"S0";"L1-dcache-load-misses";"13,516,849,346"
"S0";"L1-dcache-stores";"15,770,891,186"
"S0";"supported>";"<not"
"S0";"L1-dcache-prefetch-misses";"0"
"S0";"L1-icache-load-misses";"2,746,113,834"
"S0";"LLC-loads";"18,215,182,032"
"S0";"LLC-stores";"4,540,989,268"
"S0";"supported>";"<not"
"S0";"dTLB-loads";"699,249,743,875"
"S0";"dTLB-load-misses";"292,072,724"
"S0";"supported>";"<not"
"S0";"supported>";"<not"
"S0";"iTLB-loads";"510,877,478,331"
"S0";"iTLB-load-misses";"1,281,521"
"S0";"branch-loads";"238,111,519,941"
"S0";"branch-load-misses";"12,784,744,277"
"S1";"cache-misses";"2,990,293,208"
"S1";"cycles";"1,482,753,820,213"
"S1";"instructions";"1,044,758,937,322"
"S1";"cs";"89,570"
"S1";"migrations";"763"
"S1";"faults";"725,180"
"S1";"supported>";"<not"
"S1";"idle-cycles-frontend";"306,645,245,073"
"S1";"idle-cycles-backend";"165,738,685,361"
"S1";"L1-dcache-loads";"477,772,517,791"
"S1";"L1-dcache-load-misses";"6,709,919,117"
"S1";"L1-dcache-stores";"7,660,409,045"
"S1";"supported>";"<not"
"S1";"L1-dcache-prefetch-misses";"0"
"S1";"L1-icache-load-misses";"3,059,797,098"
"S1";"LLC-loads";"10,807,946,968"
"S1";"LLC-stores";"2,782,628,873"
"S1";"supported>";"<not"
"S1";"dTLB-loads";"482,659,571,512"
"S1";"dTLB-load-misses";"282,390,327"
"S1";"supported>";"<not"
"S1";"supported>";"<not"
"S1";"iTLB-loads";"413,656,626,300"
"S1";"iTLB-load-misses";"1,461,161"
"S1";"branch-loads";"154,202,725,326"
"S1";"branch-load-misses";"12,819,509,658"
"S2";"cache-misses";"128,818,313"
"S2";"cycles";"46,104,363,364"
"S2";"instructions";"10,151,965,631"
"S2";"cs";"115,322"
"S2";"migrations";"2,609"
"S2";"faults";"22,321"
"S2";"supported>";"<not"
"S2";"idle-cycles-frontend";"287,474,259,067"
"S2";"idle-cycles-backend";"15,987,628,655"
"S2";"L1-dcache-loads";"4,754,140,850"
"S2";"L1-dcache-load-misses";"210,063,423"
"S2";"L1-dcache-stores";"225,173,342"
"S2";"supported>";"<not"
"S2";"L1-dcache-prefetch-misses";"0"
"S2";"L1-icache-load-misses";"110,036,467"
"S2";"LLC-loads";"338,705,476"
"S2";"LLC-stores";"235,971,968"
"S2";"supported>";"<not"
"S2";"dTLB-loads";"4,605,622,044"
"S2";"dTLB-load-misses";"132,779"
"S2";"supported>";"<not"
"S2";"supported>";"<not"
"S2";"iTLB-loads";"2,469,976,544"
"S2";"iTLB-load-misses";"168,555"
"S2";"branch-loads";"1,746,410,980"
"S2";"branch-load-misses";"29,025,064"
"S3";"cache-misses";"494,102,285"
"S3";"cycles";"130,197,885,547"
"S3";"instructions";"45,957,958,124"
"S3";"cs";"120,292"
"S3";"migrations";"2,949"
"S3";"faults";"47,028"
"S3";"supported>";"<not"
"S3";"idle-cycles-frontend";"410,354,674,441"
"S3";"idle-cycles-backend";"71,622,200,844"
"S3";"L1-dcache-loads";"27,018,502,183"
"S3";"L1-dcache-load-misses";"1,043,575,171"
"S3";"L1-dcache-stores";"2,029,167,894"
"S3";"supported>";"<not"
"S3";"L1-dcache-prefetch-misses";"0"
"S3";"L1-icache-load-misses";"598,383,098"
"S3";"LLC-loads";"2,607,274,102"
"S3";"LLC-stores";"1,326,764,393"
"S3";"supported>";"<not"
"S3";"dTLB-loads";"26,800,448,394"
"S3";"dTLB-load-misses";"2,337,545"
"S3";"supported>";"<not"
"S3";"supported>";"<not"
"S3";"iTLB-loads";"12,571,287,923"
"S3";"iTLB-load-misses";"591,698"
"S3";"branch-loads";"8,207,482,118"
"S3";"branch-load-misses";"133,485,810"
" ";"seconds time elapsed";"472.413463574";" "
Performance,counter,stats,for,'./snap-aligner,single,/tmp/data/indexes/HG_index_snap,/tmp/data/datasets/NIST7086_CGTACTAG_L002_R2_001.fastq,-t,48,-o,"/scratch/077-hpca4se-bioinf/jlenis/results/SNAP-Scalability/2592631.SNAP-Scalability.batman.t48.sam':
"
"S0";"cache-misses";"1,846,553,516"
"S0";"cycles";"3,910,547,448,097"
"S0";"instructions";"2,120,671,868,471"
"S0";"cs";"297,211"
"S0";"migrations";"2,777"
"S0";"faults";"524,263"
"S0";"supported>";"<not"
"S0";"idle-cycles-frontend";"3,099,993,937,429"
"S0";"idle-cycles-backend";"2,239,822,744,172"
"S0";"L1-dcache-loads";"922,757,730,800"
"S0";"L1-dcache-load-misses";"31,664,147,785"
"S0";"L1-dcache-stores";"33,380,371,948"
"S0";"supported>";"<not"
"S0";"L1-dcache-prefetch-misses";"0"
"S0";"L1-icache-load-misses";"1,874,827,152"
"S0";"LLC-loads";"35,381,061,714"
"S0";"LLC-stores";"6,512,325,762"
"S0";"supported>";"<not"
"S0";"dTLB-loads";"916,934,557,794"
"S0";"dTLB-load-misses";"225,686,126"
"S0";"supported>";"<not"
"S0";"supported>";"<not"
"S0";"iTLB-loads";"608,528,183,618"
"S0";"iTLB-load-misses";"1,485,674"
"S0";"branch-loads";"344,993,185,512"
"S0";"branch-load-misses";"8,889,371,399"
"S1";"cache-misses";"2,355,613,852"
"S1";"cycles";"1,286,208,944,981"
"S1";"instructions";"691,286,078,671"
"S1";"cs";"101,260"
"S1";"migrations";"1,890"
"S1";"faults";"508,140"
"S1";"supported>";"<not"
"S1";"idle-cycles-frontend";"418,159,833,034"
"S1";"idle-cycles-backend";"235,927,762,084"
"S1";"L1-dcache-loads";"329,089,264,868"
"S1";"L1-dcache-load-misses";"4,878,365,015"
"S1";"L1-dcache-stores";"5,581,873,527"
"S1";"supported>";"<not"
"S1";"L1-dcache-prefetch-misses";"0"
"S1";"L1-icache-load-misses";"2,433,882,174"
"S1";"LLC-loads";"8,039,895,622"
"S1";"LLC-stores";"2,001,758,036"
"S1";"supported>";"<not"
"S1";"dTLB-loads";"324,810,137,826"
"S1";"dTLB-load-misses";"178,819,304"
"S1";"supported>";"<not"
"S1";"supported>";"<not"
"S1";"iTLB-loads";"280,989,323,943"
"S1";"iTLB-load-misses";"1,501,312"
"S1";"branch-loads";"100,649,371,071"
"S1";"branch-load-misses";"8,193,636,798"
"S2";"cache-misses";"1,487,648,094"
"S2";"cycles";"1,279,456,093,901"
"S2";"instructions";"690,868,697,582"
"S2";"cs";"132,829"
"S2";"migrations";"2,066"
"S2";"faults";"532,917"
"S2";"supported>";"<not"
"S2";"idle-cycles-frontend";"352,150,796,584"
"S2";"idle-cycles-backend";"226,697,195,946"
"S2";"L1-dcache-loads";"315,504,563,452"
"S2";"L1-dcache-load-misses";"4,112,372,958"
"S2";"L1-dcache-stores";"4,637,909,104"
"S2";"supported>";"<not"
"S2";"L1-dcache-prefetch-misses";"0"
"S2";"L1-icache-load-misses";"1,505,155,000"
"S2";"LLC-loads";"6,345,395,513"
"S2";"LLC-stores";"1,797,574,524"
"S2";"supported>";"<not"
"S2";"dTLB-loads";"329,866,183,928"
"S2";"dTLB-load-misses";"185,035,669"
"S2";"supported>";"<not"
"S2";"supported>";"<not"
"S2";"iTLB-loads";"281,986,088,875"
"S2";"iTLB-load-misses";"1,604,985"
"S2";"branch-loads";"101,201,158,938"
"S2";"branch-load-misses";"8,602,693,059"
"S3";"cache-misses";"893,327,340"
"S3";"cycles";"120,256,015,472"
"S3";"instructions";"44,126,645,451"
"S3";"cs";"201,406"
"S3";"migrations";"5,065"
"S3";"faults";"104,488"
"S3";"supported>";"<not"
"S3";"idle-cycles-frontend";"585,794,927,446"
"S3";"idle-cycles-backend";"46,022,765,204"
"S3";"L1-dcache-loads";"28,147,116,866"
"S3";"L1-dcache-load-misses";"1,226,219,578"
"S3";"L1-dcache-stores";"1,523,568,462"
"S3";"supported>";"<not"
"S3";"L1-dcache-prefetch-misses";"0"
"S3";"L1-icache-load-misses";"852,912,450"
"S3";"LLC-loads";"2,198,793,606"
"S3";"LLC-stores";"661,866,401"
"S3";"supported>";"<not"
"S3";"dTLB-loads";"28,499,761,227"
"S3";"dTLB-load-misses";"2,476,395"
"S3";"supported>";"<not"
"S3";"supported>";"<not"
"S3";"iTLB-loads";"17,129,870,296"
"S3";"iTLB-load-misses";"1,238,635"
"S3";"branch-loads";"8,812,370,013"
"S3";"branch-load-misses";"313,093,997"
" ";"seconds time elapsed";"1153.649937261";" "
Performance,counter,stats,for,'./snap-aligner,single,/tmp/data/indexes/HG_index_snap,/tmp/data/datasets/NIST7086_CGTACTAG_L002_R2_001.fastq,-t,64,-o,"/scratch/077-hpca4se-bioinf/jlenis/results/SNAP-Scalability/2592631.SNAP-Scalability.batman.t64.sam':
"
"S0";"cache-misses";"1,215,651,527"
"S0";"cycles";"1,197,647,132,815"
"S0";"instructions";"524,715,209,819"
"S0";"cs";"145,784"
"S0";"migrations";"1,778"
"S0";"faults";"385,417"
"S0";"supported>";"<not"
"S0";"idle-cycles-frontend";"426,635,276,615"
"S0";"idle-cycles-backend";"272,535,812,292"
"S0";"L1-dcache-loads";"247,283,902,916"
"S0";"L1-dcache-load-misses";"3,233,936,979"
"S0";"L1-dcache-stores";"3,630,741,072"
"S0";"supported>";"<not"
"S0";"L1-dcache-prefetch-misses";"0"
"S0";"L1-icache-load-misses";"1,235,439,675"
"S0";"LLC-loads";"4,968,768,197"
"S0";"LLC-stores";"1,433,597,687"
"S0";"supported>";"<not"
"S0";"dTLB-loads";"253,655,502,433"
"S0";"dTLB-load-misses";"167,750,610"
"S0";"supported>";"<not"
"S0";"supported>";"<not"
"S0";"iTLB-loads";"220,461,894,276"
"S0";"iTLB-load-misses";"1,529,161"
"S0";"branch-loads";"76,665,562,536"
"S0";"branch-load-misses";"6,365,873,121"
"S1";"cache-misses";"2,297,342,147"
"S1";"cycles";"1,236,208,179,381"
"S1";"instructions";"582,807,928,951"
"S1";"cs";"66,687"
"S1";"migrations";"459"
"S1";"faults";"368,714"
"S1";"supported>";"<not"
"S1";"idle-cycles-frontend";"339,771,094,129"
"S1";"idle-cycles-backend";"297,031,629,860"
"S1";"L1-dcache-loads";"276,619,103,608"
"S1";"L1-dcache-load-misses";"4,600,231,542"
"S1";"L1-dcache-stores";"5,120,796,110"
"S1";"supported>";"<not"
"S1";"L1-dcache-prefetch-misses";"0"
"S1";"L1-icache-load-misses";"2,134,563,541"
"S1";"LLC-loads";"7,287,127,727"
"S1";"LLC-stores";"1,907,553,289"
"S1";"supported>";"<not"
"S1";"dTLB-loads";"291,217,464,818"
"S1";"dTLB-load-misses";"210,407,717"
"S1";"supported>";"<not"
"S1";"supported>";"<not"
"S1";"iTLB-loads";"233,399,185,636"
"S1";"iTLB-load-misses";"1,530,669"
"S1";"branch-loads";"89,304,551,409"
"S1";"branch-load-misses";"6,404,387,030"
"S2";"cache-misses";"1,253,854,336"
"S2";"cycles";"1,192,315,383,613"
"S2";"instructions";"527,426,434,275"
"S2";"cs";"185,829"
"S2";"migrations";"1,431"
"S2";"faults";"385,117"
"S2";"supported>";"<not"
"S2";"idle-cycles-frontend";"353,646,544,035"
"S2";"idle-cycles-backend";"281,559,000,519"
"S2";"L1-dcache-loads";"246,895,303,060"
"S2";"L1-dcache-load-misses";"3,181,791,871"
"S2";"L1-dcache-stores";"3,900,419,110"
"S2";"supported>";"<not"
"S2";"L1-dcache-prefetch-misses";"0"
"S2";"L1-icache-load-misses";"1,221,687,173"
"S2";"LLC-loads";"5,190,367,729"
"S2";"LLC-stores";"1,805,787,027"
"S2";"supported>";"<not"
"S2";"dTLB-loads";"250,944,018,042"
"S2";"dTLB-load-misses";"165,877,724"
"S2";"supported>";"<not"
"S2";"supported>";"<not"
"S2";"iTLB-loads";"220,082,072,097"
"S2";"iTLB-load-misses";"1,448,592"
"S2";"branch-loads";"76,947,163,662"
"S2";"branch-load-misses";"6,401,836,176"
"S3";"cache-misses";"1,557,843,760"
"S3";"cycles";"1,800,985,715,713"
"S3";"instructions";"848,549,756,807"
"S3";"cs";"141,770"
"S3";"migrations";"1,217"
"S3";"faults";"381,108"
"S3";"supported>";"<not"
"S3";"idle-cycles-frontend";"885,898,993,989"
"S3";"idle-cycles-backend";"722,299,913,278"
"S3";"L1-dcache-loads";"378,214,351,934"
"S3";"L1-dcache-load-misses";"8,603,795,265"
"S3";"L1-dcache-stores";"10,425,378,646"
"S3";"supported>";"<not"
"S3";"L1-dcache-prefetch-misses";"0"
"S3";"L1-icache-load-misses";"1,476,161,535"
"S3";"LLC-loads";"12,091,498,062"
"S3";"LLC-stores";"3,891,615,051"
"S3";"supported>";"<not"
"S3";"dTLB-loads";"380,779,974,591"
"S3";"dTLB-load-misses";"160,275,604"
"S3";"supported>";"<not"
"S3";"supported>";"<not"
"S3";"iTLB-loads";"286,469,621,310"
"S3";"iTLB-load-misses";"1,688,022"
"S3";"branch-loads";"131,670,303,933"
"S3";"branch-load-misses";"6,372,496,729"
" ";"seconds time elapsed";"396.690970854";" "
